title,averageStar,quantity,tradeAmount,wishedCount,tradeAmount_num,category,log_quantity,log_wishedCount,log_tradeAmount,language,title_en,title_curto,pet_type
Mesh Litter Spatula Poop Remover Pet Cleaning Supplies Large Litter Spatula Tofu Litter Litter Box Cat Poop,0.0,9993,5 sold,0,5.0,Higiene,9.20974019190415,0.0,1.791759469228055,en,Mesh Litter Spatula Poop Remover Pet Cleaning Supplies Large Litter Spatula Tofu Litter Litter Box Cat Poop,Mesh Litter Spatula Poop,Gato
Rechargeable Mini Pet Communication Small Recording Button Cats Dogs Eating Speaking Voice Speaker Buttons Talk Training Ringing,5.0,1986,28 sold,64,28.0,Outros,7.594381242551817,4.174387269895637,3.367295829986474,en,Rechargeable Mini Pet Communication Small Recording Button Cats Dogs Eating Speaking Voice Speaker Buttons Talk Training Ringing,Rechargeable Mini Pet Communication,Cachorro
Dog Cooling Bed Mat Summer Puppy Cushion Soft Non-slip Pet Sleeping Mats for Small Medium Dogs Pet Accessories,4.5,529,20 sold,38,20.0,Conforto,6.272877006546167,3.6635616461296463,3.044522437723423,en,Dog Cooling Bed Mat Summer Puppy Cushion Soft Non-slip Pet Sleeping Mats for Small Medium Dogs Pet Accessories,Dog Cooling Bed Mat,Cachorro
Automatic Pet Feeder with Active RFID Technology Prevents Food Stealing Perfect for Prescription Diets Schedules Meals,0.0,10,0 sold,1,0.0,Alimentação,2.3978952727983707,0.6931471805599453,0.0,en,Automatic Pet Feeder with Active RFID Technology Prevents Food Stealing Perfect for Prescription Diets Schedules Meals,Automatic Pet Feeder with,Outros
Replace Plush Cat Toy Accessories Worms Replacement Head Funny Cat Stick Pet Toys 5/10/6/11 Pcs,4.9,102222,"1,000+ sold",418,1000.0,Brinquedos,11.53491198035571,6.037870919922137,6.90875477931522,en,Replace Plush Cat Toy Accessories Worms Replacement Head Funny Cat Stick Pet Toys 5/10/6/11 Pcs,Replace Plush Cat Toy,Gato
Pet Bell Cute Color 22mm Paint Christmas Decorations Keychain Charming Key Chain Accessories Candy Colors Colorful Bells,4.6,28,46 sold,25,46.0,Outros,3.367295829986474,3.258096538021482,3.8501476017100575,en,Pet Bell Cute Color 22mm Paint Christmas Decorations Keychain Charming Key Chain Accessories Candy Colors Colorful Bells,Pet Bell Cute Color,Outros
Dog Bed Super Soft Washable Four Seasons Common Pet Kennel Deep Sleep Dog House Velvet Mats Sofa Pet Cat Bed for Dog Basket,0.0,240,0 sold,1,0.0,Conforto,5.484796933490655,0.6931471805599453,0.0,no,Dog Bed Super Soft Washable Four Seasons Common Pet Kennel Deep Sleep Dog House Velvet Mats Sofa Pet Cat Bed for Dog Basket,Dog Bed Super Soft,Cachorro
Cats and Dogs Pet Plush Dinosaur Toys Interactive Dog Chew Toys Plush Stuffing Pet Supplies Dog Toys for Small Dogs,5.0,78,98 sold,85,98.0,Brinquedos,4.3694478524670215,4.454347296253507,4.59511985013459,en,Cats and Dogs Pet Plush Dinosaur Toys Interactive Dog Chew Toys Plush Stuffing Pet Supplies Dog Toys for Small Dogs,Cats and Dogs Pet,Cachorro
Dog Toys Pet Flying Disk Training Ring Puller Anti-Bite Floating Interactive Supplies Dog Toys Aggressive Chewing,4.8,1903,"1,000+ sold",572,1000.0,Brinquedos,7.55171221535131,6.35088571671474,6.90875477931522,en,Dog Toys Pet Flying Disk Training Ring Puller Anti-Bite Floating Interactive Supplies Dog Toys Aggressive Chewing,Dog Toys Pet Flying,Cachorro
3 in 1 Dog Steamer Brush Electric Spray Cat Hair Brush Comb Massage Pet Grooming Remove Tangles and Loose Hair Supplies Steamy,4.7,912,"2,000+ sold",1187,2000.0,Higiene,6.816735880594968,7.080026499922591,7.601402334583733,en,3 in 1 Dog Steamer Brush Electric Spray Cat Hair Brush Comb Massage Pet Grooming Remove Tangles and Loose Hair Supplies Steamy,3 in 1 Dog,Cachorro
Non-slip Cat Litter Mat With Gift Waterproof Double Layer Pet Litter Box Mat Sand Cat Pad Bed Mat Clean Pad Cat Accessories,4.8,275,445 sold,901,445.0,Conforto,5.62040086571715,6.804614520062624,6.100318952020064,en,Non-slip Cat Litter Mat With Gift Waterproof Double Layer Pet Litter Box Mat Sand Cat Pad Bed Mat Clean Pad Cat Accessories,Non-slip Cat Litter Mat,Gato
Dog Collapsible Bowl Folding Silicone Pet Travel Bowls Food Water Feeding BPA Free Foldable Cup Dish With Carabiner,4.9,69902,129 sold,146,129.0,Alimentação,11.154863845755866,4.990432586778736,4.867534450455582,en,Dog Collapsible Bowl Folding Silicone Pet Travel Bowls Food Water Feeding BPA Free Foldable Cup Dish With Carabiner,Dog Collapsible Bowl Folding,Cachorro
Pet Dog Cat Paw Print Ink Kit Pad Baby Handprint Footprint Safe Non-toxic Mess-free DIY Hand Footprint Easy Clean Pet Souvenir,4.7,918,500+ sold,411,500.0,Higiene,6.823286122355687,6.021023349349527,6.2166061010848646,en,Pet Dog Cat Paw Print Ink Kit Pad Baby Handprint Footprint Safe Non-toxic Mess-free DIY Hand Footprint Easy Clean Pet Souvenir,Pet Dog Cat Paw,Cachorro
Personalized Collar Pet ID Tag Custom Free Engraved Cat Dog Puppy Name Necklace Gold Paw Glitter Pendant Pet Accessories 3CM,4.6,7883,69 sold,93,69.0,Acessórios,8.97259066827261,4.543294782270004,4.248495242049359,en,Personalized Collar Pet ID Tag Custom Free Engraved Cat Dog Puppy Name Necklace Gold Paw Glitter Pendant Pet Accessories 3CM,Personalized Collar Pet ID,Cachorro
Electric Cat Toy Fish Pet Cat Toys Simulation Fish Swing Kitten Dance Fish Toy Funny Cats Chewing Playing Supplies USB Charging,4.7,244,"2,000+ sold",1694,2000.0,Brinquedos,5.501258210544727,7.43543801981455,7.601402334583733,en,Electric Cat Toy Fish Pet Cat Toys Simulation Fish Swing Kitten Dance Fish Toy Funny Cats Chewing Playing Supplies USB Charging,Electric Cat Toy Fish,Gato
Pets Stainless Steel Grooming Brush Two-Sided Shedding and Dematting Undercoat Rake Comb for Dog Cat Remove Knots Tangles Easily,4.8,449,"1,000+ sold",2464,1000.0,Conforto,6.1092475827643655,7.80994708647679,6.90875477931522,en,Pets Stainless Steel Grooming Brush Two-Sided Shedding and Dematting Undercoat Rake Comb for Dog Cat Remove Knots Tangles Easily,Pets Stainless Steel Grooming,Cachorro
Reusable Dog Pee Pad Blanket Absorbent Diaper Washable Puppy Training Pad Pet Bed Urine Mat for Pet Car Seat Cover Pet Supplies,4.7,3415,"1,000+ sold",2350,1000.0,Conforto,8.13622555490846,7.762596048540069,6.90875477931522,en,Reusable Dog Pee Pad Blanket Absorbent Diaper Washable Puppy Training Pad Pet Bed Urine Mat for Pet Car Seat Cover Pet Supplies,Reusable Dog Pee Pad,Cachorro
LED Glowing Dog Collars Rechargeable Waterproof Luminous Collar Adjustable Dog Night Light Collar Pet Dog Safety Necklace,4.6,122354,251 sold,275,251.0,Acessórios,11.71468193440279,5.62040086571715,5.529429087511423,en,LED Glowing Dog Collars Rechargeable Waterproof Luminous Collar Adjustable Dog Night Light Collar Pet Dog Safety Necklace,LED Glowing Dog Collars,Cachorro
Wooden Space Clear Capsule Holder DIY Modern Cat Shelves Hammock Pets Bed,0.0,2,1 sold,3,1.0,Conforto,1.0986122886681098,1.3862943611198906,0.6931471805599453,en,Wooden Space Clear Capsule Holder DIY Modern Cat Shelves Hammock Pets Bed,Wooden Space Clear Capsule,Gato
With 4 Way Lock Security Flap Door Dog Cat Flap Door For Dog Cat Kitten Cat Puppy Safety Gate Small Pet Supplies ABS Plastic,0.0,593,1 sold,0,1.0,Outros,6.386879319362645,0.0,0.6931471805599453,en,With 4 Way Lock Security Flap Door Dog Cat Flap Door For Dog Cat Kitten Cat Puppy Safety Gate Small Pet Supplies ABS Plastic,With 4 Way Lock,Cachorro
Disposable Pet Poop Bags Dog Poop Bag Bone Dispenser with Leash Clip Puppy Dog Products Supplies 5Roll(75Pcs) Bags,4.8,2976,164 sold,39,164.0,Acessórios,7.998671361015776,3.688879454113936,5.10594547390058,en,Disposable Pet Poop Bags Dog Poop Bag Bone Dispenser with Leash Clip Puppy Dog Products Supplies 5Roll(75Pcs) Bags,Disposable Pet Poop Bags,Cachorro
Cat Toys Cleaning Teeth Silvervine Chew Stick Pet Snacks Sticks Natural Stuff with Catnip for Kitten  Catnip Teasing Chew Toys,4.8,582,"1,000+ sold",552,1000.0,Brinquedos,6.368187186350492,6.315358001522335,6.90875477931522,en,Cat Toys Cleaning Teeth Silvervine Chew Stick Pet Snacks Sticks Natural Stuff with Catnip for Kitten  Catnip Teasing Chew Toys,Cat Toys Cleaning Teeth,Gato
Bathroom Puppy Big Dog Cat Bath Massage Gloves Brush Soft Safety Silicone Pet Accessories for Dogs Cats Tools Mascotas Products,4.8,507,"3,000+ sold",2568,3000.0,Higiene,6.230481447578482,7.851271997109883,8.006700845440367,en,Bathroom Puppy Big Dog Cat Bath Massage Gloves Brush Soft Safety Silicone Pet Accessories for Dogs Cats Tools Mascotas Products,Bathroom Puppy Big Dog,Cachorro
Waterproof Pet Mat for Dog Cat Silicone Pet Food Pad Pet Bowl Drinking Mat Dog Feeding Placemat easy Washing,4.8,59970,18 sold,9,18.0,Alimentação,11.001616391027698,2.302585092994046,2.9444389791664403,en,Waterproof Pet Mat for Dog Cat Silicone Pet Food Pad Pet Bowl Drinking Mat Dog Feeding Placemat easy Washing,Waterproof Pet Mat for,Cachorro
Cat Steam Brush Steamy Dog Brush 3 in 1 Electric Spray Cat Hair Brushes for Massage Pet Grooming Comb Hair Removal Combs,4.8,145,70 sold,103,70.0,Higiene,4.983606621708336,4.6443908991413725,4.262679877041316,en,Cat Steam Brush Steamy Dog Brush 3 in 1 Electric Spray Cat Hair Brushes for Massage Pet Grooming Comb Hair Removal Combs,Cat Steam Brush Steamy,Cachorro
"2pcs/3pcs Pet Knot Toy For Dog & Cat, Carrot Shape Dog Chew Toys, Cotton Rope Toys For Indoor Dogs, Cat Toys",0.0,191,8 sold,4,8.0,Brinquedos,5.2574953720277815,1.6094379124341005,2.19722457733622,en,"2pcs/3pcs Pet Knot Toy For Dog & Cat, Carrot Shape Dog Chew Toys, Cotton Rope Toys For Indoor Dogs, Cat Toys",2pcs/3pcs Pet Knot Toy,Cachorro
Pet door opening cat dog two way free access door opening suitable for installation of glass doors and wooden doors,4.3,602,5 sold,153,5.0,Outros,6.401917196727186,5.0369526024136295,1.791759469228055,en,Pet door opening cat dog two way free access door opening suitable for installation of glass doors and wooden doors,Pet door opening cat,Cachorro
Waste Bags Dispenser Flashlight Poop Break Holder Supplies Shape Garbage Carrier Pick-Up Leash Outdoor for Dog,0.0,16,2 sold,5,2.0,Acessórios,2.833213344056216,1.791759469228055,1.0986122886681098,en,Waste Bags Dispenser Flashlight Poop Break Holder Supplies Shape Garbage Carrier Pick-Up Leash Outdoor for Dog,Waste Bags Dispenser Flashlight,Cachorro
Pet Dog Sofa Bed Winter Warm Soft Nest Puppy Baskets Mat Kennel For Large Medium Small Dog Animals Accessories Supplies,4.0,21,23 sold,946,23.0,Conforto,3.091042453358316,6.853299093186078,3.1780538303479458,en,Pet Dog Sofa Bed Winter Warm Soft Nest Puppy Baskets Mat Kennel For Large Medium Small Dog Animals Accessories Supplies,Pet Dog Sofa Bed,Cachorro
Degradable Dog Poop Bag Dispenser LED light Waste Bags Holder Dispensers Poop Bags Set Dogs Trash Pets Clean Accessories,5.0,8,4 sold,5,4.0,Higiene,2.19722457733622,1.791759469228055,1.6094379124341005,en,Degradable Dog Poop Bag Dispenser LED light Waste Bags Holder Dispensers Poop Bags Set Dogs Trash Pets Clean Accessories,Degradable Dog Poop Bag,Cachorro
"Dog Shock Collar - Dog Training Collar for Dogs (8-140lbs) with Vibration, Electric Shock, Beep,Rechargeable and Waterproof with",5.0,39990,9 sold,45,9.0,Acessórios,10.596409707779776,3.828641396489095,2.302585092994046,en,"Dog Shock Collar - Dog Training Collar for Dogs (8-140lbs) with Vibration, Electric Shock, Beep,Rechargeable and Waterproof with",Dog Shock Collar -,Cachorro
Pet Toy Plush Sounding Pentagram Toy Pet Playing Fun Dog Toys Cat Toys Pet Supplies,4.9,327,134 sold,61,134.0,Brinquedos,5.793013608384144,4.127134385045092,4.90527477843843,en,Pet Toy Plush Sounding Pentagram Toy Pet Playing Fun Dog Toys Cat Toys Pet Supplies,Pet Toy Plush Sounding,Cachorro
Dog Poop Bags Dispenser LED Light Dog Waste Bag Holder Disposable Garbage Bag Case for Dogs Cats Outdoor Pets Clean Accessories,5.0,35,2 sold,3,2.0,Higiene,3.58351893845611,1.3862943611198906,1.0986122886681098,en,Dog Poop Bags Dispenser LED Light Dog Waste Bag Holder Disposable Garbage Bag Case for Dogs Cats Outdoor Pets Clean Accessories,Dog Poop Bags Dispenser,Cachorro
Pet Cat Bowl Automatic Feeder Water Dispenser Dog Cat Food Bowl with Drinking Raised Stand Double Dish Bowls for Cats Dogs Pet,3.7,3933,45 sold,15,45.0,Alimentação,8.277411998949004,2.772588722239781,3.828641396489095,en,Pet Cat Bowl Automatic Feeder Water Dispenser Dog Cat Food Bowl with Drinking Raised Stand Double Dish Bowls for Cats Dogs Pet,Pet Cat Bowl Automatic,Cachorro
Cat Automatic Water Dispenser Intelligent Water Supply Power Off with LED Lights USB Rechargeable Electric Pet Drinking Supplies,0.0,39987,13 sold,8,13.0,Conforto,10.59633468808707,2.19722457733622,2.6390573296152584,en,Cat Automatic Water Dispenser Intelligent Water Supply Power Off with LED Lights USB Rechargeable Electric Pet Drinking Supplies,Cat Automatic Water Dispenser,Gato
51-Inch Cat Tree Pet House with Hammock Scratching Post Tower,0.0,6,9 sold,42,9.0,Outros,1.9459101490553128,3.7612001156935615,2.302585092994046,en,51-Inch Cat Tree Pet House with Hammock Scratching Post Tower,51-Inch Cat Tree Pet,Gato
Pet Dog Treat Pouch Poop Dispenser Portable Multifunction Dog training bag Outdoor Travel Dog Bag Durable Pet accessories,4.9,258,333 sold,598,333.0,Alimentação,5.556828061699537,6.395261598115449,5.811140992976701,en,Pet Dog Treat Pouch Poop Dispenser Portable Multifunction Dog training bag Outdoor Travel Dog Bag Durable Pet accessories,Pet Dog Treat Pouch,Cachorro
Pet Toys for Small Dogs Rubber Resistance To Bite Dog Toy Teeth Cleaning Chew Training Toys Pet Supplies Puppy Dogs,4.6,59,349 sold,159,349.0,Brinquedos,4.0943445622221,5.075173815233827,5.857933154483459,en,Pet Toys for Small Dogs Rubber Resistance To Bite Dog Toy Teeth Cleaning Chew Training Toys Pet Supplies Puppy Dogs,Pet Toys for Small,Cachorro
Pet Dog Flap Door Smart Security 4 Way Lock ABS Kitten Plastic Door Controllable Switch Direction Dog Cat Gate S/M/L/XL 5 Colors,0.0,2,0 sold,12,0.0,Outros,1.0986122886681098,2.5649493574615367,0.0,en,Pet Dog Flap Door Smart Security 4 Way Lock ABS Kitten Plastic Door Controllable Switch Direction Dog Cat Gate S/M/L/XL 5 Colors,Pet Dog Flap Door,Cachorro
Dog Cooling Mat Summer Pad Pet Mat Bed for Dogs Cat Blanket Sofa Breathable Summer Washable Pet Supplies Accessories,4.5,37,332 sold,388,332.0,Conforto,3.6375861597263857,5.963579343618446,5.808142489980444,en,Dog Cooling Mat Summer Pad Pet Mat Bed for Dogs Cat Blanket Sofa Breathable Summer Washable Pet Supplies Accessories,Dog Cooling Mat Summer,Cachorro
6PCS Dog Toys Squeaker Latex Bouncy Ball Squeaky Rubber Dog Toy for My Dog Small Dogs Interactive Pet Supplies Dog Accessories,4.8,20,262 sold,196,262.0,Brinquedos,3.044522437723423,5.2832037287379885,5.572154032177765,en,6PCS Dog Toys Squeaker Latex Bouncy Ball Squeaky Rubber Dog Toy for My Dog Small Dogs Interactive Pet Supplies Dog Accessories,6PCS Dog Toys Squeaker,Cachorro
Cat House Plush Dog Sofa Beds Washable Warm Pet Dog Nest Cat Beds Thicken Comfortable Cat Cushion Dog Sleep Cat Furniture,0.0,4000,0 sold,1,0.0,Brinquedos,8.294299608857235,0.6931471805599453,0.0,en,Cat House Plush Dog Sofa Beds Washable Warm Pet Dog Nest Cat Beds Thicken Comfortable Cat Cushion Dog Sleep Cat Furniture,Cat House Plush Dog,Cachorro
Controllable Pet Gate Entry and Exit Door Cat Safe Hole Door Pet Gate Supplies Size S Brown,0.0,9,0 sold,0,0.0,Outros,2.302585092994046,0.0,0.0,en,Controllable Pet Gate Entry and Exit Door Cat Safe Hole Door Pet Gate Supplies Size S Brown,Controllable Pet Gate Entry,Gato
3-in-1 Dog Hair Brush Cat Hair Brush Electric Pet Cleaning Brush Steam Spray Brush Massage Hair Removal Comb Anti Flying Brush,4.7,18,500+ sold,202,500.0,Higiene,2.9444389791664403,5.313205979041787,6.2166061010848646,en,3-in-1 Dog Hair Brush Cat Hair Brush Electric Pet Cleaning Brush Steam Spray Brush Massage Hair Removal Comb Anti Flying Brush,3-in-1 Dog Hair Brush,Cachorro
1PC Teaser Feather Toys Kitten Funny Colorful Rod Cat Wand Toys Wood Pet Cat Toys Interactive Stick Pet Cat Supplies,4.8,266,448 sold,1932,448.0,Brinquedos,5.58724865840025,7.566828479208331,6.107022887742255,en,1PC Teaser Feather Toys Kitten Funny Colorful Rod Cat Wand Toys Wood Pet Cat Toys Interactive Stick Pet Cat Supplies,1PC Teaser Feather Toys,Gato
Funny Dog Recordable Pet Toys Travel Talking Pet Starters Pet Speaking Buttons Portable Cute Pet Supplies Communication Dog,4.8,516,"2,000+ sold",1802,2000.0,Brinquedos,6.248042874508429,7.497207223203318,7.601402334583733,en,Funny Dog Recordable Pet Toys Travel Talking Pet Starters Pet Speaking Buttons Portable Cute Pet Supplies Communication Dog,Funny Dog Recordable Pet,Cachorro
120 Rolls Dog Poop Bag Outdoor Cleaning Poop Bag Outdoor Clean Pets Supplies for Dog 15Bags/Roll Refill Garbage Bag Pet Supplies,4.7,269415,900+ sold,284,900.0,Higiene,12.504011932434604,5.652489180268651,6.803505257608338,en,120 Rolls Dog Poop Bag Outdoor Cleaning Poop Bag Outdoor Clean Pets Supplies for Dog 15Bags/Roll Refill Garbage Bag Pet Supplies,120 Rolls Dog Poop,Cachorro
20 Pcs Pet Hanger Supply Dog Clothes Storage Rack Plastic Coat Hangers Supplies Apparel,0.0,4,6 sold,2,6.0,Acessórios,1.6094379124341005,1.0986122886681098,1.9459101490553128,en,20 Pcs Pet Hanger Supply Dog Clothes Storage Rack Plastic Coat Hangers Supplies Apparel,20 Pcs Pet Hanger,Cachorro
Remote Control Cat Toy Smart Car Interactive Cat Toy Self Play Automatic Moving Cat Toy for Cats Boredom Busters Fun Cat Toy,0.0,7970,9 sold,16,9.0,Brinquedos,8.983565234427923,2.833213344056216,2.302585092994046,en,Remote Control Cat Toy Smart Car Interactive Cat Toy Self Play Automatic Moving Cat Toy for Cats Boredom Busters Fun Cat Toy,Remote Control Cat Toy,Gato
"Cuenco plegable portátil para Mascotas, alimentadores de silicona con gancho colgante, Artículos para Mascotas, comida para perros y gatos",4.7,1018,418 Vendidos,141,418.0,Alimentação,6.926577033222725,4.955827057601261,6.037870919922137,es,Portable Folding Pet Bowl Silicone Feeders with Hanging Hook Pet Supplies Dog Cat Food Bowl,Portable Folding Pet Bowl,Cachorro
"Triple Cat Bowls Pet Feeder, 2-in-1 Double Bowls with Automatic Drinking Bottle, Tilted and Rotatable Design for Cats and Dogs",4.6,38,320 sold,444,320.0,Alimentação,3.6635616461296463,6.09807428216624,5.771441123130016,en,"Triple Cat Bowls Pet Feeder, 2-in-1 Double Bowls with Automatic Drinking Bottle, Tilted and Rotatable Design for Cats and Dogs",Triple Cat Bowls Pet,Cachorro
"Interactive Cat Toys Ball, Automatic 360° Self-Rotating Rolling Ball with USB Rechargeable Pet Exercise Chase Toy Ball for Kitte",4.7,1189,"3,000+ sold",4249,3000.0,Brinquedos,7.081708586105575,8.354674261918463,8.006700845440367,en,"Interactive Cat Toys Ball, Automatic 360° Self-Rotating Rolling Ball with USB Rechargeable Pet Exercise Chase Toy Ball for Kitte","Interactive Cat Toys Ball,",Gato
"Extra Large Lamb Plush Dog Kennel with Cozy Bed, Soft Mat and Removable Pillow - Hot Selling Pet Products，   cat bed",0.0,1400,0 sold,1,0.0,Brinquedos,7.244941546337007,0.6931471805599453,0.0,en,"Extra Large Lamb Plush Dog Kennel with Cozy Bed, Soft Mat and Removable Pillow - Hot Selling Pet Products，   cat bed",Extra Large Lamb Plush,Cachorro
350ml Collapsible Dog Pet Folding Silicone Bowl Outdoor Travel Portable Puppy Food Container Feeder Dish Bowl Pet supplies,4.9,59192,600+ sold,235,600.0,Alimentação,10.98855857063757,5.4638318050256105,6.398594934535208,en,350ml Collapsible Dog Pet Folding Silicone Bowl Outdoor Travel Portable Puppy Food Container Feeder Dish Bowl Pet supplies,350ml Collapsible Dog Pet,Cachorro
Dog Cat Hair Removal Comb Pet Long Hair Short Hair Pet Grooming Care Brush Trimming Dematting Brush Dog Pet Grooming Equipment,4.9,482,"2,000+ sold",663,2000.0,Conforto,6.180016653652572,6.498282149476434,7.601402334583733,en,Dog Cat Hair Removal Comb Pet Long Hair Short Hair Pet Grooming Care Brush Trimming Dematting Brush Dog Pet Grooming Equipment,Dog Cat Hair Removal,Cachorro
Simulation Bird Interactive Cat Toys Electric Hanging Eagle Flying Bird Cat Teasering Play Cat Stick Scratch Rope Pet Toys,4.3,74,"2,000+ sold",2681,2000.0,Brinquedos,4.31748811353631,7.894318063841624,7.601402334583733,en,Simulation Bird Interactive Cat Toys Electric Hanging Eagle Flying Bird Cat Teasering Play Cat Stick Scratch Rope Pet Toys,Simulation Bird Interactive Cat,Gato
Funny Pet Toys Cartoon Cute Bite Resistant Plush Toy Pet Chew Toy For Cats Dogs Pet Interactive Supplies Pet Partner,0.0,209,16 sold,9,16.0,Brinquedos,5.3471075307174685,2.302585092994046,2.833213344056216,en,Funny Pet Toys Cartoon Cute Bite Resistant Plush Toy Pet Chew Toy For Cats Dogs Pet Interactive Supplies Pet Partner,Funny Pet Toys Cartoon,Cachorro
Large Pet Cat Dog Bed Square Plush Kennel Summer Washable Cat Mat Waterproof Mattress Pet Cushion Medium Large Dogs Pet Supplies,4.4,234,"1,000+ sold",1331,1000.0,Brinquedos,5.459585514144159,7.194436851100335,6.90875477931522,en,Large Pet Cat Dog Bed Square Plush Kennel Summer Washable Cat Mat Waterproof Mattress Pet Cushion Medium Large Dogs Pet Supplies,Large Pet Cat Dog,Cachorro
New sales pet cat toys cute plush fish Crucian fish simulation cat toy cat suitable for pet supplies,0.0,7999,1 sold,0,1.0,Brinquedos,8.987196820661973,0.0,0.6931471805599453,en,New sales pet cat toys cute plush fish Crucian fish simulation cat toy cat suitable for pet supplies,New sales pet cat,Gato
Pet Dog Shampoo Brush 2.7oz 80ml Cat Massage Comb Grooming Scrubber  for Bathing Short Hair Soft Silicone Rubber,4.8,184,"1,000+ sold",1004,1000.0,Higiene,5.220355825078324,6.912742820493176,6.90875477931522,en,Pet Dog Shampoo Brush 2.7oz 80ml Cat Massage Comb Grooming Scrubber  for Bathing Short Hair Soft Silicone Rubber,Pet Dog Shampoo Brush,Cachorro
Cat Mint Fish Toys Teasing Cat Stick Mogo Lady Kitter Self -relief doll Puppet puppet kitten pet supplies,0.0,7997,1 sold,1,1.0,Brinquedos,8.986946789406764,0.6931471805599453,0.6931471805599453,en,Cat Mint Fish Toys Teasing Cat Stick Mogo Lady Kitter Self -relief doll Puppet puppet kitten pet supplies,Cat Mint Fish Toys,Gato
Cat Interactive Ball Smart Cat DogToys Electronic Interactive Cat Toy Indoor Automatic Rolling Magic Ball Cat Game Accessories,4.3,4475,"10,000+ sold",7463,10000.0,Brinquedos,8.406485069431817,8.91784674252718,9.210440366976515,en,Cat Interactive Ball Smart Cat DogToys Electronic Interactive Cat Toy Indoor Automatic Rolling Magic Ball Cat Game Accessories,Cat Interactive Ball Smart,Cachorro
Super Soft Pet Finger Toothbrush Teddy Dog Brush Bad Breath Tartar Teeth Care Tool Dog Cat Cleaning Silicagel Pet Supplies,4.8,10342,"10,000+ sold",6480,10000.0,Higiene,9.244065241377804,8.776630098427717,9.210440366976515,en,Super Soft Pet Finger Toothbrush Teddy Dog Brush Bad Breath Tartar Teeth Care Tool Dog Cat Cleaning Silicagel Pet Supplies,Super Soft Pet Finger,Cachorro
Dog Toy Pet Molar Bite-resistant Cotton Rope Knot for Small Dog Puppy Relieving Stuffy Cleaning Teeth Pet Chew Toys,4.3,102,"1,000+ sold",695,1000.0,Brinquedos,4.634728988229636,6.54534966033442,6.90875477931522,en,Dog Toy Pet Molar Bite-resistant Cotton Rope Knot for Small Dog Puppy Relieving Stuffy Cleaning Teeth Pet Chew Toys,Dog Toy Pet Molar,Cachorro
1pc Pet Dog Cat Car Seat Belt Adjustable Harness Seatbelt for Small Medium Dogs Travel Pet Supplies,4.8,100,900+ sold,212,900.0,Acessórios,4.61512051684126,5.3612921657094255,6.803505257608338,en,1pc Pet Dog Cat Car Seat Belt Adjustable Harness Seatbelt for Small Medium Dogs Travel Pet Supplies,1pc Pet Dog Cat,Cachorro
Pet Cat Hair Removal Comb Brush Dog Grooming Shedding Tools Puppy Hair Shedding Trimmer Pet Fur Trimming Dematting Deshedd Combs,4.8,142,"2,000+ sold",700,2000.0,Conforto,4.962844630259907,6.55250788703459,7.601402334583733,en,Pet Cat Hair Removal Comb Brush Dog Grooming Shedding Tools Puppy Hair Shedding Trimmer Pet Fur Trimming Dematting Deshedd Combs,Pet Cat Hair Removal,Cachorro
DownyPaws 4000mAh Smart Cat Odor Purifier For Cat Litter Box Deodorizer Pet Toilet Air Purifier Dog Cat Litter Deodorant,4.7,530,"5,000+ sold",14261,5000.0,Sanitário,6.274762021241939,9.565353936588249,8.517393171418904,en,DownyPaws 4000mAh Smart Cat Odor Purifier For Cat Litter Box Deodorizer Pet Toilet Air Purifier Dog Cat Litter Deodorant,DownyPaws 4000mAh Smart Cat,Cachorro
Pet Bark Collar - Pet Dog Sound-Controlled Bark Collar - Bark Training Dog Collar - Pet Training Supplies,0.0,989,1 sold,1,1.0,Acessórios,6.897704943128636,0.6931471805599453,0.6931471805599453,en,Pet Bark Collar - Pet Dog Sound-Controlled Bark Collar - Bark Training Dog Collar - Pet Training Supplies,Pet Bark Collar -,Cachorro
Natural Rubber Pet Dog Toys Dog Chew Toys Tooth Cleaning Treat Ball Extra-tough Interactive Elasticity Ball5cm for Pet Products,0.0,183,117 sold,20,117.0,Brinquedos,5.214935757608986,3.044522437723423,4.770684624465665,en,Natural Rubber Pet Dog Toys Dog Chew Toys Tooth Cleaning Treat Ball Extra-tough Interactive Elasticity Ball5cm for Pet Products,Natural Rubber Pet Dog,Cachorro
Dog Poop Bag Outdoor Cleaning Poop Bag Outdoor Clean Pets Supplies for Dog 15Bags/Roll Refill Garbage Bag Pet Supplies,0.0,1998,1 sold,0,1.0,Higiene,7.6004023345004,0.0,0.6931471805599453,en,Dog Poop Bag Outdoor Cleaning Poop Bag Outdoor Clean Pets Supplies for Dog 15Bags/Roll Refill Garbage Bag Pet Supplies,Dog Poop Bag Outdoor,Cachorro
Pet Steam Brush Cat Dog Cleaning Steamy Spray Massage Beauty Comb 3 In 1 Hair Removal Grooming Supplies Pets Accessories,4.7,1938,"4,000+ sold",3458,4000.0,Higiene,7.569927655242652,8.148734808937169,8.294299608857235,en,Pet Steam Brush Cat Dog Cleaning Steamy Spray Massage Beauty Comb 3 In 1 Hair Removal Grooming Supplies Pets Accessories,Pet Steam Brush Cat,Cachorro
Dog Car Seat Belt Safety Protector Travel Pets Accessories Dog Leash Collar Breakaway Solid Car Harness,4.7,1158,"10,000+ sold",6097,10000.0,Acessórios,7.055312843339752,8.7157161275482,9.210440366976515,en,Dog Car Seat Belt Safety Protector Travel Pets Accessories Dog Leash Collar Breakaway Solid Car Harness,Dog Car Seat Belt,Cachorro
2023 Release Pet Dog Repeller Ultrasonic Dog Training Device Rechargeable Anti Dog Bark Deterrent Device With LED Flashlight,4.8,65,95 sold,131,95.0,Outros,4.189654742026425,4.882801922586371,4.564348191467836,en,2023 Release Pet Dog Repeller Ultrasonic Dog Training Device Rechargeable Anti Dog Bark Deterrent Device With LED Flashlight,2023 Release Pet Dog,Cachorro
New Hot Pet Dog Toy Squeak Plush Toys For Dogs Supplies Fit for All Puppy Pet Sound Funny Durable Chew Molar  Cute Pets Supplies,4.8,27,312 sold,226,312.0,Brinquedos,3.332204510175204,5.424950017481403,5.746203190540153,en,New Hot Pet Dog Toy Squeak Plush Toys For Dogs Supplies Fit for All Puppy Pet Sound Funny Durable Chew Molar  Cute Pets Supplies,New Hot Pet Dog,Cachorro
Biodegradable Pet Supplies Dog Poop Bags for Waste Refuse Cleanup (15 Bag/ Roll)Puppy Cat Pooper Scooper Bag Rolls Outdoor Clean,4.8,8914,500+ sold,121,500.0,Higiene,9.09549053029724,4.804021044733257,6.2166061010848646,en,Biodegradable Pet Supplies Dog Poop Bags for Waste Refuse Cleanup (15 Bag/ Roll)Puppy Cat Pooper Scooper Bag Rolls Outdoor Clean,Biodegradable Pet Supplies Dog,Cachorro
Cat Tunnel Foldable Cat Tunnel Pet Supplies Cat S T Y Pass Play Tunnel   Cat Toy Breathable Drill Barrel for Indoor loud paper,5.0,383,466 sold,452,466.0,Brinquedos,5.950642552587727,6.115892125483034,6.1463292576688975,en,Cat Tunnel Foldable Cat Tunnel Pet Supplies Cat S T Y Pass Play Tunnel   Cat Toy Breathable Drill Barrel for Indoor loud paper,Cat Tunnel Foldable Cat,Gato
Pet Dog Toys for Large Small Dogs Toy Interactive Cotton Rope Mini Dog Toys Ball for Dogs Accessories Toothbrush Chew Puppy Toy,4.7,152,500+ sold,202,500.0,Brinquedos,5.030437921392435,5.313205979041787,6.2166061010848646,en,Pet Dog Toys for Large Small Dogs Toy Interactive Cotton Rope Mini Dog Toys Ball for Dogs Accessories Toothbrush Chew Puppy Toy,Pet Dog Toys for,Cachorro
Cat Toy Training Entertainment Fish Plush Stuffed Pillow 20Cm Simulation Fish Cat Toy Fish Interactive Pet Chew Toy Pet Supplies,4.8,468,"1,000+ sold",544,1000.0,Brinquedos,6.150602768446279,6.300785794663244,6.90875477931522,en,Cat Toy Training Entertainment Fish Plush Stuffed Pillow 20Cm Simulation Fish Cat Toy Fish Interactive Pet Chew Toy Pet Supplies,Cat Toy Training Entertainment,Gato
Cat Tassel Toy Plush Balls Cat Teaser Wand Cat Interactive Toys Funny Bell Ribbon PoleTeaser Wand Pet Cat Supplies Cat Accessory,5.0,120,354 sold,309,354.0,Brinquedos,4.795790545596741,5.736572297479192,5.872117789475416,en,Cat Tassel Toy Plush Balls Cat Teaser Wand Cat Interactive Toys Funny Bell Ribbon PoleTeaser Wand Pet Cat Supplies Cat Accessory,Cat Tassel Toy Plush,Gato
Cat Bed House Kennel Nest Round Pets Sleeping Cave Kitten Beds Pet Basket Cozy Kitten Lounger Cushion Cat House Tent Dog House,0.0,29740,304 sold,263,304.0,Conforto,10.30028184419666,5.575949103146316,5.720311776607412,en,Cat Bed House Kennel Nest Round Pets Sleeping Cave Kitten Beds Pet Basket Cozy Kitten Lounger Cushion Cat House Tent Dog House,Cat Bed House Kennel,Cachorro
"Dog Harness, No-Pull Pet Harness with 2 Leash Clips, Adjustable Soft Padded Dog Vest, Black",4.6,49,375 sold,250,375.0,Acessórios,3.912023005428146,5.525452939131784,5.929589143389895,en,"Dog Harness, No-Pull Pet Harness with 2 Leash Clips, Adjustable Soft Padded Dog Vest, Black","Dog Harness, No-Pull Pet",Cachorro
Bathroom  Puppy Big Dog Cat Bath Massage Gloves Brush Soft Safety Silicone Pet Accessories for Dogs Cats Tools Mascotas Products,4.8,1332,"10,000+ sold",14203,10000.0,Higiene,7.195187320178709,9.561278894062978,9.210440366976515,en,Bathroom  Puppy Big Dog Cat Bath Massage Gloves Brush Soft Safety Silicone Pet Accessories for Dogs Cats Tools Mascotas Products,Bathroom Puppy Big Dog,Cachorro
Simulation Bird Interactive Funny Cat Stick Toy Furry Feather Bird With Bell Sucker Cat Stick Toy Kitten Playing Pet Accessories,4.7,5586,"1,000+ sold",2505,1000.0,Brinquedos,8.628197749459149,7.826443135456014,6.90875477931522,en,Simulation Bird Interactive Funny Cat Stick Toy Furry Feather Bird With Bell Sucker Cat Stick Toy Kitten Playing Pet Accessories,Simulation Bird Interactive Funny,Gato
1 PCS Outdoor Training Whistle Dogs Repeller Pet Training Whistle Anti Bark Dogs Training Flute Pet Supplies Dog Pet Accessories,4.1,183,316 sold,261,316.0,Outros,5.214935757608986,5.568344503761097,5.75890177387728,en,1 PCS Outdoor Training Whistle Dogs Repeller Pet Training Whistle Anti Bark Dogs Training Flute Pet Supplies Dog Pet Accessories,1 PCS Outdoor Training,Cachorro
Barking Stopper Dog Trainer Pet Supplies Electric Shock Collar Neck Ring Dog Training Waterproof,5.0,3972,29 sold,9,29.0,Acessórios,8.287276755814599,2.302585092994046,3.4011973816621555,en,Barking Stopper Dog Trainer Pet Supplies Electric Shock Collar Neck Ring Dog Training Waterproof,Barking Stopper Dog Trainer,Cachorro
Dog's Outdoor Play Ball Training Toy Thick Rubber TPU Molar Ball small-breed dog Large Breed Dog interactive game Toy,5.0,320,13 sold,91,13.0,Brinquedos,5.771441123130016,4.5217885770490405,2.6390573296152584,en,Dog's Outdoor Play Ball Training Toy Thick Rubber TPU Molar Ball small-breed dog Large Breed Dog interactive game Toy,Dog's Outdoor Play Ball,Cachorro
Collapsible Pet Silicone Dog Food Water Bowl Outdoor Camping Travel Portable Folding  Supplies   Dishes with Carabiner,4.8,1736,"1,000+ sold",2478,1000.0,Alimentação,7.459914766241105,7.8156105320351905,6.90875477931522,en,Collapsible Pet Silicone Dog Food Water Bowl Outdoor Camping Travel Portable Folding  Supplies   Dishes with Carabiner,Collapsible Pet Silicone Dog,Cachorro
Pet Toothbrush Stick Dog Toy For Medium Large Dog Interactive Bone Chew Toys Bite Resistant Teeth Clean Labrador Beagle Supplies,0.0,153,3 sold,2,3.0,Brinquedos,5.0369526024136295,1.0986122886681098,1.3862943611198906,en,Pet Toothbrush Stick Dog Toy For Medium Large Dog Interactive Bone Chew Toys Bite Resistant Teeth Clean Labrador Beagle Supplies,Pet Toothbrush Stick Dog,Cachorro
"Pet Oral Teeth Cleaning Breath Freshener Spray,Dogs Mouth Breath Bad Calculus Pet Supplies Mouth RemoveKitten Fresh Cats Pr H9F1",0.0,92,1 sold,0,1.0,Higiene,4.532599493153256,0.0,0.6931471805599453,en,"Pet Oral Teeth Cleaning Breath Freshener Spray,Dogs Mouth Breath Bad Calculus Pet Supplies Mouth RemoveKitten Fresh Cats Pr H9F1",Pet Oral Teeth Cleaning,Cachorro
Kitten Toys Variety Pack-Pet Cat Toys Combination Set Cat Toy Funny Cat Stick Sisal Mouse Bell Ball Cat Supplies,4.9,126,"1,000+ sold",1221,1000.0,Brinquedos,4.844187086458591,7.108244139731541,6.90875477931522,en,Kitten Toys Variety Pack-Pet Cat Toys Combination Set Cat Toy Funny Cat Stick Sisal Mouse Bell Ball Cat Supplies,Kitten Toys Variety Pack-Pet,Gato
Steamy Dog Brush Electric Spray Cat Hair Brush 3 in1 Dog Steamer Brush for Massage Pet Grooming Removing Tangled and Loose Hair,4.6,16105,"3,000+ sold",2384,3000.0,Higiene,9.68694715235549,7.776954403322442,8.006700845440367,en,Steamy Dog Brush Electric Spray Cat Hair Brush 3 in1 Dog Steamer Brush for Massage Pet Grooming Removing Tangled and Loose Hair,Steamy Dog Brush Electric,Cachorro
Pet Bathing Brush Soft Silicone Massager Shower Gel Bathing Brush Clean Tools Comb Puppy Big Dog Cat Cleaning Grooming Supplies,4.8,716,83 sold,6,83.0,Higiene,6.57507584059962,1.9459101490553128,4.430816798843313,en,Pet Bathing Brush Soft Silicone Massager Shower Gel Bathing Brush Clean Tools Comb Puppy Big Dog Cat Cleaning Grooming Supplies,Pet Bathing Brush Soft,Cachorro
高品質の生分解性ドッグトイバッグ、屋外ホームクリーニングバッグディスペンサー、ロールあたり15バッグ、9ロール、16ロール、32ロール,4.8,2934,170 点販売,137,170.0,Brinquedos,7.984462732262196,4.927253685157205,5.14166355650266,ja,"High quality biodegradable dog toy bags, outdoor home cleaning bag dispenser, 15 bags per roll, 9 rolls, 16 rolls, 32 rolls",High quality biodegradable dog,Cachorro
Nylon LED Night Safety Flashing Glow In The Dark Dog Leash Dogs Luminous Fluorescent Pet Dog Collar,4.5,4858,"5,000+ sold",5338,5000.0,Acessórios,8.488587934405903,8.582793648500186,8.517393171418904,en,Nylon LED Night Safety Flashing Glow In The Dark Dog Leash Dogs Luminous Fluorescent Pet Dog Collar,Nylon LED Night Safety,Cachorro
Dog Gate Ingenious Mesh Dog Fence For Indoor and Outdoor Safe Pet Dog gate Safety Enclosure Pet supplies  baby safety gate,3.7,328,600+ sold,3156,600.0,Outros,5.796057750765372,8.057377488557991,6.398594934535208,en,Dog Gate Ingenious Mesh Dog Fence For Indoor and Outdoor Safe Pet Dog gate Safety Enclosure Pet supplies  baby safety gate,Dog Gate Ingenious Mesh,Cachorro
Splicing Cat Toy Felt Pom Nest Deformable Kitten Tunnel Collapsible Tube House Tunnel Interactive Pet Pusscat Security Sense,4.5,196431,500+ sold,8096,500.0,Brinquedos,12.188071594420622,8.999248901686114,6.2166061010848646,en,Splicing Cat Toy Felt Pom Nest Deformable Kitten Tunnel Collapsible Tube House Tunnel Interactive Pet Pusscat Security Sense,Splicing Cat Toy Felt,Gato
Food Pet Pouch With Rotatable Carabiner For Puppy Pet Supplies Portable Dog Treat Bag Tactical Durable Lightweight,0.0,58,1 sold,1,1.0,Alimentação,4.07753744390572,0.6931471805599453,0.6931471805599453,en,Food Pet Pouch With Rotatable Carabiner For Puppy Pet Supplies Portable Dog Treat Bag Tactical Durable Lightweight,Food Pet Pouch With,Cachorro
"Dog Anti Flea And Tick Collars,Pet 8Month Protection Adjustable Collar For Large Dog Puppy Cat, Dogs Accessories",4.7,2595,"3,000+ sold",912,3000.0,Acessórios,7.86172707782398,6.816735880594968,8.006700845440367,en,"Dog Anti Flea And Tick Collars,Pet 8Month Protection Adjustable Collar For Large Dog Puppy Cat, Dogs Accessories",Dog Anti Flea And,Cachorro
Flea Remover Hook Tick Removal Tweezer Ticks Pull Pet Cat Dog Accessaries Scratching Extractor Mite Tweezers Comb Louses Pliers,4.7,61,360 sold,304,360.0,Outros,4.127134385045092,5.720311776607412,5.8888779583328805,en,Flea Remover Hook Tick Removal Tweezer Ticks Pull Pet Cat Dog Accessaries Scratching Extractor Mite Tweezers Comb Louses Pliers,Flea Remover Hook Tick,Cachorro
Dog Toy Tumbler Leaky Food Ball Elliptical Track Rolling Ball Slowly Feeding Protects Stomach Increase Intelligence Pet Supplies,4.7,4,"1,000+ sold",1693,1000.0,Brinquedos,1.6094379124341005,7.434847875211999,6.90875477931522,en,Dog Toy Tumbler Leaky Food Ball Elliptical Track Rolling Ball Slowly Feeding Protects Stomach Increase Intelligence Pet Supplies,Dog Toy Tumbler Leaky,Cachorro
"2 Packs Extra Large Reusable Dog Mat for Floor,Crate  48""x48""-Grey",0.0,9,0 sold,0,0.0,Conforto,2.302585092994046,0.0,0.0,en,"2 Packs Extra Large Reusable Dog Mat for Floor,Crate  48""x48""-Grey",2 Packs Extra Large,Cachorro
"7.5 x 7.5 x 5.6 foot outdoor dog house with roof and bowl,large dog house fence with side rails, heavy-duty chain link dog house",5.0,18,8 sold,35,8.0,Alimentação,2.9444389791664403,3.58351893845611,2.19722457733622,en,"7.5 x 7.5 x 5.6 foot outdoor dog house with roof and bowl,large dog house fence with side rails, heavy-duty chain link dog house",7.5 x 7.5 x,Cachorro
10ml/Bottle and 60Pcs Pet Wet Wipes For Pet Dog Cat Eye Tear Ear Stain Remover Cleaning Round Pad Grooming Wipes Pet Supplies,0.0,1,1 sold,3,1.0,Higiene,0.6931471805599453,1.3862943611198906,0.6931471805599453,en,10ml/Bottle and 60Pcs Pet Wet Wipes For Pet Dog Cat Eye Tear Ear Stain Remover Cleaning Round Pad Grooming Wipes Pet Supplies,10ml/Bottle and 60Pcs Pet,Cachorro
Steamy Dog Brush Electric Spray Cat Hair Brush Magic Massage Comb 3 In 1 Hair Removal Grooming Supplies Pet Grooming Tools,0.0,1375,28 sold,16,28.0,Higiene,7.226936018493289,2.833213344056216,3.367295829986474,en,Steamy Dog Brush Electric Spray Cat Hair Brush Magic Massage Comb 3 In 1 Hair Removal Grooming Supplies Pet Grooming Tools,Steamy Dog Brush Electric,Cachorro
Bathroom Puppy Dog Cat Bath Massage Gloves Brush Soft Safety Silicone Pet Accessories for Dogs Cats Tools Mascotas Products,4.7,40115,"3,000+ sold",3047,3000.0,Higiene,10.599530536208098,8.022240916806537,8.006700845440367,en,Bathroom Puppy Dog Cat Bath Massage Gloves Brush Soft Safety Silicone Pet Accessories for Dogs Cats Tools Mascotas Products,Bathroom Puppy Dog Cat,Cachorro
Dog Chewing Toy Cotton Slipper Rope Toy for Small Large Dogs  Pet Teeth Training Molar Toys Interactive Dog Toy Dog Accessories,4.4,26,211 sold,131,211.0,Brinquedos,3.295836866004329,4.882801922586371,5.356586274672012,en,Dog Chewing Toy Cotton Slipper Rope Toy for Small Large Dogs  Pet Teeth Training Molar Toys Interactive Dog Toy Dog Accessories,Dog Chewing Toy Cotton,Cachorro
Cat Litter pedal Waterproof Pet Litter Box Mat Non-slip Pet Bedpans Cleaning Pad Washable Cat litter mat Bed Supplies,4.0,9,4 sold,6,4.0,Conforto,2.302585092994046,1.9459101490553128,1.6094379124341005,en,Cat Litter pedal Waterproof Pet Litter Box Mat Non-slip Pet Bedpans Cleaning Pad Washable Cat litter mat Bed Supplies,Cat Litter pedal Waterproof,Gato
20KG Pet Cat Hammock Hanging Cat Bed Bearing Comfortable Cat Sunny Window Seat Mount Kitten Climbing Frame Pet Accessories,4.7,223,"1,000+ sold",1314,1000.0,Conforto,5.41164605185504,7.181591944611865,6.90875477931522,en,20KG Pet Cat Hammock Hanging Cat Bed Bearing Comfortable Cat Sunny Window Seat Mount Kitten Climbing Frame Pet Accessories,20KG Pet Cat Hammock,Gato
Pet Products Thermo-Pet Cave Heated Cat Bed,0.0,120,0 sold,2,0.0,Conforto,4.795790545596741,1.0986122886681098,0.0,en,Pet Products Thermo-Pet Cave Heated Cat Bed,Pet Products Thermo-Pet Cave,Gato
Pet Dog Harness Reflective Adjustable Breathable Vest Chest Strap for Small Medium Large Dogs Cat Puppy Collar Dog Accessoires,4.7,7007,800+ sold,876,800.0,Acessórios,8.854807632616227,6.776506992372183,6.68586094706836,en,Pet Dog Harness Reflective Adjustable Breathable Vest Chest Strap for Small Medium Large Dogs Cat Puppy Collar Dog Accessoires,Pet Dog Harness Reflective,Cachorro
Funny Simulated Animal No Stuffing Dog Toy with Squeakers DurablePlush Dog Chew Toy Crinkle Pet Squeak Toy Pet Supplies,4.8,305,"1,000+ sold",659,1000.0,Brinquedos,5.723585101952381,6.492239835020471,6.90875477931522,en,Funny Simulated Animal No Stuffing Dog Toy with Squeakers DurablePlush Dog Chew Toy Crinkle Pet Squeak Toy Pet Supplies,Funny Simulated Animal No,Cachorro
Super Soft Pet Finger Toothbrush Dog Brush Bad Breath Tartar Teeth Care Tool Dog Pet Supplies Cepillo Para Perro,4.7,2156,"1,000+ sold",835,1000.0,Higiene,7.676473646389156,6.728628613084702,6.90875477931522,en,Super Soft Pet Finger Toothbrush Dog Brush Bad Breath Tartar Teeth Care Tool Dog Pet Supplies Cepillo Para Perro,Super Soft Pet Finger,Cachorro
HOOPET Dog Toy Six Tennis Balls Bite-resistant Dogs Puppy Teddy Training Product Pet Supplies,4.9,21,293 sold,463,293.0,Brinquedos,3.091042453358316,6.139884552226255,5.683579767338681,en,HOOPET Dog Toy Six Tennis Balls Bite-resistant Dogs Puppy Teddy Training Product Pet Supplies,HOOPET Dog Toy Six,Cachorro
Dogs  Interactive Toys Soft TPR Toys for Dog Pet Teeth Cleaning Bite Resistance Squeaky Dog Ball Toy,4.7,3329,"10,000+ sold",4246,10000.0,Brinquedos,8.110727582974489,8.353968130313271,9.210440366976515,en,Dogs  Interactive Toys Soft TPR Toys for Dog Pet Teeth Cleaning Bite Resistance Squeaky Dog Ball Toy,Dogs Interactive Toys Soft,Cachorro
scgk bouncy egg Dog Toys Funny Ball Squeaky Latex Bouncy Egg with Squeaker for Puppy Small Pet Dogs Soft Rubber Sound,4.9,44,248 sold,241,248.0,Brinquedos,3.80666248977032,5.488937726156687,5.517452896464707,en,scgk bouncy egg Dog Toys Funny Ball Squeaky Latex Bouncy Egg with Squeaker for Puppy Small Pet Dogs Soft Rubber Sound,scgk bouncy egg Dog,Cachorro
Leaky Food Ball Strange Barking Sound Grinding Teeth Resistant Bite Vocal Toys Educational Ball Medium Pet Supplies,4.6,95,384 sold,219,384.0,Brinquedos,4.564348191467836,5.393627546352362,5.953243334287785,en,Leaky Food Ball Strange Barking Sound Grinding Teeth Resistant Bite Vocal Toys Educational Ball Medium Pet Supplies,Leaky Food Ball Strange,Gato
"1pc, Dog Cooling Mat, Pet Cooling Pad, Summer Cooling Mat For-Dogs Cats, Pet Dog Self Cooling Mat, Pet Supplies",4.0,393,7 sold,11,7.0,Conforto,5.976350909297934,2.4849066497880004,2.079441541679836,en,"1pc, Dog Cooling Mat, Pet Cooling Pad, Summer Cooling Mat For-Dogs Cats, Pet Dog Self Cooling Mat, Pet Supplies","1pc, Dog Cooling Mat,",Cachorro
Harnesses for Dogs Rope Puppy Dog Collar Clothes Vest Chest Reflective and Breathable Adjustable Outdoor Walking Pet Supplies,4.9,2857,600+ sold,429,600.0,Acessórios,7.957877358489813,6.063785208687608,6.398594934535208,en,Harnesses for Dogs Rope Puppy Dog Collar Clothes Vest Chest Reflective and Breathable Adjustable Outdoor Walking Pet Supplies,Harnesses for Dogs Rope,Cachorro
Pet Cleaning Tool Metal Aluminum Alloy Cat Litter Scoop Stainless Steel Durable Handle Pet Poop Shovel,4.7,532,"2,000+ sold",3362,2000.0,Higiene,6.278521424165844,8.12058871174027,7.601402334583733,en,Pet Cleaning Tool Metal Aluminum Alloy Cat Litter Scoop Stainless Steel Durable Handle Pet Poop Shovel,Pet Cleaning Tool Metal,Gato
"Yellow Duck bubble pet cleaning machine, USB charging, automatic soap dispenser cat machine, electric bubble cleaning, pet Accessories",5.0,70,52 sold,41,52.0,Conforto,4.262679877041316,3.737669618283368,3.970291913552122,en,"Yellow Duck bubble pet cleaning machine, USB charging, automatic soap dispenser cat machine, electric bubble cleaning, pet Accessories",Yellow Duck bubble pet,Gato
Reflective Dog Harness For Small Medium Dogs Cats No Pull Puppy Breathable Mesh Adjustable Harnesses Chihuahua Pug Pet Supplies,0.0,341,10 sold,3,10.0,Acessórios,5.834810737062605,1.3862943611198906,2.3978952727983707,en,Reflective Dog Harness For Small Medium Dogs Cats No Pull Puppy Breathable Mesh Adjustable Harnesses Chihuahua Pug Pet Supplies,Reflective Dog Harness For,Cachorro
Soft Cat Bed Mats Short Plush Pet Sleeping Bed Mats for Cats Small Dogs Cute Pet Pad Blanket Warm Kitten Cushion Cat Accessories,4.8,573,"2,000+ sold",5223,2000.0,Brinquedos,6.352629396319567,8.561018670956267,7.601402334583733,en,Soft Cat Bed Mats Short Plush Pet Sleeping Bed Mats for Cats Small Dogs Cute Pet Pad Blanket Warm Kitten Cushion Cat Accessories,Soft Cat Bed Mats,Cachorro
Cat Interactive Feather Toys Pet Bumbler Funny Toy Interactive Cats Toys Cat Rolling Teaser Feather Wand Toys Rotating Ball,4.9,49872,163 sold,1365,163.0,Brinquedos,10.817235053137502,7.219642040130735,5.099866427824199,en,Cat Interactive Feather Toys Pet Bumbler Funny Toy Interactive Cats Toys Cat Rolling Teaser Feather Wand Toys Rotating Ball,Cat Interactive Feather Toys,Gato
Dog Muzzle Puppy and Large Dog Anti Barking Adjustable Anti-biting Mesh Breathable Soft Pet Mouth Muzzles Straps Doggie Supplies,4.4,143,"1,000+ sold",654,1000.0,Outros,4.969813299576001,6.484635235635252,6.90875477931522,en,Dog Muzzle Puppy and Large Dog Anti Barking Adjustable Anti-biting Mesh Breathable Soft Pet Mouth Muzzles Straps Doggie Supplies,Dog Muzzle Puppy and,Cachorro
Pet Dog Toy Plush Toy Dog Supplies For All Puppy Pets Funny Durable Chewing Teeth,4.3,151,268 sold,159,268.0,Brinquedos,5.0238805208462765,5.075173815233827,5.594711379601839,en,Pet Dog Toy Plush Toy Dog Supplies For All Puppy Pets Funny Durable Chewing Teeth,Pet Dog Toy Plush,Cachorro
Premium Felt Cat Bed Cave - Handmade 100% Merino Wool Bed for Cats and Kittens,0.0,240,0 sold,1,0.0,Conforto,5.484796933490655,0.6931471805599453,0.0,en,Premium Felt Cat Bed Cave - Handmade 100% Merino Wool Bed for Cats and Kittens,Premium Felt Cat Bed,Gato
Pet Pills Applicator Cats Dogs Syringe Medicine Feeder Insect Repellent Supplies Can Clip Pills Cats and Dogs Pet Water Feeder,4.8,26,900+ sold,591,900.0,Alimentação,3.295836866004329,6.3835066348840055,6.803505257608338,en,Pet Pills Applicator Cats Dogs Syringe Medicine Feeder Insect Repellent Supplies Can Clip Pills Cats and Dogs Pet Water Feeder,Pet Pills Applicator Cats,Cachorro
Portable Dog&Cat Water Bottle Dispenser For Small Large Dogs Foldable Outdoor Hiking Drinking Bowl French Bulldog Pet Supplies,0.0,1662,3 sold,1,3.0,Alimentação,7.416378479192928,0.6931471805599453,1.3862943611198906,no,Portable Dog&Cat Water Bottle Dispenser For Small Large Dogs Foldable Outdoor Hiking Drinking Bowl French Bulldog Pet Supplies,Portable Dog&Cat Water Bottle,Cachorro
Cat Toy Feather Cat Teaser Wand Cat Interactive Toy Funny Caterpillar Colorful Rod Teaser Wand Pet Cat Supplies Cat Accessory,4.8,256,800+ sold,1017,800.0,Brinquedos,5.54907608489522,6.925595197110468,6.68586094706836,en,Cat Toy Feather Cat Teaser Wand Cat Interactive Toy Funny Caterpillar Colorful Rod Teaser Wand Pet Cat Supplies Cat Accessory,Cat Toy Feather Cat,Gato
20cm Cat Favor Fish Toy Stuffed Fish Shape Cat Scratch Board Scratching Post plush toys For Cat Pet Toy Pet Products Supplies,5.0,2481,195 sold,108,195.0,Brinquedos,7.816819965764552,4.691347882229144,5.278114659230517,en,20cm Cat Favor Fish Toy Stuffed Fish Shape Cat Scratch Board Scratching Post plush toys For Cat Pet Toy Pet Products Supplies,20cm Cat Favor Fish,Gato
3 Sizes Cute Warm Pet Bed Mat Cover Towel Handcrafted Cat Dog Fleece Soft Blanket for Small Medium Large dogs Puppy Pet Supplies,4.6,1266,"3,000+ sold",2850,3000.0,Conforto,7.144407180321139,7.955425088912672,8.006700845440367,en,3 Sizes Cute Warm Pet Bed Mat Cover Towel Handcrafted Cat Dog Fleece Soft Blanket for Small Medium Large dogs Puppy Pet Supplies,3 Sizes Cute Warm,Cachorro
1PC Pet Chew Toy Soft Rubber Bite-resistance Bone Shape Teeth Grinding Chewing Toys for Small Dogs Training Pet Supplies,0.0,38,11 sold,6,11.0,Brinquedos,3.6635616461296463,1.9459101490553128,2.4849066497880004,en,1PC Pet Chew Toy Soft Rubber Bite-resistance Bone Shape Teeth Grinding Chewing Toys for Small Dogs Training Pet Supplies,1PC Pet Chew Toy,Cachorro
10pcs Dog Tie Small Dog Gromoong Accessories Pet Dog Cat Bowties Neckties Small Dog Puppy Bow Tie Pet Supplies For Small Dogs,4.8,82,431 sold,266,431.0,Outros,4.418840607796598,5.58724865840025,6.068425588244111,en,10pcs Dog Tie Small Dog Gromoong Accessories Pet Dog Cat Bowties Neckties Small Dog Puppy Bow Tie Pet Supplies For Small Dogs,10pcs Dog Tie Small,Cachorro
Smart Cat Toy Car Interactive Cat Toy Ball Automatic Rolling Remote Control Toy Car Indoor Cat Accessories Pet Kitten Supplies,5.0,7949,43 sold,69,43.0,Brinquedos,8.980927207648378,4.248495242049359,3.784189633918261,en,Smart Cat Toy Car Interactive Cat Toy Ball Automatic Rolling Remote Control Toy Car Indoor Cat Accessories Pet Kitten Supplies,Smart Cat Toy Car,Gato
Pet Supplies Teeth Shedding Hair Flea Lice Removal Brush StainlessSteel Comb Deworming Opening Knots Dog Cat Grooming Comb,4.8,68,282 sold,217,282.0,Higiene,4.23410650459726,5.384495062789089,5.645446897643238,en,Pet Supplies Teeth Shedding Hair Flea Lice Removal Brush StainlessSteel Comb Deworming Opening Knots Dog Cat Grooming Comb,Pet Supplies Teeth Shedding,Cachorro
Multifunctional Cat Steamy Brush 2024 New 3 in 1 Electric Cleaning Steam Dog Brush For Spray Massage Pet Hair Removal Combs,5.0,52,12 sold,41,12.0,Higiene,3.970291913552122,3.737669618283368,2.5649493574615367,en,Multifunctional Cat Steamy Brush 2024 New 3 in 1 Electric Cleaning Steam Dog Brush For Spray Massage Pet Hair Removal Combs,Multifunctional Cat Steamy Brush,Cachorro
Natural Catnip Ball Cat Rotatable Wall Stick-on Ball Toys Lickable Snacks Healthy Teeth Cleaning Kitten Chew Toys Pet Supplies,0.0,100,16 sold,3,16.0,Brinquedos,4.61512051684126,1.3862943611198906,2.833213344056216,en,Natural Catnip Ball Cat Rotatable Wall Stick-on Ball Toys Lickable Snacks Healthy Teeth Cleaning Kitten Chew Toys Pet Supplies,Natural Catnip Ball Cat,Gato
Dog Toys Pet Flying Disk Training Ring Puller Anti-Bite Floating Interactive Supplies Dog Toys Aggressive Chewing,4.5,33,800+ sold,228,800.0,Brinquedos,3.5263605246161616,5.43372200355424,6.68586094706836,en,Dog Toys Pet Flying Disk Training Ring Puller Anti-Bite Floating Interactive Supplies Dog Toys Aggressive Chewing,Dog Toys Pet Flying,Cachorro
Cat Litter Mat Pet Toilet Waterproof Double Layer Pet Litter Box Mat Nonslip Sand Cat Washable Mat Clean Pad Pet Clean Supplies,4.6,24274,"1,000+ sold",1066,1000.0,Conforto,10.097202293159526,6.9726062513017535,6.90875477931522,en,Cat Litter Mat Pet Toilet Waterproof Double Layer Pet Litter Box Mat Nonslip Sand Cat Washable Mat Clean Pad Pet Clean Supplies,Cat Litter Mat Pet,Gato
Professional Pet Deshedding Brush 2 Sided Dematting Dog Comb Cat Brush Rake Puppy Grooming Tools Undercoat Shedding Flying Hair,4.8,1403,"1,000+ sold",5585,1000.0,Conforto,7.247080584585756,8.628018746505122,6.90875477931522,en,Professional Pet Deshedding Brush 2 Sided Dematting Dog Comb Cat Brush Rake Puppy Grooming Tools Undercoat Shedding Flying Hair,Professional Pet Deshedding Brush,Cachorro
20pcs Dog Acccessories Dog Bow Tie  Bulk Dog Collar Bow Dog Bowtie Small Dog Cat Pet Supplies Dog Fashion Accessoreis Bow,4.9,103,600+ sold,469,600.0,Acessórios,4.6443908991413725,6.152732694704104,6.398594934535208,en,20pcs Dog Acccessories Dog Bow Tie  Bulk Dog Collar Bow Dog Bowtie Small Dog Cat Pet Supplies Dog Fashion Accessoreis Bow,20pcs Dog Acccessories Dog,Cachorro
Training Collar Dog 800m Anti Bark Dog Collar Waterproof With Pet Rechargeable Pet Remote Control Electric Collar For Dogs,4.5,1018,263 sold,2523,263.0,Acessórios,6.926577033222725,7.833600223661103,5.575949103146316,en,Training Collar Dog 800m Anti Bark Dog Collar Waterproof With Pet Rechargeable Pet Remote Control Electric Collar For Dogs,Training Collar Dog 800m,Cachorro
VEVOR Pet Cat Carrier Breathable Outgoing Dog Carry Backpack with Telescopic Handle Wheels and Shoulder Strap for Travel Trip,5.0,12776,30 sold,281,30.0,Outros,9.455401958591324,5.641907070938114,3.4339872044851463,en,VEVOR Pet Cat Carrier Breathable Outgoing Dog Carry Backpack with Telescopic Handle Wheels and Shoulder Strap for Travel Trip,VEVOR Pet Cat Carrier,Cachorro
Double Pet Bowls Dog Food Water Feeder Stainless Steel Pet Drinking Dish Feeder Cat Puppy Feeding Supplies Small Dog Accessories,4.5,155,"2,000+ sold",2151,2000.0,Alimentação,5.049856007249537,7.674152921281675,7.601402334583733,en,Double Pet Bowls Dog Food Water Feeder Stainless Steel Pet Drinking Dish Feeder Cat Puppy Feeding Supplies Small Dog Accessories,Double Pet Bowls Dog,Cachorro
Dog Super Soft Pet Finger Toothbrush Teeth Cleaning Bad Breath Care Nontoxic Silicone Tooth Brush Dog Cat Cleaning Supplies,4.9,14,232 sold,121,232.0,Higiene,2.70805020110221,4.804021044733257,5.4510384535657,en,Dog Super Soft Pet Finger Toothbrush Teeth Cleaning Bad Breath Care Nontoxic Silicone Tooth Brush Dog Cat Cleaning Supplies,Dog Super Soft Pet,Cachorro
Dog Training Clicker Dog Clicker Adjustable Sound Key Chain and Wrist Strap Dog Accessories Pet Dog Supplies,4.8,28,201 sold,35,201.0,Outros,3.367295829986474,3.58351893845611,5.308267697401205,en,Dog Training Clicker Dog Clicker Adjustable Sound Key Chain and Wrist Strap Dog Accessories Pet Dog Supplies,Dog Training Clicker Dog,Cachorro
Dog Sounding Toy Molar Training Decompress Interactive Bite Resistant Donkey Shape Plush Toys Pet Supplies,4.8,465,500+ sold,470,500.0,Brinquedos,6.144185634125646,6.154858094016418,6.2166061010848646,en,Dog Sounding Toy Molar Training Decompress Interactive Bite Resistant Donkey Shape Plush Toys Pet Supplies,Dog Sounding Toy Molar,Cachorro
Solid Color Two-in-one Pet Car Seat Belt Nylon Lead Leash Backseat Safety Belt Adjustable Dogs Harness Collar Pet Accessories,4.8,4978,"2,000+ sold",1760,2000.0,Acessórios,8.512984346642183,7.473637108496206,7.601402334583733,en,Solid Color Two-in-one Pet Car Seat Belt Nylon Lead Leash Backseat Safety Belt Adjustable Dogs Harness Collar Pet Accessories,Solid Color Two-in-one Pet,Cachorro
LED Dog Anti-lost Collar Glowing Luminous LED Light Pet Collar Collar For Small Medium Large Dogs Collars Leads Safety Necklace,4.4,258,600+ sold,1663,600.0,Acessórios,5.556828061699537,7.416979621381154,6.398594934535208,en,LED Dog Anti-lost Collar Glowing Luminous LED Light Pet Collar Collar For Small Medium Large Dogs Collars Leads Safety Necklace,LED Dog Anti-lost Collar,Cachorro
Natural Rubber Pet Dog Toys Dog Chew Toys Tooth Cleaning Treat Ball Extra-tough Interactive Elasticity Ball5cm for Pet Products,4.3,860,"3,000+ sold",1289,3000.0,Brinquedos,6.7580945044277305,7.162397497355718,8.006700845440367,en,Natural Rubber Pet Dog Toys Dog Chew Toys Tooth Cleaning Treat Ball Extra-tough Interactive Elasticity Ball5cm for Pet Products,Natural Rubber Pet Dog,Cachorro
Silicone Dog Cat Shower Brush Pet Shampoo Dispenser Massager Bath Brush Bathroom Puppy Washing Grooming Brush Dog Accessories,4.6,203,291 sold,163,291.0,Higiene,5.318119993844216,5.099866427824199,5.676753802268282,en,Silicone Dog Cat Shower Brush Pet Shampoo Dispenser Massager Bath Brush Bathroom Puppy Washing Grooming Brush Dog Accessories,Silicone Dog Cat Shower,Cachorro
Silicone Bath Brush Irrigation Liquid Bath Rubbing Back Pet Multi Function Massage Bath Shampoo Shampoo Brush,0.0,13,3 sold,3,3.0,Higiene,2.6390573296152584,1.3862943611198906,1.3862943611198906,en,Silicone Bath Brush Irrigation Liquid Bath Rubbing Back Pet Multi Function Massage Bath Shampoo Shampoo Brush,Silicone Bath Brush Irrigation,Outros
Interactive Dog Toys Tug of War Ball in Red and Turquoise for Large Breed Dogs - Mentally Stimulating Teething Toy,4.8,15,30 sold,62,30.0,Brinquedos,2.772588722239781,4.143134726391533,3.4339872044851463,en,Interactive Dog Toys Tug of War Ball in Red and Turquoise for Large Breed Dogs - Mentally Stimulating Teething Toy,Interactive Dog Toys Tug,Cachorro
Soft Rubber Dog Brush Comb Cat Bath Brush Rubber Glove Hair Fur Grooming Massage Brush For Dog Cats Pet Bath Supplies,4.8,254,800+ sold,263,800.0,Higiene,5.541263545158426,5.575949103146316,6.68586094706836,en,Soft Rubber Dog Brush Comb Cat Bath Brush Rubber Glove Hair Fur Grooming Massage Brush For Dog Cats Pet Bath Supplies,Soft Rubber Dog Brush,Cachorro
ABS Plastic With 4 Way Lock Security Flap Door Small Pet Supplies Cat Puppy Safety Gate For Dog Cat Kitten Dog Cat Flap Door,4.9,146,700+ sold,567,700.0,Outros,4.990432586778736,6.342121418721152,6.55250788703459,en,ABS Plastic With 4 Way Lock Security Flap Door Small Pet Supplies Cat Puppy Safety Gate For Dog Cat Kitten Dog Cat Flap Door,ABS Plastic With 4,Cachorro
ZJSF House Independent Folding  Ultra Wide Wooden White Indoor Dog Staircase  Pet Door Dog 3 Fences,0.0,300,0 sold,0,0.0,Outros,5.707110264748875,0.0,0.0,nl,ZJSF House Independent Folding  Ultra Wide Wooden White Indoor Dog Staircase  Pet Door Dog 3 Fences,ZJSF House Independent Folding,Cachorro
New Original Cat Food Spoon Pet Food Spoon Dog Supplies Dog Food Spoon Pet Food Spoon,4.8,186,171 sold,100,171.0,Alimentação,5.231108616854587,4.61512051684126,5.147494476813453,en,New Original Cat Food Spoon Pet Food Spoon Dog Supplies Dog Food Spoon Pet Food Spoon,New Original Cat Food,Cachorro
"Cat Hair Glove & Pet Fur Remover Glove, Dog Grooming Glove Brush for Shedding,Pet Hair Remover Mitt for Cleaner, grooming glove",5.0,294,17 sold,22,17.0,Higiene,5.68697535633982,3.1354942159291497,2.8903717578961645,en,"Cat Hair Glove & Pet Fur Remover Glove, Dog Grooming Glove Brush for Shedding,Pet Hair Remover Mitt for Cleaner, grooming glove",Cat Hair Glove &,Cachorro
1pc Pet Toys Cat Chew Toys Linen Fish Pillow Chew Training Toy Simulation Fish Puppet Pet Supplies,4.8,151,120 sold,68,120.0,Brinquedos,5.0238805208462765,4.23410650459726,4.795790545596741,en,1pc Pet Toys Cat Chew Toys Linen Fish Pillow Chew Training Toy Simulation Fish Puppet Pet Supplies,1pc Pet Toys Cat,Gato
VEVOR Dog Ramp Folding Ladder Anti-slip High Adjustable Wooden Pet Ramp Removable for Small Old Dog Climbing Stairs Sofa Car Bed,5.0,1782,10 sold,104,10.0,Conforto,7.48605261786314,4.653960350157523,2.3978952727983707,en,VEVOR Dog Ramp Folding Ladder Anti-slip High Adjustable Wooden Pet Ramp Removable for Small Old Dog Climbing Stairs Sofa Car Bed,VEVOR Dog Ramp Folding,Cachorro
1PC Pet Chew Toy Soft Rubber Bite-resistance Bone Shape Teeth Grinding Chewing Toys for Small Dogs Training Pet Supplies,4.2,87,145 sold,68,145.0,Brinquedos,4.477336814478207,4.23410650459726,4.983606621708336,en,1PC Pet Chew Toy Soft Rubber Bite-resistance Bone Shape Teeth Grinding Chewing Toys for Small Dogs Training Pet Supplies,1PC Pet Chew Toy,Cachorro
Soft Plush Pet Dog Squeaky Chew Toys Stuffed Crocodile for Small Large Dogs Cat Cute Interactive Squeak Toy Durable,4.8,6,800+ sold,855,800.0,Brinquedos,1.9459101490553128,6.752270376141742,6.68586094706836,en,Soft Plush Pet Dog Squeaky Chew Toys Stuffed Crocodile for Small Large Dogs Cat Cute Interactive Squeak Toy Durable,Soft Plush Pet Dog,Cachorro
Cute Dog Plush Toys  Pet Duck Squeak Toy for Puppy  Sound Wild Goose Chew Toy for Small Middle Large Dogs Teeth Cleaning,4.8,96,"2,000+ sold",1446,2000.0,Brinquedos,4.574710978503383,7.277247726631484,7.601402334583733,en,Cute Dog Plush Toys  Pet Duck Squeak Toy for Puppy  Sound Wild Goose Chew Toy for Small Middle Large Dogs Teeth Cleaning,Cute Dog Plush Toys,Cachorro
Supet Interactive Training Pet Toy Ring Spiked Ring Dog Teeth Cleaning Pet Supplies,4.8,530,283 sold,75,283.0,Brinquedos,6.274762021241939,4.330733340286331,5.648974238161206,en,Supet Interactive Training Pet Toy Ring Spiked Ring Dog Teeth Cleaning Pet Supplies,Supet Interactive Training Pet,Cachorro
Pet Feeder 2-in-1 Pet Feeding Bowl Dog Cat Automatic Water Dispenser with Removable Stainless Steel Bowls Pet Supplies,4.8,34,500+ sold,1065,500.0,Alimentação,3.555348061489413,6.97166860472579,6.2166061010848646,en,Pet Feeder 2-in-1 Pet Feeding Bowl Dog Cat Automatic Water Dispenser with Removable Stainless Steel Bowls Pet Supplies,Pet Feeder 2-in-1 Pet,Cachorro
Interactive Tower Cat Toy Turntable Roller Balls Toys for Cats Kitten Teaser Puzzle Track Toy Pets Training Supplies Accessories,4.9,272,385 sold,356,385.0,Brinquedos,5.60947179518496,5.877735781779639,5.955837369464831,en,Interactive Tower Cat Toy Turntable Roller Balls Toys for Cats Kitten Teaser Puzzle Track Toy Pets Training Supplies Accessories,Interactive Tower Cat Toy,Gato
"Dog supplies, dog trainers, special marker for pet behavior correction instructions",4.9,105,165 sold,57,165.0,Outros,4.663439094112067,4.060443010546419,5.111987788356544,en,"Dog supplies, dog trainers, special marker for pet behavior correction instructions","Dog supplies, dog trainers,",Cachorro
10pcs Dog Hairpin Colorful Cute Bone Shape Hair Clips Universal Kitten Puppy Hair Accessories Pet Supplies,5.0,1,18 sold,9,18.0,Outros,0.6931471805599453,2.302585092994046,2.9444389791664403,en,10pcs Dog Hairpin Colorful Cute Bone Shape Hair Clips Universal Kitten Puppy Hair Accessories Pet Supplies,10pcs Dog Hairpin Colorful,Cachorro
Multifunctional Pet Hair Remover Clothes Hair Remov Brush Reusabl Cat Dog Hair Lint Rollers Brush Remov Tools,0.0,9999,0 sold,2,0.0,Acessórios,9.210340371976184,1.0986122886681098,0.0,en,Multifunctional Pet Hair Remover Clothes Hair Remov Brush Reusabl Cat Dog Hair Lint Rollers Brush Remov Tools,Multifunctional Pet Hair Remover,Cachorro
Portable Backpack For Dogs And Cats Traveling Out Shoulder Breathable Cat Backpack Travel Out And Four Legs Small Dog Backpacks,0.0,11988,0 sold,1,0.0,Outros,9.391744841707654,0.6931471805599453,0.0,en,Portable Backpack For Dogs And Cats Traveling Out Shoulder Breathable Cat Backpack Travel Out And Four Legs Small Dog Backpacks,Portable Backpack For Dogs,Cachorro
3m 5m 8m Dog Nylon Leash For Small Medium Large Dogs Strong Retractable Durable Pet Traction Rope Chihuahua Yorkshire Supplies,0.0,555,2 sold,0,2.0,Acessórios,6.320768294250582,0.0,1.0986122886681098,en,3m 5m 8m Dog Nylon Leash For Small Medium Large Dogs Strong Retractable Durable Pet Traction Rope Chihuahua Yorkshire Supplies,3m 5m 8m Dog,Cachorro
Pet Cat Mint Toy Edible Cat Mint Ball Cat Mint Cat Family Chase Game Toy Product Cleaning Teeth Cat Mint Ball,4.9,3,50 sold,12,50.0,Brinquedos,1.3862943611198906,2.5649493574615367,3.9318256327243257,en,Pet Cat Mint Toy Edible Cat Mint Ball Cat Mint Cat Family Chase Game Toy Product Cleaning Teeth Cat Mint Ball,Pet Cat Mint Toy,Gato
Funny Crisps Dog Toys Interaction Chew Molars Plush Dog Toys Bite Resistance Clean Teeth Oral Cavity Puppy Toys Pet Accessories,4.8,112,"1,000+ sold",1167,1000.0,Brinquedos,4.727387818712341,7.0630481633881725,6.90875477931522,en,Funny Crisps Dog Toys Interaction Chew Molars Plush Dog Toys Bite Resistance Clean Teeth Oral Cavity Puppy Toys Pet Accessories,Funny Crisps Dog Toys,Cachorro
350/600ml Large Collapsible Dog Pet Folding Silicone Bowl Outdoor Travel Portable Puppy Food Container Feeder Dish Bowl,4.8,426,"1,000+ sold",733,1000.0,Alimentação,6.056784013228625,6.598509028614515,6.90875477931522,en,350/600ml Large Collapsible Dog Pet Folding Silicone Bowl Outdoor Travel Portable Puppy Food Container Feeder Dish Bowl,350/600ml Large Collapsible Dog,Cachorro
Gardening Cat Scat Mat Repellent Mat Anti-Cat With Prickle Strips Spikes Straps Deterrent Keep Cat Dog Away Digging Pet Supplies,0.0,9,4 sold,2,4.0,Conforto,2.302585092994046,1.0986122886681098,1.6094379124341005,en,Gardening Cat Scat Mat Repellent Mat Anti-Cat With Prickle Strips Spikes Straps Deterrent Keep Cat Dog Away Digging Pet Supplies,Gardening Cat Scat Mat,Cachorro
Cat Litter Shovel Scoop with Refill Bag For Pet Filter Clean Toilet Garbage Picker Cat Supplies Cat Litter Box Self Cleaning,4.7,1174,"5,000+ sold",9729,5000.0,Higiene,7.069023426578259,9.18296917518005,8.517393171418904,en,Cat Litter Shovel Scoop with Refill Bag For Pet Filter Clean Toilet Garbage Picker Cat Supplies Cat Litter Box Self Cleaning,Cat Litter Shovel Scoop,Gato
"Pet products, puppy, teddy plush, circular toy, cute teeth grinding, puzzle cleaning",4.7,128,143 sold,60,143.0,Brinquedos,4.859812404361672,4.110873864173311,4.969813299576001,en,"Pet products, puppy, teddy plush, circular toy, cute teeth grinding, puzzle cleaning","Pet products, puppy, teddy",Cachorro
Corner Dog Bowl Pet Automatic Feeder Small Dog Cat Drinking Bowl For Dog Water Drinking Cat Feeding Large Capacity Dispenser Pet,4.7,36,600+ sold,3746,600.0,Alimentação,3.610917912644224,8.228710798793687,6.398594934535208,en,Corner Dog Bowl Pet Automatic Feeder Small Dog Cat Drinking Bowl For Dog Water Drinking Cat Feeding Large Capacity Dispenser Pet,Corner Dog Bowl Pet,Cachorro
Reflective Dog Seat Belt-Adjustable and Durable Nylon Seat Belt and Car Travel Supplies Elastic Pet for Comfortable Easy Buckle,4.8,108,63 sold,26,63.0,Outros,4.691347882229144,3.295836866004329,4.158883083359672,en,Reflective Dog Seat Belt-Adjustable and Durable Nylon Seat Belt and Car Travel Supplies Elastic Pet for Comfortable Easy Buckle,Reflective Dog Seat Belt-Adjustable,Cachorro
Teasing Cat Plastic Finger Gloves Human Fake Hand Cat Interactive Toys Caress Cat Dog Toys Little Hand Pet Cat Supplies,0.0,550,2 sold,3,2.0,Brinquedos,6.311734809152915,1.3862943611198906,1.0986122886681098,en,Teasing Cat Plastic Finger Gloves Human Fake Hand Cat Interactive Toys Caress Cat Dog Toys Little Hand Pet Cat Supplies,Teasing Cat Plastic Finger,Cachorro
2-in-1 nylon adjustable dog safety belt collar pet dog accessories pet car safety rope rear seat traction rope pet supplies,5.0,78,47 sold,23,47.0,Acessórios,4.3694478524670215,3.1780538303479458,3.871201010907891,en,2-in-1 nylon adjustable dog safety belt collar pet dog accessories pet car safety rope rear seat traction rope pet supplies,2-in-1 nylon adjustable dog,Cachorro
Plush Cartoon Puppy Dog Toy Pet Dog Chew Squeak Toys for Small Dogs Teeth Grinding Pet Products Dog Accessories,4.6,437,"2,000+ sold",1333,2000.0,Brinquedos,6.082218910376446,7.195937226475569,7.601402334583733,en,Plush Cartoon Puppy Dog Toy Pet Dog Chew Squeak Toys for Small Dogs Teeth Grinding Pet Products Dog Accessories,Plush Cartoon Puppy Dog,Cachorro
Small bee plush toy for dogs and cats to interact and play  teeth cleaning pet supplies,4.9,70,271 sold,170,271.0,Brinquedos,4.262679877041316,5.14166355650266,5.605802066295998,en,Small bee plush toy for dogs and cats to interact and play  teeth cleaning pet supplies,Small bee plush toy,Cachorro
Avocado Style Squeaky Plush Toys Suitable For All Puppies And Pets Sound Toys Fun And Durable Teeth Grinding,4.8,66,346 sold,147,346.0,Brinquedos,4.204692619390966,4.997212273764115,5.849324779946859,en,Avocado Style Squeaky Plush Toys Suitable For All Puppies And Pets Sound Toys Fun And Durable Teeth Grinding,Avocado Style Squeaky Plush,Outros
Pet Plush Toy Dog Sound Octopus Animal Shape Toy Interactive Dog Teeth Clean Chew Toy Pet Supplies For Small Meduim Large Dog,4.9,510,700+ sold,1790,700.0,Brinquedos,6.236369590203704,7.490529402060711,6.55250788703459,en,Pet Plush Toy Dog Sound Octopus Animal Shape Toy Interactive Dog Teeth Clean Chew Toy Pet Supplies For Small Meduim Large Dog,Pet Plush Toy Dog,Cachorro
Dog Bed Cotton Linen Material Washable Removable Small Pet Bed Chew Proof Outdoor Cozy Sleeping Dogs Mat Dog Beds for Large Dogs,0.0,146,5 sold,6,5.0,Brinquedos,4.990432586778736,1.9459101490553128,1.791759469228055,en,Dog Bed Cotton Linen Material Washable Removable Small Pet Bed Chew Proof Outdoor Cozy Sleeping Dogs Mat Dog Beds for Large Dogs,Dog Bed Cotton Linen,Cachorro
Multifunctional Pet Hair Remover Clothes Hair Remov Brush Reusabl Cat Dog Hair Lint Rollers Brush Remov Tools,0.0,9999,0 sold,0,0.0,Acessórios,9.210340371976184,0.0,0.0,en,Multifunctional Pet Hair Remover Clothes Hair Remov Brush Reusabl Cat Dog Hair Lint Rollers Brush Remov Tools,Multifunctional Pet Hair Remover,Cachorro
Dog Water Bottle - Foldable Dog Water Dispenser for Outdoor Walking Portable Pet Water Bottle for Travel Leak Proof Pet Supplies,0.0,28,2 sold,11,2.0,Outros,3.367295829986474,2.4849066497880004,1.0986122886681098,no,Dog Water Bottle - Foldable Dog Water Dispenser for Outdoor Walking Portable Pet Water Bottle for Travel Leak Proof Pet Supplies,Dog Water Bottle -,Cachorro
1Pc Cat Dog Knot Toy Cleaning Teeth Grinding Teeth Interest Interactive Wear Resistant Knot Toy Play Entertainment Pet Supplies,4.8,613,97 sold,98,97.0,Brinquedos,6.419994928147142,4.59511985013459,4.584967478670572,en,1Pc Cat Dog Knot Toy Cleaning Teeth Grinding Teeth Interest Interactive Wear Resistant Knot Toy Play Entertainment Pet Supplies,1Pc Cat Dog Knot,Cachorro
Pet Bite Toys Pet Toy Dogs Plush Toy Pet Pet Supplies Cats Resistant Chew Cartoon Partner Interactive Funny For Cute,4.5,64,284 sold,52,284.0,Brinquedos,4.174387269895637,3.970291913552122,5.652489180268651,en,Pet Bite Toys Pet Toy Dogs Plush Toy Pet Pet Supplies Cats Resistant Chew Cartoon Partner Interactive Funny For Cute,Pet Bite Toys Pet,Cachorro
Dog Squeaky Toys Balls Strong Rubber Durable Bouncy Chew Ball Bite Resistant Puppy Training Sound Toy Teeth Clean Pet Supplies,4.7,127,260 sold,67,260.0,Brinquedos,4.852030263919617,4.219507705176107,5.564520407322694,en,Dog Squeaky Toys Balls Strong Rubber Durable Bouncy Chew Ball Bite Resistant Puppy Training Sound Toy Teeth Clean Pet Supplies,Dog Squeaky Toys Balls,Cachorro
"1 piece of dog pet cotton rope plush sound toy, three styles of flannel deer",4.5,29,87 sold,40,87.0,Brinquedos,3.4011973816621555,3.713572066704308,4.477336814478207,en,"1 piece of dog pet cotton rope plush sound toy, three styles of flannel deer",1 piece of dog,Cachorro
Portable Dog&Cat Water Bottle Dispenser For Small Large Dogs Foldable Outdoor Hiking Drinking Bowl French Bulldog Pet Supplies,4.9,365,66 sold,39,66.0,Alimentação,5.902633333401366,3.688879454113936,4.204692619390966,no,Portable Dog&Cat Water Bottle Dispenser For Small Large Dogs Foldable Outdoor Hiking Drinking Bowl French Bulldog Pet Supplies,Portable Dog&Cat Water Bottle,Cachorro
Support Doberman Ear Erector Pet Ear Correction Correct Dog Ear Erector Dog Supplies Dog Ear Stand Up Stickers Ear Care Tools,0.0,4,1 sold,1,1.0,Outros,1.6094379124341005,0.6931471805599453,0.6931471805599453,en,Support Doberman Ear Erector Pet Ear Correction Correct Dog Ear Erector Dog Supplies Dog Ear Stand Up Stickers Ear Care Tools,Support Doberman Ear Erector,Cachorro
1Pc Pet Products Shovel Cat Litter Plastic Scoop Cat Sand Cleaning Dog Food Spoons Cat Sand Shovel Pet Supplies,5.0,12,7 sold,9,7.0,Alimentação,2.5649493574615367,2.302585092994046,2.079441541679836,en,1Pc Pet Products Shovel Cat Litter Plastic Scoop Cat Sand Cleaning Dog Food Spoons Cat Sand Shovel Pet Supplies,1Pc Pet Products Shovel,Cachorro
Pet Hair Removel Lint Rollers Cat Dog Cleaning Remover  Brush Fur Removing Car Clothing Sofa Carpets Combs Brushes,4.9,46,129 sold,323,129.0,Conforto,3.8501476017100575,5.780743515792329,4.867534450455582,en,Pet Hair Removel Lint Rollers Cat Dog Cleaning Remover  Brush Fur Removing Car Clothing Sofa Carpets Combs Brushes,Pet Hair Removel Lint,Cachorro
Pets Dog Toys Screaming Chicken Sound Toy Puppy Bite Resistant Chew Toy Interactive Squeaky Dog Toy Puppy Dog Accessories,4.6,61,327 sold,129,327.0,Brinquedos,4.127134385045092,4.867534450455582,5.793013608384144,en,Pets Dog Toys Screaming Chicken Sound Toy Puppy Bite Resistant Chew Toy Interactive Squeaky Dog Toy Puppy Dog Accessories,Pets Dog Toys Screaming,Cachorro
Soft Dog Donuts Plush Pet Dog Toys For Dogs Chew Toy Cute Puppy Squeaker Sound Toys Funny Puppy Small Medium Dog Interactive Toy,4.9,2916,237 sold,3367,237.0,Brinquedos,7.978310969867722,8.122074375362217,5.472270673671475,en,Soft Dog Donuts Plush Pet Dog Toys For Dogs Chew Toy Cute Puppy Squeaker Sound Toys Funny Puppy Small Medium Dog Interactive Toy,Soft Dog Donuts Plush,Cachorro
Pet Cat Toys Funny Stick Kitten Self -hi Elastic Rope Dragonfly Shape Feather Bell Teasing Stick Hanging Swing Thousands,4.9,536,"2,000+ sold",1487,2000.0,Brinquedos,6.285998094508865,7.305188215393037,7.601402334583733,en,Pet Cat Toys Funny Stick Kitten Self -hi Elastic Rope Dragonfly Shape Feather Bell Teasing Stick Hanging Swing Thousands,Pet Cat Toys Funny,Gato
3pcs Dog Tick Clip Pet Flea Removal Tool Cat Lice Remover Hook Pet Grooming Supplies Kitten Comb Puppy Cleaning Supplies Tools,4.7,357,54 sold,63,54.0,Higiene,5.8805329864007,4.158883083359672,4.007333185232471,en,3pcs Dog Tick Clip Pet Flea Removal Tool Cat Lice Remover Hook Pet Grooming Supplies Kitten Comb Puppy Cleaning Supplies Tools,3pcs Dog Tick Clip,Cachorro
"Silicone Folding Pet Bowl with Backpack Buckle, Outdoor Feeder, Cat Food Bowl, Retractable, Dog",4.9,107,102 sold,38,102.0,Alimentação,4.68213122712422,3.6635616461296463,4.634728988229636,en,"Silicone Folding Pet Bowl with Backpack Buckle, Outdoor Feeder, Cat Food Bowl, Retractable, Dog",Silicone Folding Pet Bowl,Cachorro
Real Wooden Deer Antlers Dog Chew Toys for Aggressive Chewers Large Dog Chewing Stick Indestructible Tough Durable Pet Toys Gift,4.8,94,"2,000+ sold",1440,2000.0,Brinquedos,4.553876891600541,7.273092595999522,7.601402334583733,en,Real Wooden Deer Antlers Dog Chew Toys for Aggressive Chewers Large Dog Chewing Stick Indestructible Tough Durable Pet Toys Gift,Real Wooden Deer Antlers,Cachorro
Pets Supplies Canvas Garbage Bags Poop Bag Dispenser Portable Dog Poop Waste Bag Holder Outdoor Puppy Cat Pick Up Organizer,4.8,328,220 sold,156,220.0,Outros,5.796057750765372,5.056245805348308,5.3981627015177525,en,Pets Supplies Canvas Garbage Bags Poop Bag Dispenser Portable Dog Poop Waste Bag Holder Outdoor Puppy Cat Pick Up Organizer,Pets Supplies Canvas Garbage,Cachorro
Puppy Pacifier Toys Dog Toys For Small Dogs Indestructible Dog Toy Teeth Cleaning Chew Training Toys Pet Supplies,0.0,21,2 sold,0,2.0,Brinquedos,3.091042453358316,0.0,1.0986122886681098,en,Puppy Pacifier Toys Dog Toys For Small Dogs Indestructible Dog Toy Teeth Cleaning Chew Training Toys Pet Supplies,Puppy Pacifier Toys Dog,Cachorro
Interactive Dog Toys Champagne Wine Bottle Shape Pet Toy Plush Filled Vodka Toy Squeaky Bite-Resistant Pet Supplies Whisky,4.7,82,"2,000+ sold",2640,2000.0,Brinquedos,4.418840607796598,7.878912912297133,7.601402334583733,en,Interactive Dog Toys Champagne Wine Bottle Shape Pet Toy Plush Filled Vodka Toy Squeaky Bite-Resistant Pet Supplies Whisky,Interactive Dog Toys Champagne,Cachorro
Type-C Charge 3hours Endurance bouncy ball Insteresting Play with Dog's ownself Electronic Ball launcher Dog's Happy Toy,0.0,11,13 sold,35,13.0,Brinquedos,2.4849066497880004,3.58351893845611,2.6390573296152584,en,Type-C Charge 3hours Endurance bouncy ball Insteresting Play with Dog's ownself Electronic Ball launcher Dog's Happy Toy,Type-C Charge 3hours Endurance,Cachorro
Portable Dog Water Bottle For Small Large Dogs Bowl Outdoor Walking Puppy Pet Travel Water Bottle Cat Drinking Bowl Dog Supplies,4.9,210,244 sold,131,244.0,Alimentação,5.351858133476067,4.882801922586371,5.501258210544727,en,Portable Dog Water Bottle For Small Large Dogs Bowl Outdoor Walking Puppy Pet Travel Water Bottle Cat Drinking Bowl Dog Supplies,Portable Dog Water Bottle,Cachorro
"8-piece dog brush grooming set, pet self-cleaning set, with pet nail clippers and files, flea comb, pet shampoo bath brush, pet",4.9,160,900+ sold,3171,900.0,Higiene,5.081404364984463,8.06211758275474,6.803505257608338,en,"8-piece dog brush grooming set, pet self-cleaning set, with pet nail clippers and files, flea comb, pet shampoo bath brush, pet",8-piece dog brush grooming,Cachorro
HOOPET Dogs Go Out Kettle Drinker Portable Water Cup Drinking Water Feeder Pet Accompanying Cup Water Bottle Walking Dog Supplie,4.8,272,495 sold,290,495.0,Alimentação,5.60947179518496,5.673323267171493,6.206575926724928,en,HOOPET Dogs Go Out Kettle Drinker Portable Water Cup Drinking Water Feeder Pet Accompanying Cup Water Bottle Walking Dog Supplie,HOOPET Dogs Go Out,Cachorro
Dog Muzzle Breathable Adjustable Comfortable Pet Muzzle Anti-chewing Anti-biting Dog Muzzle Pet Supplies,0.0,71,10 sold,6,10.0,Brinquedos,4.276666119016055,1.9459101490553128,2.3978952727983707,en,Dog Muzzle Breathable Adjustable Comfortable Pet Muzzle Anti-chewing Anti-biting Dog Muzzle Pet Supplies,Dog Muzzle Breathable Adjustable,Cachorro
Extendable Pet Flea Collar Antiparasitic Necklace Personalized  Anti Flea and Tick Big Dog Puppy Cat Anti-Flea Collar Ticks Dogs,4.9,474,288 sold,728,288.0,Acessórios,6.163314804034641,6.591673732008658,5.666426688112432,en,Extendable Pet Flea Collar Antiparasitic Necklace Personalized  Anti Flea and Tick Big Dog Puppy Cat Anti-Flea Collar Ticks Dogs,Extendable Pet Flea Collar,Cachorro
FDW Dog Crate Dog Cage Pet Crate for Large Dogs Folding Metal Pet Cage Double Door W/Divider Panel Indoor Outdoor Dog Kennel,0.0,1200,0 sold,0,0.0,Outros,7.090909822079984,0.0,0.0,no,FDW Dog Crate Dog Cage Pet Crate for Large Dogs Folding Metal Pet Cage Double Door W/Divider Panel Indoor Outdoor Dog Kennel,FDW Dog Crate Dog,Cachorro
Dog Chew Ball Toy TPR Pets Interactive Training Toys for Small Large Dog Teeth Cleaning Molar Supplies Outdoor Pets Ball Toy,4.6,45,485 sold,103,485.0,Brinquedos,3.828641396489095,4.6443908991413725,6.186208623900494,en,Dog Chew Ball Toy TPR Pets Interactive Training Toys for Small Large Dog Teeth Cleaning Molar Supplies Outdoor Pets Ball Toy,Dog Chew Ball Toy,Cachorro
Cat toy Cute octopus plush toy bite resistant teeth interactive play pet supplies,4.8,3209,"5,000+ sold",4553,5000.0,Brinquedos,8.07402621612406,8.423761246623686,8.517393171418904,en,Cat toy Cute octopus plush toy bite resistant teeth interactive play pet supplies,Cat toy Cute octopus,Gato
Non-Slip Double Cat Bowl Dog Bowl With Stand Pet Feeding Cat Water Bowl For Cats Food Pet Bowls For Dogs Feeder Product Supplies,4.5,764,195 sold,105,195.0,Alimentação,6.639875833826536,4.663439094112067,5.278114659230517,en,Non-Slip Double Cat Bowl Dog Bowl With Stand Pet Feeding Cat Water Bowl For Cats Food Pet Bowls For Dogs Feeder Product Supplies,Non-Slip Double Cat Bowl,Cachorro
Dog Chew Toys Pet Puppy Squeaky Toy Cute Shark Toys Stuffed Squeaking Animals Plush Tortoise Training Chewing Toys Pet Supplies,4.9,11,500+ sold,329,500.0,Brinquedos,2.4849066497880004,5.799092654460526,6.2166061010848646,en,Dog Chew Toys Pet Puppy Squeaky Toy Cute Shark Toys Stuffed Squeaking Animals Plush Tortoise Training Chewing Toys Pet Supplies,Dog Chew Toys Pet,Cachorro
Pet Dog Cat Footprints Handprint Ink Pads Kits for DIY Photo Frame Accessories Newborn Baby Pet Cat Dog Stamp Paw Print Souvenir,4.5,110,194 sold,194,194.0,Sanitário,4.709530201312334,5.272999558563747,5.272999558563747,en,Pet Dog Cat Footprints Handprint Ink Pads Kits for DIY Photo Frame Accessories Newborn Baby Pet Cat Dog Stamp Paw Print Souvenir,Pet Dog Cat Footprints,Cachorro
Personalized French Bulldog Harness Adjustable Pet Vest Reflective Breathable Outdoor Dog Walking Supplies Small and Large Dogs,4.6,419515,382 sold,155,382.0,Acessórios,12.946856944805685,5.049856007249537,5.948034989180646,en,Personalized French Bulldog Harness Adjustable Pet Vest Reflective Breathable Outdoor Dog Walking Supplies Small and Large Dogs,Personalized French Bulldog Harness,Cachorro
40X60CM Pet Blanket Winter Warm Dog Blanket Cute Warm and Comfortable Cat and Dog Cushion Blanket Pet Supplies,4.7,362,226 sold,150,226.0,Conforto,5.8944028342648505,5.017279836814924,5.424950017481403,no,40X60CM Pet Blanket Winter Warm Dog Blanket Cute Warm and Comfortable Cat and Dog Cushion Blanket Pet Supplies,40X60CM Pet Blanket Winter,Cachorro
New 40cm Pet Toy Dog Plush Toys Interactive Bite Grinding Teeth Clean Teeth Bite Resistant Vocal Animals Pet Supplies,5.0,2995,5 sold,11,5.0,Brinquedos,8.005033344637111,2.4849066497880004,1.791759469228055,en,New 40cm Pet Toy Dog Plush Toys Interactive Bite Grinding Teeth Clean Teeth Bite Resistant Vocal Animals Pet Supplies,New 40cm Pet Toy,Cachorro
"Yegbong Pet Wet Wipe Multipurpose Pet Cleaning Wet Wipe Deodorizing, Ear Mite, Ear Smear, and Eye Smear",0.0,10,0 sold,2,0.0,Higiene,2.3978952727983707,1.0986122886681098,0.0,en,"Yegbong Pet Wet Wipe Multipurpose Pet Cleaning Wet Wipe Deodorizing, Ear Mite, Ear Smear, and Eye Smear",Yegbong Pet Wet Wipe,Outros
Plush Dog Toys Interactive Squeaky Durable Stuffed Cotton Rope Pet Puppy Toys Teeth Cleaning Embroidery Parrot Pet Supplies,5.0,27,88 sold,47,88.0,Brinquedos,3.332204510175204,3.871201010907891,4.48863636973214,en,Plush Dog Toys Interactive Squeaky Durable Stuffed Cotton Rope Pet Puppy Toys Teeth Cleaning Embroidery Parrot Pet Supplies,Plush Dog Toys Interactive,Cachorro
"Pet Screen Door Magnetic Self-Closing Small Dogs and Cats Door with Locking Function for Screen Door, Window and Porch",4.9,27,85 sold,118,85.0,Outros,3.332204510175204,4.77912349311153,4.454347296253507,en,"Pet Screen Door Magnetic Self-Closing Small Dogs and Cats Door with Locking Function for Screen Door, Window and Porch",Pet Screen Door Magnetic,Cachorro
Cat Toys Interactive Launch Training Toy For Pet Kitten Creative Mini Shooting Gun Games Stretch Plush Ball Toys Pet Supplies,4.7,190,"2,000+ sold",652,2000.0,Brinquedos,5.25227342804663,6.481577129276431,7.601402334583733,en,Cat Toys Interactive Launch Training Toy For Pet Kitten Creative Mini Shooting Gun Games Stretch Plush Ball Toys Pet Supplies,Cat Toys Interactive Launch,Gato
Soft Strawberry Leopard Dog Cat House Tent Kennel Doggy Winter Warm Cushion Basket Animal Bed Cave Pet Supplies,0.0,62,10 sold,13,10.0,Conforto,4.143134726391533,2.6390573296152584,2.3978952727983707,en,Soft Strawberry Leopard Dog Cat House Tent Kennel Doggy Winter Warm Cushion Basket Animal Bed Cave Pet Supplies,Soft Strawberry Leopard Dog,Cachorro
1 Pc Adjustable Pet Dog Nylon Rope Training Leash Slip  Traction Collar  lead keten nylon hond touw training Pet supplies,5.0,116,16 sold,337,16.0,Acessórios,4.762173934797756,5.823045895483019,2.833213344056216,en,1 Pc Adjustable Pet Dog Nylon Rope Training Leash Slip  Traction Collar  lead keten nylon hond touw training Pet supplies,1 Pc Adjustable Pet,Cachorro
"Walk Thru Pet Gate, Extendable Wide, Includes Extension Kit, Pack Pressure Mount Kit,",0.0,150,0 sold,1,0.0,Outros,5.017279836814924,0.6931471805599453,0.0,en,"Walk Thru Pet Gate, Extendable Wide, Includes Extension Kit, Pack Pressure Mount Kit,","Walk Thru Pet Gate,",Outros
Pet Collar and Leash Set Leather Fashion Adjustable Collars for Dogs Pet Supplies Collars for Medium and Large Dogs Gift for Dog,4.7,96,470 sold,999,470.0,Acessórios,4.574710978503383,6.907755278982137,6.154858094016418,en,Pet Collar and Leash Set Leather Fashion Adjustable Collars for Dogs Pet Supplies Collars for Medium and Large Dogs Gift for Dog,Pet Collar and Leash,Cachorro
Super Soft Pet Finger Toothbrush Teddy Dog Brush Bad Breath Tartar Teeth Tool Dog Cat Cleaning Pet Supplies,0.0,28,2 sold,0,2.0,Higiene,3.367295829986474,0.0,1.0986122886681098,en,Super Soft Pet Finger Toothbrush Teddy Dog Brush Bad Breath Tartar Teeth Tool Dog Cat Cleaning Pet Supplies,Super Soft Pet Finger,Cachorro
ABS Plastic Dog Collar Chain Diamond Inlay Sparkle Bulldog Necklace Cat Collars Pet Accessories Small Medium Large Dogs Golden,4.4,159,"1,000+ sold",3023,1000.0,Acessórios,5.075173815233827,8.014335737299424,6.90875477931522,en,ABS Plastic Dog Collar Chain Diamond Inlay Sparkle Bulldog Necklace Cat Collars Pet Accessories Small Medium Large Dogs Golden,ABS Plastic Dog Collar,Cachorro
"Tower dog house furniture with mats, double door, wooden kennel table, end table dog house furniture, indoor dog cage",0.0,198,1 sold,6,1.0,Conforto,5.293304824724492,1.9459101490553128,0.6931471805599453,en,"Tower dog house furniture with mats, double door, wooden kennel table, end table dog house furniture, indoor dog cage",Tower dog house furniture,Cachorro
Fit for All Pets Dog Cat Fleece Toys Popular Squeak Chew Sound Dolls Elephant Duck Pig Pet Funny Plush Toys,4.6,73,"1,000+ sold",236,1000.0,Brinquedos,4.30406509320417,5.468060141135132,6.90875477931522,en,Fit for All Pets Dog Cat Fleece Toys Popular Squeak Chew Sound Dolls Elephant Duck Pig Pet Funny Plush Toys,Fit for All Pets,Cachorro
600pcs Dog Poop Bags Pet Poop Bags Disposable Dog Waste Bags Bulk Poop Bags Leak-Proof Dog Waste Bags For Pet Supplies,5.0,1730,19 sold,1,19.0,Outros,7.456454555176209,0.6931471805599453,2.995732273553991,af,600pcs Dog Poop Bags Pet Poop Bags Disposable Dog Waste Bags Bulk Poop Bags Leak-Proof Dog Waste Bags For Pet Supplies,600pcs Dog Poop Bags,Cachorro
Pet Toys Vocal Cute Cartoon Toys Anti-bite Teething Latex Toys Pet Rubber Puppy Anti-bite Interactive Toys Pet Supplies,0.0,26,2 sold,0,2.0,Brinquedos,3.295836866004329,0.0,1.0986122886681098,en,Pet Toys Vocal Cute Cartoon Toys Anti-bite Teething Latex Toys Pet Rubber Puppy Anti-bite Interactive Toys Pet Supplies,Pet Toys Vocal Cute,Cachorro
Pet Placemat Cat Slow Feeding Mat Dog Lick Mats Silicone Pets Eating Slowly Food Pad Cats Dogs Feeding Supplies,0.0,6837,107 sold,47,107.0,Alimentação,8.830250570199247,3.871201010907891,4.68213122712422,en,Pet Placemat Cat Slow Feeding Mat Dog Lick Mats Silicone Pets Eating Slowly Food Pad Cats Dogs Feeding Supplies,Pet Placemat Cat Slow,Cachorro
800m Electric Dog Training Collar Remote Control Rechargeable Dog Bark Collar Waterproof Anti Barking Device For All Size Dog,0.0,397,7 sold,50,7.0,Acessórios,5.986452005284438,3.9318256327243257,2.079441541679836,en,800m Electric Dog Training Collar Remote Control Rechargeable Dog Bark Collar Waterproof Anti Barking Device For All Size Dog,800m Electric Dog Training,Cachorro
Dog Shiny Rhinestone Collar Cat Heart Diamond Jewelry Necklace Pet Bling Princess Collar Puppy Supplies Chihuahua Accessories,4.6,70,212 sold,391,212.0,Acessórios,4.262679877041316,5.971261839790462,5.3612921657094255,en,Dog Shiny Rhinestone Collar Cat Heart Diamond Jewelry Necklace Pet Bling Princess Collar Puppy Supplies Chihuahua Accessories,Dog Shiny Rhinestone Collar,Cachorro
Bone Dog ID Tag Pet Collar Pendant Personalized Engraved Dog Face Name for Cat Puppy Keyring Charm Necklace Accessories Gender,4.8,5115,"1,000+ sold",1264,1000.0,Acessórios,8.540128162698734,7.142827401161621,6.90875477931522,en,Bone Dog ID Tag Pet Collar Pendant Personalized Engraved Dog Face Name for Cat Puppy Keyring Charm Necklace Accessories Gender,Bone Dog ID Tag,Cachorro
Bathroom  Puppy Big Dog Cat Bath Massage Gloves Brush Soft Safety Silicone Pet Accessories for Dogs Cats Tools,5.0,17995,5 sold,3,5.0,Higiene,9.797904789961065,1.3862943611198906,1.791759469228055,en,Bathroom  Puppy Big Dog Cat Bath Massage Gloves Brush Soft Safety Silicone Pet Accessories for Dogs Cats Tools,Bathroom Puppy Big Dog,Cachorro
Donut Cat Bed Pet Cat Tunnel Interactive Game Toy Cat Bed Dual-use Indoor Toy Kitten Sports Equipment Cat Training Toy Cat House,4.6,40,"2,000+ sold",7788,2000.0,Brinquedos,3.713572066704308,8.960467760919949,7.601402334583733,en,Donut Cat Bed Pet Cat Tunnel Interactive Game Toy Cat Bed Dual-use Indoor Toy Kitten Sports Equipment Cat Training Toy Cat House,Donut Cat Bed Pet,Gato
Pet Dog Toys Plush Chew Toy Soft Banana Bone Vegetable Fruit Squeaky Puppy Training Interactive Toy Bite-Resistant Pet Supplies,4.8,997,299 sold,330,299.0,Brinquedos,6.905753276311464,5.802118375377063,5.703782474656201,en,Pet Dog Toys Plush Chew Toy Soft Banana Bone Vegetable Fruit Squeaky Puppy Training Interactive Toy Bite-Resistant Pet Supplies,Pet Dog Toys Plush,Cachorro
1PC Animal Pet Doy Toys Pet Chew Squeaker Sound Toy for Dog Cats Playing Interactive Pig Duck Toy Pet Supplies,4.8,71,93 sold,2644,93.0,Brinquedos,4.276666119016055,7.8804263442924,4.543294782270004,en,1PC Animal Pet Doy Toys Pet Chew Squeaker Sound Toy for Dog Cats Playing Interactive Pig Duck Toy Pet Supplies,1PC Animal Pet Doy,Cachorro
Pet Pets Supplies Canvas Garbage Bags Poop Bag Dispenser Portable Dog Poop Waste Bag Holder Outdoor Puppy Cat Pick Up Organizer,4.9,14507,500+ sold,8684,500.0,Outros,9.582455500402792,9.069352678675203,6.2166061010848646,nl,Pet Pets Supplies Canvas Garbage Bags Poop Bag Dispenser Portable Dog Poop Waste Bag Holder Outdoor Puppy Cat Pick Up Organizer,Pet Pets Supplies Canvas,Cachorro
Relieve Stress Puppy Chewing Toys Carefully Crafted Dog Supplies Soft Dog Donuts Plush Pet Dog Toys And Relieve Boredom Dog Toys,5.0,207,22 sold,10,22.0,Brinquedos,5.337538079701318,2.3978952727983707,3.1354942159291497,en,Relieve Stress Puppy Chewing Toys Carefully Crafted Dog Supplies Soft Dog Donuts Plush Pet Dog Toys And Relieve Boredom Dog Toys,Relieve Stress Puppy Chewing,Cachorro
"Pet Full Size Upright Carpet Cleaner, Eliminate More Than 90% of Odor-Causing Bacteria, Dual Dirt Lifter Power Brushes, Orange",0.0,30,0 sold,1,0.0,Higiene,3.4339872044851463,0.6931471805599453,0.0,en,"Pet Full Size Upright Carpet Cleaner, Eliminate More Than 90% of Odor-Causing Bacteria, Dual Dirt Lifter Power Brushes, Orange",Pet Full Size Upright,Outros
"Cat Bed, Laurel Green and Beige",0.0,30,0 sold,0,0.0,Conforto,3.4339872044851463,0.0,0.0,nl,"Cat Bed, Laurel Green and Beige","Cat Bed, Laurel Green",Gato
Abstract Fantasy Print Pet Poop Bag Holder Dispenser Without Leash And Poop Bag Can Attached Any Dog Leads,4.8,119,345 sold,150,345.0,Acessórios,4.787491742782046,5.017279836814924,5.846438775057725,en,Abstract Fantasy Print Pet Poop Bag Holder Dispenser Without Leash And Poop Bag Can Attached Any Dog Leads,Abstract Fantasy Print Pet,Cachorro
2 Modes Smart Cat Toy Automatic Moving Remote Controlled Toy Car for Cats Dogs Interactive Playing Kitten Training Pet Supplies,4.9,1532,"2,000+ sold",495,2000.0,Brinquedos,7.334981878871814,6.206575926724928,7.601402334583733,en,2 Modes Smart Cat Toy Automatic Moving Remote Controlled Toy Car for Cats Dogs Interactive Playing Kitten Training Pet Supplies,2 Modes Smart Cat,Cachorro
Cat Pad Bed Sweet Soft Warm Pet Basket Cozy Kitten Lounger Cushion Pet House Tent Small Dog Mat For Washable Cats winter Beds,4.7,2784,"1,000+ sold",2541,1000.0,Conforto,7.932003152361385,7.8407064517494,6.90875477931522,en,Cat Pad Bed Sweet Soft Warm Pet Basket Cozy Kitten Lounger Cushion Pet House Tent Small Dog Mat For Washable Cats winter Beds,Cat Pad Bed Sweet,Cachorro
Large Dog Chew Toys Tougher than Real Bones Toy Squeaky Solve Boredom Teeth Separation Anxiety Crate Taining Sturdy Pet Supplies,4.5,57,69 sold,71,69.0,Brinquedos,4.060443010546419,4.276666119016055,4.248495242049359,en,Large Dog Chew Toys Tougher than Real Bones Toy Squeaky Solve Boredom Teeth Separation Anxiety Crate Taining Sturdy Pet Supplies,Large Dog Chew Toys,Cachorro
"Juguetes de peluche con forma de Animal para mascotas, juguetes para masticar, silbido, divertido, interactivo, Limpieza de dientes, suministros",0.0,13,2 Vendidos,2,2.0,Brinquedos,2.6390573296152584,1.0986122886681098,1.0986122886681098,es,Pet Plush Toys Animal Shape Chew Toys Whistle Funny Interactive Teeth Cleaning Toys Supplies,Pet Plush Toys Animal,Outros
Helmet chicken pet supplies funny safety helmet chicken hat chicken helmet protection pet chicken head cover,0.0,199,1 sold,0,1.0,Outros,5.298317366548036,0.0,0.6931471805599453,en,Helmet chicken pet supplies funny safety helmet chicken hat chicken helmet protection pet chicken head cover,Helmet chicken pet supplies,Outros
"Pet Hair Remover for Laundry, Lint Catcher, Laundry Catcher for Washing Machine, Reusable Dog Hair Remover for Laundry",0.0,333,56 sold,17,56.0,Outros,5.811140992976701,2.8903717578961645,4.04305126783455,en,"Pet Hair Remover for Laundry, Lint Catcher, Laundry Catcher for Washing Machine, Reusable Dog Hair Remover for Laundry",Pet Hair Remover for,Cachorro
New Fashion Pet Dog Collar High Quality TPU + Nylon Waterproof Deodorant Resistant Dirt Easy Clean Collars 7 Colors Pet Supplies,4.8,583,"1,000+ sold",493,1000.0,Acessórios,6.369900982828227,6.202535517187923,6.90875477931522,en,New Fashion Pet Dog Collar High Quality TPU + Nylon Waterproof Deodorant Resistant Dirt Easy Clean Collars 7 Colors Pet Supplies,New Fashion Pet Dog,Cachorro
Pets Tartar Control Kit for Dogs Contains Toothpaste Toothbrush and Fingerbrush 4-Piece Dental Care Kit for Pet Teeth Cleaning,5.0,40,294 sold,144,294.0,Higiene,3.713572066704308,4.976733742420574,5.68697535633982,en,Pets Tartar Control Kit for Dogs Contains Toothpaste Toothbrush and Fingerbrush 4-Piece Dental Care Kit for Pet Teeth Cleaning,Pets Tartar Control Kit,Cachorro
Pet Placemat Cat Food Pad Dog Bowl Mat Pet Feeding Mat Prevent Food and Water Spills Pet Supplies Silicone Easy To Clean,4.9,138,321 sold,287,321.0,Alimentação,4.934473933130692,5.662960480135946,5.7745515455444085,en,Pet Placemat Cat Food Pad Dog Bowl Mat Pet Feeding Mat Prevent Food and Water Spills Pet Supplies Silicone Easy To Clean,Pet Placemat Cat Food,Cachorro
Silicone Pet Feeding Dog Cat Bowl Food Mat Non-Stick Waterproof Pet Food Feeding Pad Puppy Feeder Tray Water Cushion Placemat,4.7,148,"1,000+ sold",1542,1000.0,Alimentação,5.003946305945459,7.341483852363161,6.90875477931522,en,Silicone Pet Feeding Dog Cat Bowl Food Mat Non-Stick Waterproof Pet Food Feeding Pad Puppy Feeder Tray Water Cushion Placemat,Silicone Pet Feeding Dog,Cachorro
Large Dog Ball Toys Suction Cup Ropes Interactive Leaking Slow Feeder Chew Toy Toothing Clean Golden Retriever Big Pet Supplies,4.6,531,"4,000+ sold",7846,4000.0,Brinquedos,6.2766434893416445,8.967886572127473,8.294299608857235,en,Large Dog Ball Toys Suction Cup Ropes Interactive Leaking Slow Feeder Chew Toy Toothing Clean Golden Retriever Big Pet Supplies,Large Dog Ball Toys,Cachorro
Clean Touch Pad for Pet Handprints and Footprints Inkless Infant Hand & Foot Stamp Safe for Pet and Babies Doesn’t Touch Skin,4.5,165,600+ sold,896,600.0,Higiene,5.111987788356544,6.799055862058796,6.398594934535208,en,Clean Touch Pad for Pet Handprints and Footprints Inkless Infant Hand & Foot Stamp Safe for Pet and Babies Doesn’t Touch Skin,Clean Touch Pad for,Outros
"1pc Felt Pet Toy Box, Dog Toy Box, Storage Basket Chest Organizer For Organizing Pet Toys, Blankets, Leashes And Food",0.0,13,14 sold,16,14.0,Brinquedos,2.6390573296152584,2.833213344056216,2.70805020110221,en,"1pc Felt Pet Toy Box, Dog Toy Box, Storage Basket Chest Organizer For Organizing Pet Toys, Blankets, Leashes And Food",1pc Felt Pet Toy,Cachorro
New Pet Poop Bag Storage Bags Oxford Dog Poop Collection Bag Portable Garbage Bag Dispenser Outdoor Cleaning Tools Accessories,4.8,20,342 sold,255,342.0,Higiene,3.044522437723423,5.545177444479562,5.83773044716594,en,New Pet Poop Bag Storage Bags Oxford Dog Poop Collection Bag Portable Garbage Bag Dispenser Outdoor Cleaning Tools Accessories,New Pet Poop Bag,Cachorro
7/8/9.5Inch Dog Tennis Ball Giant Pet Toys for Dog Chewing Toy Signature Mega Jumbo Kids Ball Training Supplies Dropship Plush,4.6,401,"2,000+ sold",4954,2000.0,Brinquedos,5.996452088619021,8.508152446764088,7.601402334583733,en,7/8/9.5Inch Dog Tennis Ball Giant Pet Toys for Dog Chewing Toy Signature Mega Jumbo Kids Ball Training Supplies Dropship Plush,7/8/9.5Inch Dog Tennis Ball,Cachorro
Dog Poop Bag Carrier Portable Pet Waste Bag Dispenser Luxury Stylish Dog Garbage Holder Dispensers Cleaning Supplies,5.0,120,36 sold,26,36.0,Higiene,4.795790545596741,3.295836866004329,3.610917912644224,en,Dog Poop Bag Carrier Portable Pet Waste Bag Dispenser Luxury Stylish Dog Garbage Holder Dispensers Cleaning Supplies,Dog Poop Bag Carrier,Cachorro
Bathroom Puppycat Washing Massage Dispenser Grooming Shower Brush Soft Silicone Dog Brush Pet Shampoo Massager Bath Brush,4.6,186,"1,000+ sold",12979,1000.0,Higiene,5.231108616854587,9.471164990258082,6.90875477931522,en,Bathroom Puppycat Washing Massage Dispenser Grooming Shower Brush Soft Silicone Dog Brush Pet Shampoo Massager Bath Brush,Bathroom Puppycat Washing Massage,Cachorro
6pcs Natural Matatabi Cat Stick Mint Caught Bite Excited Rods Silvervine For Cat Teeth Cleaning Treating Pet Supply Cat Toys,0.0,3995,8 sold,7,8.0,Brinquedos,8.293049139768444,2.079441541679836,2.19722457733622,en,6pcs Natural Matatabi Cat Stick Mint Caught Bite Excited Rods Silvervine For Cat Teeth Cleaning Treating Pet Supply Cat Toys,6pcs Natural Matatabi Cat,Gato
Hot pet portable breast back dog bee breast strap walking dog leash out leash small and medium-sized dog pet supplies,5.0,14984,15 sold,6,15.0,Acessórios,9.614804979750764,1.9459101490553128,2.772588722239781,en,Hot pet portable breast back dog bee breast strap walking dog leash out leash small and medium-sized dog pet supplies,Hot pet portable breast,Cachorro
Pet Clicker Dog Training Whistle Pet Dog Training Sound Pet Dog Trainer Assistive Guide With Key Ring Dog Supplies Pet Products,4.2,36,76 sold,14,76.0,Outros,3.610917912644224,2.70805020110221,4.343805421853684,en,Pet Clicker Dog Training Whistle Pet Dog Training Sound Pet Dog Trainer Assistive Guide With Key Ring Dog Supplies Pet Products,Pet Clicker Dog Training,Cachorro
Led Luminous Dog Cat Collar Pendant Glowing Charm Lights Colorful Safety Lights for Night Walking Pet Collar Supplies Accessorie,5.0,74,28 sold,7,28.0,Acessórios,4.31748811353631,2.079441541679836,3.367295829986474,en,Led Luminous Dog Cat Collar Pendant Glowing Charm Lights Colorful Safety Lights for Night Walking Pet Collar Supplies Accessorie,Led Luminous Dog Cat,Cachorro
Cat Combs Pet Grooming Needle Brush Magic Massage Comb for Cat Dog Cleaning Care Pet Cleaning Supplies,0.0,2993,3 sold,4,3.0,Higiene,8.004365564979574,1.6094379124341005,1.3862943611198906,en,Cat Combs Pet Grooming Needle Brush Magic Massage Comb for Cat Dog Cleaning Care Pet Cleaning Supplies,Cat Combs Pet Grooming,Cachorro
"Carlson Maxi Extra Tall Pet Gate, Expands 51-58 Inches Wide",0.0,30,0 sold,0,0.0,Outros,3.4339872044851463,0.0,0.0,en,"Carlson Maxi Extra Tall Pet Gate, Expands 51-58 Inches Wide",Carlson Maxi Extra Tall,Outros
Dog Chew Toys Rubber Toothbrush Molar Stick Tooth Cleaning Brush Toys for Small Large Dogs Interactive Training Toy Accessories,0.0,18,21 sold,49,21.0,Brinquedos,2.9444389791664403,3.912023005428146,3.091042453358316,en,Dog Chew Toys Rubber Toothbrush Molar Stick Tooth Cleaning Brush Toys for Small Large Dogs Interactive Training Toy Accessories,Dog Chew Toys Rubber,Cachorro
Cat and dog feeder Pet water dispenser Cat food bowl Large capacity feeder water dispenser Pet supplies,5.0,7819,140 sold,191,140.0,Alimentação,8.964439833539357,5.2574953720277815,4.948759890378168,en,Cat and dog feeder Pet water dispenser Cat food bowl Large capacity feeder water dispenser Pet supplies,Cat and dog feeder,Cachorro
Pet Squeaky Toys Cute Chicken Dog Chewing Rubber Toy Cleaning Tooth Dog Chew Toy For Dogs Bite Resistant Sounder Pet Supplies,4.6,931,59 sold,14,59.0,Brinquedos,6.837332814685591,2.70805020110221,4.0943445622221,en,Pet Squeaky Toys Cute Chicken Dog Chewing Rubber Toy Cleaning Tooth Dog Chew Toy For Dogs Bite Resistant Sounder Pet Supplies,Pet Squeaky Toys Cute,Cachorro
المحمولة الحيوانات الأليفة في الهواء الطلق جيب القمامة ، الحيوانات الأليفة كيس النفايات موزع ، مشبك معلق ، أكياس الروث ، صندوق تخزين ، منتجات تنظيف الحيوانات الأليفة,4.8,418,900+ تم البيع,384,900.0,Higiene,6.037870919922137,5.953243334287785,6.803505257608338,ar,"Portable Outdoor Pet Litter Pocket, Pet Waste Bag Dispenser, Hanging Clip, Dung Bags, Storage Box, Pet Cleaning Products",Portable Outdoor Pet Litter,Outros
3.2L/108oz Pet Fountain Water Bowl Dog Drinking Cat Water Fountain Stainless Steel Dispenser Cat double head Watering Supplies,5.0,17,3 sold,21,3.0,Alimentação,2.8903717578961645,3.091042453358316,1.3862943611198906,en,3.2L/108oz Pet Fountain Water Bowl Dog Drinking Cat Water Fountain Stainless Steel Dispenser Cat double head Watering Supplies,3.2L/108oz Pet Fountain Water,Cachorro
"Fine Tooth Pet Comb for Cats and Dogs, Remove Floating Hair, Needle Comb to Open Knots, Pet Hair Brush, Cat Brush",0.0,1498,2 sold,0,2.0,Higiene,7.312553498102598,0.0,1.0986122886681098,en,"Fine Tooth Pet Comb for Cats and Dogs, Remove Floating Hair, Needle Comb to Open Knots, Pet Hair Brush, Cat Brush",Fine Tooth Pet Comb,Cachorro
Dog Whistle To Stop Barking Device Dog Copper Silent Ultrasonic Training Flute Stop Barking for Pet Supplies Sound Trainer Tool,4.5,3,27 sold,6,27.0,Outros,1.3862943611198906,1.9459101490553128,3.332204510175204,en,Dog Whistle To Stop Barking Device Dog Copper Silent Ultrasonic Training Flute Stop Barking for Pet Supplies Sound Trainer Tool,Dog Whistle To Stop,Cachorro
5Pcs/lot Cute Dog Hairpin Colorful Bone Shape Hairpin Pet Small Dogs Hair Clips for Chihuahua Pug Grooming Dog Accessories,4.7,1344,500+ sold,305,500.0,Higiene,7.20414929203594,5.723585101952381,6.2166061010848646,en,5Pcs/lot Cute Dog Hairpin Colorful Bone Shape Hairpin Pet Small Dogs Hair Clips for Chihuahua Pug Grooming Dog Accessories,5Pcs/lot Cute Dog Hairpin,Cachorro
Pet Car Elastic Fence Dog Safety Isolation Net Children Travel Isolation Barrier Mesh Dog Fence Anti-collision Mesh Pet Supplies,4.5,148,437 sold,415,437.0,Outros,5.003946305945459,6.030685260261263,6.082218910376446,en,Pet Car Elastic Fence Dog Safety Isolation Net Children Travel Isolation Barrier Mesh Dog Fence Anti-collision Mesh Pet Supplies,Pet Car Elastic Fence,Cachorro
Non-toxic Inkpad Footprints Handprint No Touch Skin Inkless Kits for 0-6 Months Newborn Pet Dog Cat Paw Safe Prints Souvenirs,4.3,233,500+ sold,291,500.0,Sanitário,5.455321115357702,5.676753802268282,6.2166061010848646,en,Non-toxic Inkpad Footprints Handprint No Touch Skin Inkless Kits for 0-6 Months Newborn Pet Dog Cat Paw Safe Prints Souvenirs,Non-toxic Inkpad Footprints Handprint,Cachorro
Dog And Cat Self-service Feeder Anti-knock Double Bowl Water Bottle Pet Supplies Stainless Steel Feeder Cat Drinking Fountain,4.0,108,175 sold,303,175.0,Alimentação,4.691347882229144,5.717027701406222,5.170483995038151,en,Dog And Cat Self-service Feeder Anti-knock Double Bowl Water Bottle Pet Supplies Stainless Steel Feeder Cat Drinking Fountain,Dog And Cat Self-service,Cachorro
Plush Dog Vocal Toy Ball Funny Interactive Pet Toys with Bells Cleaning Tooth Chew Toy For Small Large Dogs Cats Puppy Plaything,4.8,1,283 sold,96,283.0,Brinquedos,0.6931471805599453,4.574710978503383,5.648974238161206,en,Plush Dog Vocal Toy Ball Funny Interactive Pet Toys with Bells Cleaning Tooth Chew Toy For Small Large Dogs Cats Puppy Plaything,Plush Dog Vocal Toy,Cachorro
K & H pet products thermo-snuggle Cup bomber-indoor heated cat bed gray 14x18 inches,0.0,12,0 sold,0,0.0,Conforto,2.5649493574615367,0.0,0.0,en,K & H pet products thermo-snuggle Cup bomber-indoor heated cat bed gray 14x18 inches,K & H pet,Gato
Cat Pet Toy Feather Tail Mouse 6cm Paint Cage Mouse Fissle Colorful Painted Wire Feather Mice In Cage Cat Toy Pet Supplies,4.4,37,327 sold,93,327.0,Brinquedos,3.6375861597263857,4.543294782270004,5.793013608384144,en,Cat Pet Toy Feather Tail Mouse 6cm Paint Cage Mouse Fissle Colorful Painted Wire Feather Mice In Cage Cat Toy Pet Supplies,Cat Pet Toy Feather,Gato
Plush Dog Vocal Toy Ball Funny Interactive Pet Toys with Bells Cleaning Tooth Chew Toy For Small Large Dogs Cats Puppy Plaything,4.9,8,322 sold,122,322.0,Brinquedos,2.19722457733622,4.812184355372417,5.777652323222656,en,Plush Dog Vocal Toy Ball Funny Interactive Pet Toys with Bells Cleaning Tooth Chew Toy For Small Large Dogs Cats Puppy Plaything,Plush Dog Vocal Toy,Cachorro
Dog Corduroy Toys  Animal Shape Plush  Squeaky Chew Bite Resistant Toy Pets Accessories Supplies  for Small Large Dogs,4.7,229,465 sold,174,465.0,Brinquedos,5.438079308923196,5.1647859739235145,6.144185634125646,en,Dog Corduroy Toys  Animal Shape Plush  Squeaky Chew Bite Resistant Toy Pets Accessories Supplies  for Small Large Dogs,Dog Corduroy Toys Animal,Cachorro
"Fun simulation of mouse and cat toys, cat, kitten, rope, mouse, caterpillar, interactive toy, telescopic hanging door, pet toy",4.8,20235,"1,000+ sold",351,1000.0,Brinquedos,9.915218475411828,5.863631175598097,6.90875477931522,en,"Fun simulation of mouse and cat toys, cat, kitten, rope, mouse, caterpillar, interactive toy, telescopic hanging door, pet toy",Fun simulation of mouse,Gato
Cat Toys Interactive Launch Training Toy For Pet Kitten Creative Mini Shooting Gun Games Stretch Plush Ball Toys Pet Supplies,4.7,48856,"2,000+ sold",1645,2000.0,Brinquedos,10.796652943008546,7.406103381237015,7.601402334583733,en,Cat Toys Interactive Launch Training Toy For Pet Kitten Creative Mini Shooting Gun Games Stretch Plush Ball Toys Pet Supplies,Cat Toys Interactive Launch,Gato
Silicone Dog Treat Bag Pet Portable Dog Training Waist Bag Outdoor Feeder Puppy Snack Pouch Food Reward Storage Bag Pet Supplies,4.7,121,280 sold,260,280.0,Alimentação,4.804021044733257,5.564520407322694,5.638354669333745,en,Silicone Dog Treat Bag Pet Portable Dog Training Waist Bag Outdoor Feeder Puppy Snack Pouch Food Reward Storage Bag Pet Supplies,Silicone Dog Treat Bag,Cachorro
Dog Crate  Cage Pet  for Large s Folding Metal   Double Door W/Divider Panel,5.0,18,2 sold,11,2.0,Outros,2.9444389791664403,2.4849066497880004,1.0986122886681098,da,Dog Crate  Cage Pet  for Large s Folding Metal   Double Door W/Divider Panel,Dog Crate Cage Pet,Cachorro
Cute love bone plush vocal dog toys containing bb called grinding teeth bite resistant interactive play pet supplies,4.8,105,700+ sold,323,700.0,Brinquedos,4.663439094112067,5.780743515792329,6.55250788703459,en,Cute love bone plush vocal dog toys containing bb called grinding teeth bite resistant interactive play pet supplies,Cute love bone plush,Cachorro
New love pet glasses dog cat cute creative fashion sunglasses sunglasses with jewelry pet beauty decoration supplies,4.8,66,267 sold,268,267.0,Outros,4.204692619390966,5.594711379601839,5.5909869805108565,en,New love pet glasses dog cat cute creative fashion sunglasses sunglasses with jewelry pet beauty decoration supplies,New love pet glasses,Cachorro
Endotracheal Intubation Balloon Pressure Gauge Saturation Detection Device Pet Animal Anesthesia Machine Accessories Clinic,4.7,2,500+ sold,1408,500.0,Brinquedos,1.0986122886681098,7.25063551189868,6.2166061010848646,en,Endotracheal Intubation Balloon Pressure Gauge Saturation Detection Device Pet Animal Anesthesia Machine Accessories Clinic,Endotracheal Intubation Balloon Pressure,Outros
350ml Collapsible Dog Pet Folding Silicone Bowl Outdoor Travel Portable Puppy Food Container Feeder Dish Bowl Pet supplies,4.8,1814,"4,000+ sold",1819,4000.0,Alimentação,7.503840746698951,7.506591780070841,8.294299608857235,en,350ml Collapsible Dog Pet Folding Silicone Bowl Outdoor Travel Portable Puppy Food Container Feeder Dish Bowl Pet supplies,350ml Collapsible Dog Pet,Cachorro
Pet Dog and Cat Adjustable Harness with Leash Reflective and Breathable for Small and Large Dog Harness Vest Pet Supplies,4.8,246,"2,000+ sold",2966,2000.0,Acessórios,5.5093883366279774,7.995306620290822,7.601402334583733,en,Pet Dog and Cat Adjustable Harness with Leash Reflective and Breathable for Small and Large Dog Harness Vest Pet Supplies,Pet Dog and Cat,Cachorro
Cat Chew Toys Caterpillar Catnip Molar Toy Silvervine Cat Teaser Interaction Toy Clean Mouth Kitten Toy Pet Supplies Accessories,4.6,20,71 sold,63,71.0,Brinquedos,3.044522437723423,4.158883083359672,4.276666119016055,en,Cat Chew Toys Caterpillar Catnip Molar Toy Silvervine Cat Teaser Interaction Toy Clean Mouth Kitten Toy Pet Supplies Accessories,Cat Chew Toys Caterpillar,Gato
Pet Bath Brush Bathroom Soft Silicone Massage Comb Soft Safety Dog Cat Shampoo Brush Hair Fur Grooming Cleaning Accessories,4.8,251,900+ sold,450,900.0,Higiene,5.529429087511423,6.111467339502679,6.803505257608338,en,Pet Bath Brush Bathroom Soft Silicone Massage Comb Soft Safety Dog Cat Shampoo Brush Hair Fur Grooming Cleaning Accessories,Pet Bath Brush Bathroom,Cachorro
Ultra-Quiet Cat Water Fountain Filter Smart Automatic Pet Dog Water Dispenser&Burnout Prevention Pump1.5L Recirculate Filtrin,4.6,2572,"10,000+ sold",31902,10000.0,Conforto,7.852827812281744,10.370455328238236,9.210440366976515,en,Ultra-Quiet Cat Water Fountain Filter Smart Automatic Pet Dog Water Dispenser&Burnout Prevention Pump1.5L Recirculate Filtrin,Ultra-Quiet Cat Water Fountain,Cachorro
TOUA Choice XS/M Dog Collar USB Rechargeable Light Up LED Collar Lights Adjustable Soft Safety Night Light Flashing Pet Supplies,4.7,1282,"3,000+ sold",1394,3000.0,Acessórios,7.1569563646156364,7.240649694255466,8.006700845440367,en,TOUA Choice XS/M Dog Collar USB Rechargeable Light Up LED Collar Lights Adjustable Soft Safety Night Light Flashing Pet Supplies,TOUA Choice XS/M Dog,Cachorro
"Small Dog Bed - Round Cat Beds for Indoor Cats Calming Pet Beds, Cute Modern Beds with Jacquard Shaggy Plush & Anti Slip Bottom",0.0,89,1 sold,7,1.0,Brinquedos,4.499809670330265,2.079441541679836,0.6931471805599453,en,"Small Dog Bed - Round Cat Beds for Indoor Cats Calming Pet Beds, Cute Modern Beds with Jacquard Shaggy Plush & Anti Slip Bottom",Small Dog Bed -,Cachorro
20Pcs/Bag Pet Cleaning Teeth Finger Cover Dog Cat Remove Tartar Calculus Oral Care Cochlear Cleaning Non-woven Fabric Finger Cot,4.8,30,500+ sold,401,500.0,Higiene,3.4339872044851463,5.996452088619021,6.2166061010848646,en,20Pcs/Bag Pet Cleaning Teeth Finger Cover Dog Cat Remove Tartar Calculus Oral Care Cochlear Cleaning Non-woven Fabric Finger Cot,20Pcs/Bag Pet Cleaning Teeth,Cachorro
LED Luminous Dog Cat Collar Glowing Pendant Flash Lights Pet Leads Accessories Night Walking Pet Collar Supplies Accessorie,4.7,65,192 sold,44,192.0,Acessórios,4.189654742026425,3.80666248977032,5.262690188904886,en,LED Luminous Dog Cat Collar Glowing Pendant Flash Lights Pet Leads Accessories Night Walking Pet Collar Supplies Accessorie,LED Luminous Dog Cat,Cachorro
Pet Bathing Brush Soft Silicone Massager Shower Gel Bathing Brush Clean Tools Comb Dog Cat Cleaning Grooming Supplies,4.7,670,"1,000+ sold",596,1000.0,Higiene,6.508769136971682,6.391917113392602,6.90875477931522,en,Pet Bathing Brush Soft Silicone Massager Shower Gel Bathing Brush Clean Tools Comb Dog Cat Cleaning Grooming Supplies,Pet Bathing Brush Soft,Cachorro
"39.6” Dog Gate for Stairs & Doorways, 30"" Tall Baby Gate Pressure Mount Pet Gates, Easy Step Auto Close Both Sides Walk Thru",0.0,60,0 sold,0,0.0,Outros,4.110873864173311,0.0,0.0,en,"39.6” Dog Gate for Stairs & Doorways, 30"" Tall Baby Gate Pressure Mount Pet Gates, Easy Step Auto Close Both Sides Walk Thru",39.6” Dog Gate for,Cachorro
Supet Interactive Training Pet Toy Ring Spiked Ring Dog Teeth Cleaning Pet Supplies,4.7,341,"1,000+ sold",560,1000.0,Brinquedos,5.834810737062605,6.329720905522696,6.90875477931522,en,Supet Interactive Training Pet Toy Ring Spiked Ring Dog Teeth Cleaning Pet Supplies,Supet Interactive Training Pet,Cachorro
1PC Dog Training Collar/Portable Remote Control Electric Bark Stopper Waterproof Pet Training Device With Beep Shock,4.3,1302,52 sold,483,52.0,Acessórios,7.172424577124845,6.182084906716632,3.970291913552122,en,1PC Dog Training Collar/Portable Remote Control Electric Bark Stopper Waterproof Pet Training Device With Beep Shock,1PC Dog Training Collar/Portable,Cachorro
Cute Plush Toys Squeak Pet Cow Rabbit Animal Plush Toy Dog Chew Squeaky Whistling Involved Squirrel Dog Toys,4.9,80,600+ sold,269,600.0,Brinquedos,4.394449154672439,5.598421958998375,6.398594934535208,en,Cute Plush Toys Squeak Pet Cow Rabbit Animal Plush Toy Dog Chew Squeaky Whistling Involved Squirrel Dog Toys,Cute Plush Toys Squeak,Cachorro
"Large Dog Cage with 360 ° and Adjustable Dog Protruding Feeder, 2 Stainless Steel Bowls, 41 ""L X 24"" W 36 ""H,classic Brown Color",0.0,1000,0 sold,0,0.0,Alimentação,6.90875477931522,0.0,0.0,en,"Large Dog Cage with 360 ° and Adjustable Dog Protruding Feeder, 2 Stainless Steel Bowls, 41 ""L X 24"" W 36 ""H,classic Brown Color",Large Dog Cage with,Cachorro
Pet Supplies Cat Water Bowl Dog Drinking Bowl Pet Floating Cat Bowl Splash-proof  Transparent Large Capacity 2L Water Dispenser,0.0,11979,27 sold,14,27.0,Alimentação,9.39099387166944,2.70805020110221,3.332204510175204,en,Pet Supplies Cat Water Bowl Dog Drinking Bowl Pet Floating Cat Bowl Splash-proof  Transparent Large Capacity 2L Water Dispenser,Pet Supplies Cat Water,Cachorro
Interactive Ball Smart Cat Toys Plush Electric Catnip Training Toy Kitten Touch Sounding Pet Product Squeak Toy Ball,4.8,1491,"3,000+ sold",2441,3000.0,Brinquedos,7.307872780763706,7.80057265467065,8.006700845440367,en,Interactive Ball Smart Cat Toys Plush Electric Catnip Training Toy Kitten Touch Sounding Pet Product Squeak Toy Ball,Interactive Ball Smart Cat,Gato
Waterproof Pet Mat For Dog Cat Solid Color Silicone Pet Food Feeding Pad Pet Bowl Drinking Mat Portable Dog Feeding Mat Placemat,4.8,139,200 sold,174,200.0,Alimentação,4.941642422609304,5.1647859739235145,5.303304908059076,en,Waterproof Pet Mat For Dog Cat Solid Color Silicone Pet Food Feeding Pad Pet Bowl Drinking Mat Portable Dog Feeding Mat Placemat,Waterproof Pet Mat For,Cachorro
Personalized Dog Collar Leather Rhinestone Bling Charms Custom Pet Dogs Cat Name,4.9,313,500+ sold,24149,500.0,Acessórios,5.749392985908253,10.09203965908072,6.2166061010848646,en,Personalized Dog Collar Leather Rhinestone Bling Charms Custom Pet Dogs Cat Name,Personalized Dog Collar Leather,Cachorro
150/200/300cm Strong Dog Leash Pet Leashes Reflective Leash For Big Small Medium Large Dog Leash Drag Pull Tow Golden Retriever,4.7,441,"2,000+ sold",9011,2000.0,Acessórios,6.091309882077698,9.106312301552135,7.601402334583733,en,150/200/300cm Strong Dog Leash Pet Leashes Reflective Leash For Big Small Medium Large Dog Leash Drag Pull Tow Golden Retriever,150/200/300cm Strong Dog Leash,Cachorro
Cat Treat Dispensing Ball Toy Adjustable Leakage Mouth Slow Feeder Puzzle Ball Interactive Pet Toys For Training,5.0,24,84 sold,39,84.0,Brinquedos,3.218875824868201,3.688879454113936,4.442651256490317,en,Cat Treat Dispensing Ball Toy Adjustable Leakage Mouth Slow Feeder Puzzle Ball Interactive Pet Toys For Training,Cat Treat Dispensing Ball,Gato
"Interactive Cat Feather Toys, Hanging Electric Cat Toys for Indoor Cats,  Cat Teaser Toy, Kitten Toys, Automatic Cat Toy",4.7,2439,153 sold,590,153.0,Brinquedos,7.799753318287247,6.3818160174060985,5.0369526024136295,en,"Interactive Cat Feather Toys, Hanging Electric Cat Toys for Indoor Cats,  Cat Teaser Toy, Kitten Toys, Automatic Cat Toy","Interactive Cat Feather Toys,",Gato
New three-bowl dry and wet separation drinking water feeder 1000ml large capacity silent filter live water pet supplies,0.0,5991,9 sold,23,9.0,Alimentação,8.698180525197055,3.1780538303479458,2.302585092994046,en,New three-bowl dry and wet separation drinking water feeder 1000ml large capacity silent filter live water pet supplies,New three-bowl dry and,Outros
150ml Pet Dog Paw Cleansing Foam Convenient Cat Foot Rinse-free Detergent Pet care Easy to clean Pet supplies,0.0,3,8 sold,14,8.0,Higiene,1.3862943611198906,2.70805020110221,2.19722457733622,en,150ml Pet Dog Paw Cleansing Foam Convenient Cat Foot Rinse-free Detergent Pet care Easy to clean Pet supplies,150ml Pet Dog Paw,Cachorro
Cat Toy Training Entertainment Fish Plush Stuffed Pillow 20Cm Simulation Fish Cat Toy Fish Interactive Pet Chew Toy Pet Supplies,4.9,208,119 sold,63,119.0,Brinquedos,5.342334251964811,4.158883083359672,4.787491742782046,en,Cat Toy Training Entertainment Fish Plush Stuffed Pillow 20Cm Simulation Fish Cat Toy Fish Interactive Pet Chew Toy Pet Supplies,Cat Toy Training Entertainment,Gato
Portable Dog Water Bottle Food and Water Container For Dog Pets Feeder Bowl Outdoor Travel Drinking Bowls Water Dispenser,4.8,5686,"1,000+ sold",5186,1000.0,Alimentação,8.645938147306799,8.553910774351401,6.90875477931522,en,Portable Dog Water Bottle Food and Water Container For Dog Pets Feeder Bowl Outdoor Travel Drinking Bowls Water Dispenser,Portable Dog Water Bottle,Cachorro
Custom Dog ID Tag Engraved Retro Personalized Name ID Tag For Dogs Cats Puppies Round Metal Nameplate Pet Products,4.8,60658,147 sold,3511,147.0,Outros,11.013023295778629,8.163940954755008,4.997212273764115,en,Custom Dog ID Tag Engraved Retro Personalized Name ID Tag For Dogs Cats Puppies Round Metal Nameplate Pet Products,Custom Dog ID Tag,Cachorro
150PCS Pet Remove Dirt From Eyes and Ears Wipes Dog and Cat Earwax Clean Ears Odor Remover Wet Tissue Cleaning Tools Supplies,0.0,39,2 sold,0,2.0,Higiene,3.688879454113936,0.0,1.0986122886681098,en,150PCS Pet Remove Dirt From Eyes and Ears Wipes Dog and Cat Earwax Clean Ears Odor Remover Wet Tissue Cleaning Tools Supplies,150PCS Pet Remove Dirt,Cachorro
Pet Portable Dog Training Waist Bag Dog Treat Pouch With Drawstring Puppy Dogs Obedience Agility Reward Food Storage,0.0,50,7 sold,11,7.0,Alimentação,3.9318256327243257,2.4849066497880004,2.079441541679836,en,Pet Portable Dog Training Waist Bag Dog Treat Pouch With Drawstring Puppy Dogs Obedience Agility Reward Food Storage,Pet Portable Dog Training,Cachorro
Stainless Steel Cat Litter Shovel Durable Litter Scooper Pets Supplies for Lizards Kitten Kitty Dogs Waste Instant Cleaning Tool,0.0,181,12 sold,6,12.0,Higiene,5.204006687076795,1.9459101490553128,2.5649493574615367,en,Stainless Steel Cat Litter Shovel Durable Litter Scooper Pets Supplies for Lizards Kitten Kitty Dogs Waste Instant Cleaning Tool,Stainless Steel Cat Litter,Cachorro
"Welded Rectangular Outdoor Wire Crate Kennel for Cat,  Black,  102 x 48 x 72 Inches, Dog Large",0.0,10,0 sold,0,0.0,Outros,2.3978952727983707,0.0,0.0,en,"Welded Rectangular Outdoor Wire Crate Kennel for Cat,  Black,  102 x 48 x 72 Inches, Dog Large",Welded Rectangular Outdoor Wire,Cachorro
Donut Puppy Chew Toys Dogs Bite Interactive Stuffed Sound Squeaky Toy Pet Supplies,0.0,3,1 sold,0,1.0,Brinquedos,1.3862943611198906,0.0,0.6931471805599453,en,Donut Puppy Chew Toys Dogs Bite Interactive Stuffed Sound Squeaky Toy Pet Supplies,Donut Puppy Chew Toys,Cachorro
"Soft padded dog cage furniture, XL wooden door dog cage, indoor dog house, end table, oversized, 43.3 ""L, dark gray",0.0,4000,0 sold,0,0.0,Sanitário,8.294299608857235,0.0,0.0,en,"Soft padded dog cage furniture, XL wooden door dog cage, indoor dog house, end table, oversized, 43.3 ""L, dark gray",Soft padded dog cage,Cachorro
Pet Supplies Dog Cat Food Pail Plastic Storage Tank with Measuring Cup Container Moisture-proof Sealed Jar Accessories,0.0,265,7 sold,7,7.0,Alimentação,5.583496308781699,2.079441541679836,2.079441541679836,en,Pet Supplies Dog Cat Food Pail Plastic Storage Tank with Measuring Cup Container Moisture-proof Sealed Jar Accessories,Pet Supplies Dog Cat,Cachorro
HOOPET Pet Dog Toy Balls Squeak Puppy Toys Interesting Tennis Football Tooth Cleaning Toys for Dogs,5.0,788,82 sold,3,82.0,Brinquedos,6.670766320845874,1.3862943611198906,4.418840607796598,en,HOOPET Pet Dog Toy Balls Squeak Puppy Toys Interesting Tennis Football Tooth Cleaning Toys for Dogs,HOOPET Pet Dog Toy,Cachorro
Steel Needle Beauty Supplies Comb Cat Hair Cat Comb Dog Comb Pet Dog Hair Pet Brush pet groomer pet hair pet race,5.0,377,16 sold,89,16.0,Higiene,5.934894195619588,4.499809670330265,2.833213344056216,en,Steel Needle Beauty Supplies Comb Cat Hair Cat Comb Dog Comb Pet Dog Hair Pet Brush pet groomer pet hair pet race,Steel Needle Beauty Supplies,Cachorro
"Animals Design Durable Dog Chew Toys Pigs, cows, chickens, Tough Squeaky Dog Grinding Teeth Toys,Pet latex to clean teeth toys",1.0,59,8 sold,3,8.0,Brinquedos,4.0943445622221,1.3862943611198906,2.19722457733622,en,"Animals Design Durable Dog Chew Toys Pigs, cows, chickens, Tough Squeaky Dog Grinding Teeth Toys,Pet latex to clean teeth toys",Animals Design Durable Dog,Cachorro
Pet Dogs Plush Animal Chewing Toy Wear-resistant Squeak Cute Bear Fox Toys for Dog Puppy Teddy Interactive Supplies,4.8,179,"1,000+ sold",1674,1000.0,Brinquedos,5.19295685089021,7.423568444259167,6.90875477931522,en,Pet Dogs Plush Animal Chewing Toy Wear-resistant Squeak Cute Bear Fox Toys for Dog Puppy Teddy Interactive Supplies,Pet Dogs Plush Animal,Cachorro
1Pcs Bone Shaped Poop Bag Dispenser Pet Dog Waste Bag Holder Plastic Garbage Bag Dispenser Carrier Case Disposal Bag Dispenser,4.9,7483,"2,000+ sold",1169,2000.0,Outros,8.92052268739398,7.064759027791802,7.601402334583733,en,1Pcs Bone Shaped Poop Bag Dispenser Pet Dog Waste Bag Holder Plastic Garbage Bag Dispenser Carrier Case Disposal Bag Dispenser,1Pcs Bone Shaped Poop,Cachorro
1pc Teething Pet Toy Dog Solid Toy Ball Interactive Dog Toy Light Popcorn Ball Dog Ball Light Chew Rubber Ball High Elastic Bite,4.8,75,"1,000+ sold",378,1000.0,Brinquedos,4.330733340286331,5.937536205082426,6.90875477931522,en,1pc Teething Pet Toy Dog Solid Toy Ball Interactive Dog Toy Light Popcorn Ball Dog Ball Light Chew Rubber Ball High Elastic Bite,1pc Teething Pet Toy,Cachorro
Non-Slip Double Cat Bowl Dog Bowl With Stand Pet Feeding Cat Water Bowl For Cats Food Pet Bowls For Dogs Feeder Product Supplies,4.8,10148,"1,000+ sold",2007,1000.0,Alimentação,9.225130457448818,7.60489448081162,6.90875477931522,en,Non-Slip Double Cat Bowl Dog Bowl With Stand Pet Feeding Cat Water Bowl For Cats Food Pet Bowls For Dogs Feeder Product Supplies,Non-Slip Double Cat Bowl,Cachorro
Night Reflection Dog Pet Towing Rope 1.2/1.5/1.8m Guard Rope Pet Walking Training Leash Cats Dogs Harness Collar Lead Strap,4.7,19431,"2,000+ sold",1384,2000.0,Acessórios,9.874676470682008,7.233455418621439,7.601402334583733,en,Night Reflection Dog Pet Towing Rope 1.2/1.5/1.8m Guard Rope Pet Walking Training Leash Cats Dogs Harness Collar Lead Strap,Night Reflection Dog Pet,Cachorro
Cat Steam Brush Steamy Dog Brush 3 in 1 Electric Spray Cat Hair Brushes for Massage Pet Grooming Comb Hair Removal Combs,4.8,268,"2,000+ sold",1102,2000.0,Higiene,5.594711379601839,7.005789019253503,7.601402334583733,en,Cat Steam Brush Steamy Dog Brush 3 in 1 Electric Spray Cat Hair Brushes for Massage Pet Grooming Comb Hair Removal Combs,Cat Steam Brush Steamy,Cachorro
2 PCS / LOT Personalized Small Dog Cat ID Tag Name Collar Tags For Kitten Puppy Pet Dog ID Tag Aluminium Pet Products Supplies,4.9,19762,180 sold,75,180.0,Acessórios,9.891566781640435,4.330733340286331,5.198497031265826,en,2 PCS / LOT Personalized Small Dog Cat ID Tag Name Collar Tags For Kitten Puppy Pet Dog ID Tag Aluminium Pet Products Supplies,2 PCS / LOT,Cachorro
Dog Hair Remover Brush Cat Dog Hair Grooming And Care Comb For Long Hair Dog Pet Removes Hairs Cleaning Bath Brush Dog Supplies,4.8,6371,"1,000+ sold",848,1000.0,Higiene,8.759668671029939,6.744059186311348,6.90875477931522,en,Dog Hair Remover Brush Cat Dog Hair Grooming And Care Comb For Long Hair Dog Pet Removes Hairs Cleaning Bath Brush Dog Supplies,Dog Hair Remover Brush,Cachorro
"Dog Treat Training Pouch, Portable Silicone Dog Food Treat Pouch With Lanyard And Hook For Outdoor Walking Supply",5.0,143,52 sold,44,52.0,Alimentação,4.969813299576001,3.80666248977032,3.970291913552122,en,"Dog Treat Training Pouch, Portable Silicone Dog Food Treat Pouch With Lanyard And Hook For Outdoor Walking Supply","Dog Treat Training Pouch,",Cachorro
Pet bath gloves Brush Puppy Big Dog Cat bath Massage gloves Brush Soft safe silicone pet brush Cat and dog tools Pet accessories,4.7,17959,43 sold,44,43.0,Higiene,9.795902341856191,3.80666248977032,3.784189633918261,en,Pet bath gloves Brush Puppy Big Dog Cat bath Massage gloves Brush Soft safe silicone pet brush Cat and dog tools Pet accessories,Pet bath gloves Brush,Cachorro
Small bee plush toy for dogs and cats to interact and play  teeth cleaning pet supplies,5.0,18,2 sold,2,2.0,Brinquedos,2.9444389791664403,1.0986122886681098,1.0986122886681098,en,Small bee plush toy for dogs and cats to interact and play  teeth cleaning pet supplies,Small bee plush toy,Cachorro
New 2-in-1 Cat Bowl Water Dispenser Automatic Water Storage Pet Dog Cat Food Bowl Food Container with Waterer Pet Waterer Feeder,4.8,129,"1,000+ sold",5497,1000.0,Alimentação,4.867534450455582,8.612139668725192,6.90875477931522,en,New 2-in-1 Cat Bowl Water Dispenser Automatic Water Storage Pet Dog Cat Food Bowl Food Container with Waterer Pet Waterer Feeder,New 2-in-1 Cat Bowl,Cachorro
USB Rechargeable Electronic Interactive Pet Toy Pet Toy Interactive Pet Ball Toy Self Moving Motion Activated Ball Pet Supplies,4.8,196,219 sold,195,219.0,Brinquedos,5.2832037287379885,5.278114659230517,5.393627546352362,en,USB Rechargeable Electronic Interactive Pet Toy Pet Toy Interactive Pet Ball Toy Self Moving Motion Activated Ball Pet Supplies,USB Rechargeable Electronic Interactive,Outros
"Dog Pen Fences 16 Panels 32"" Height Dogs Exercise Pen With 2 Doors Indoor Playpen for The Yard RV Camping Freight Free Fence Pet",0.0,6000,0 sold,1,0.0,Outros,8.699681400989514,0.6931471805599453,0.0,en,"Dog Pen Fences 16 Panels 32"" Height Dogs Exercise Pen With 2 Doors Indoor Playpen for The Yard RV Camping Freight Free Fence Pet",Dog Pen Fences 16,Cachorro
Pet Finger Toothbrush Silicone Super Soft Dog Toothbrushes Teeth Cleaning Tool Bad Breath Care Nontoxic Cat Cleaning Supplies,4.8,376,181 sold,29,181.0,Higiene,5.932245187448011,3.4011973816621555,5.204006687076795,en,Pet Finger Toothbrush Silicone Super Soft Dog Toothbrushes Teeth Cleaning Tool Bad Breath Care Nontoxic Cat Cleaning Supplies,Pet Finger Toothbrush Silicone,Cachorro
3L Automatic Pet Cat Water Fountain Silent Cat Drinking Fountain USB Charge Electric Feeder Pet Water Dispenser for Cat Supplies,4.6,40,500+ sold,1841,500.0,Alimentação,3.713572066704308,7.518607216815252,6.2166061010848646,en,3L Automatic Pet Cat Water Fountain Silent Cat Drinking Fountain USB Charge Electric Feeder Pet Water Dispenser for Cat Supplies,3L Automatic Pet Cat,Gato
"4-in-1 Interactive Cat Toys for Indoor , Automatic 6 Holes Mice Whack-A-Mole, Fluttering Butterfly, Track Balls,USB Rechargeable",0.0,2997,0 sold,1,0.0,Brinquedos,8.005700678662542,0.6931471805599453,0.0,en,"4-in-1 Interactive Cat Toys for Indoor , Automatic 6 Holes Mice Whack-A-Mole, Fluttering Butterfly, Track Balls,USB Rechargeable",4-in-1 Interactive Cat Toys,Gato
Pet Cat Toys Elasticity Retractable Hanging Door Type Interactive Toy for Kitten Mouse Catnip Scratch Rope Toy Pet Supplies Gift,4.9,308,900+ sold,549,900.0,Brinquedos,5.733341276897746,6.309918278226516,6.803505257608338,en,Pet Cat Toys Elasticity Retractable Hanging Door Type Interactive Toy for Kitten Mouse Catnip Scratch Rope Toy Pet Supplies Gift,Pet Cat Toys Elasticity,Gato
2 In 1 Pet Dog Clicker Dog Training Whistle Clicker Dog Trainer Puppy Stop Barking Training Aid Tool with Key Ring Pet Supplies,5.0,257,98 sold,402,98.0,Outros,5.552959584921617,5.998936561946683,4.59511985013459,en,2 In 1 Pet Dog Clicker Dog Training Whistle Clicker Dog Trainer Puppy Stop Barking Training Aid Tool with Key Ring Pet Supplies,2 In 1 Pet,Cachorro
Pet Two-ended Traction Rope One Drag Two Traction Rope Dog Chain Dog Rope Anti-winding Night Reflective Dog Walking Pet Supplies,4.6,42,241 sold,131,241.0,Outros,3.7612001156935615,4.882801922586371,5.488937726156687,en,Pet Two-ended Traction Rope One Drag Two Traction Rope Dog Chain Dog Rope Anti-winding Night Reflective Dog Walking Pet Supplies,Pet Two-ended Traction Rope,Cachorro
"VIP Pet Cat Dog Flea and Tick Remover Collar,Necklace Adjustable  Repellent Mosquitoes Dog Collar for Puppy Cat Big Dog Products",4.7,567,80 sold,189,80.0,Acessórios,6.342121418721152,5.247024072160486,4.394449154672439,en,"VIP Pet Cat Dog Flea and Tick Remover Collar,Necklace Adjustable  Repellent Mosquitoes Dog Collar for Puppy Cat Big Dog Products",VIP Pet Cat Dog,Cachorro
"PAWZ Road Large 72 Inch Cat Tree and Tower for Indoor Cats-With Sisal-Covered Scratching Posts,Padded Perches,Condos,and Basket",0.0,896,0 sold,0,0.0,Sanitário,6.799055862058796,0.0,0.0,en,"PAWZ Road Large 72 Inch Cat Tree and Tower for Indoor Cats-With Sisal-Covered Scratching Posts,Padded Perches,Condos,and Basket",PAWZ Road Large 72,Gato
Dog Chew Toy Natural TPR Ball with Bell Pet Interactive Training Game Cat Playing Outdoor Puppy Teeth Cleaning Molar Supplies,4.8,64,82 sold,32,82.0,Brinquedos,4.174387269895637,3.49650756146648,4.418840607796598,en,Dog Chew Toy Natural TPR Ball with Bell Pet Interactive Training Game Cat Playing Outdoor Puppy Teeth Cleaning Molar Supplies,Dog Chew Toy Natural,Cachorro
Interactive Cotton Rope Mini Dog Toys Ball for Dogs Accessories Toothbrush Chew Puppy Toy for Large Small Dogs Toy Pet Dog Toy,4.7,378,"1,000+ sold",1264,1000.0,Brinquedos,5.937536205082426,7.142827401161621,6.90875477931522,en,Interactive Cotton Rope Mini Dog Toys Ball for Dogs Accessories Toothbrush Chew Puppy Toy for Large Small Dogs Toy Pet Dog Toy,Interactive Cotton Rope Mini,Cachorro
Durable Low Price Pet Dog Plush Toy Animal Shape with Squeaky for Small Dogs Chihuahua Yorkshire Bichon Puppy Chew Cleaning Toys,4.7,8482,"1,000+ sold",3127,1000.0,Brinquedos,9.045819439807737,8.048149101665201,6.90875477931522,en,Durable Low Price Pet Dog Plush Toy Animal Shape with Squeaky for Small Dogs Chihuahua Yorkshire Bichon Puppy Chew Cleaning Toys,Durable Low Price Pet,Cachorro
1PCS Pet Cat Toys Cute Funny Rainbow Strips Stick Cat Teaser Wand Pet Toys for Cats Interactive Toys Cat Supplies Pet Products,1.0,23,7 sold,0,7.0,Brinquedos,3.1780538303479458,0.0,2.079441541679836,en,1PCS Pet Cat Toys Cute Funny Rainbow Strips Stick Cat Teaser Wand Pet Toys for Cats Interactive Toys Cat Supplies Pet Products,1PCS Pet Cat Toys,Gato
Cat Chew Toys Interactive Molar Cotton Rope Toys Silvervine Cat Teaser Toy Clean Mouth Kitten Play Toy Pet Supplies Accessories,4.8,68,500+ sold,273,500.0,Brinquedos,4.23410650459726,5.613128106388071,6.2166061010848646,en,Cat Chew Toys Interactive Molar Cotton Rope Toys Silvervine Cat Teaser Toy Clean Mouth Kitten Play Toy Pet Supplies Accessories,Cat Chew Toys Interactive,Gato
"Corner doghouse,wooden doghouse tail table,with door furniture style doghouse pet house,indoor small to medi sized large dog use",0.0,2000,0 sold,0,0.0,Outros,7.601402334583733,0.0,0.0,en,"Corner doghouse,wooden doghouse tail table,with door furniture style doghouse pet house,indoor small to medi sized large dog use","Corner doghouse,wooden doghouse tail",Cachorro
120/150/200/300CM Strong Leashes for Dogs Soft Handle Dog Leash Reinforced Leash for Small Medium Large Dogs Big Dog Supplies,4.8,648,"3,000+ sold",921,3000.0,Acessórios,6.47543271670409,6.826545223556594,8.006700845440367,en,120/150/200/300CM Strong Leashes for Dogs Soft Handle Dog Leash Reinforced Leash for Small Medium Large Dogs Big Dog Supplies,120/150/200/300CM Strong Leashes for,Cachorro
"Thickened Pet Spray Mat, Non Slip Mat for Pets, Outdoor Dog and Child Spray Mat, Folding Pet Dog Swimming Pool, Folding Cleaning",5.0,28,24 sold,37,24.0,Conforto,3.367295829986474,3.6375861597263857,3.218875824868201,en,"Thickened Pet Spray Mat, Non Slip Mat for Pets, Outdoor Dog and Child Spray Mat, Folding Pet Dog Swimming Pool, Folding Cleaning","Thickened Pet Spray Mat,",Cachorro
Pet Plush Toy Cat Dog Voice Octopus Shell Puzzle Toy Bite Resistant Interactive Pet Dog Teeth Cleaning Chew Toy Pet Supplies,4.8,105,279 sold,83,279.0,Brinquedos,4.663439094112067,4.430816798843313,5.634789603169249,en,Pet Plush Toy Cat Dog Voice Octopus Shell Puzzle Toy Bite Resistant Interactive Pet Dog Teeth Cleaning Chew Toy Pet Supplies,Pet Plush Toy Cat,Cachorro
Dog Natural Rubber Chew Toy Dog Geometric Safety Ball Pet Interactive Balls Puppy Training Playing Teeth Cleaning Hollow Toys,5.0,1998,149 sold,107,149.0,Brinquedos,7.6004023345004,4.68213122712422,5.010635294096256,en,Dog Natural Rubber Chew Toy Dog Geometric Safety Ball Pet Interactive Balls Puppy Training Playing Teeth Cleaning Hollow Toys,Dog Natural Rubber Chew,Cachorro
Soft Rubber Dog Cat Brush Pet Bath Silicone Comb Massage Comb Hair Remover Pet Supplies Dog Grooming Wash Cleaning Equipment,4.7,199,700+ sold,408,700.0,Higiene,5.298317366548036,6.013715156042802,6.55250788703459,en,Soft Rubber Dog Cat Brush Pet Bath Silicone Comb Massage Comb Hair Remover Pet Supplies Dog Grooming Wash Cleaning Equipment,Soft Rubber Dog Cat,Cachorro
Teeth Whitening Dog Cat Silicone Soft Toothbrush Oral Care Puppy Toothbrush Toothpaste Pet Kit Teeth Cleaning Pet Supplies,4.9,52,297 sold,224,297.0,Higiene,3.970291913552122,5.41610040220442,5.697093486505405,en,Teeth Whitening Dog Cat Silicone Soft Toothbrush Oral Care Puppy Toothbrush Toothpaste Pet Kit Teeth Cleaning Pet Supplies,Teeth Whitening Dog Cat,Cachorro
Rustle Sound Catnip Toy Cats Product For Pets Cute Cat Toys For Kitten Teeth Grinding Cat Plush Toy Thumb Pillow Pet Accessories,4.7,1713,"3,000+ sold",1366,3000.0,Brinquedos,7.446585099157725,7.220373836723949,8.006700845440367,en,Rustle Sound Catnip Toy Cats Product For Pets Cute Cat Toys For Kitten Teeth Grinding Cat Plush Toy Thumb Pillow Pet Accessories,Rustle Sound Catnip Toy,Gato
Funny Cat Stick Colorful Feathers Tease Cats Sticks Training Interactive Toys for Cats Fishing Rod Cat Accessories Pet Supplies,4.7,66,299 sold,55,299.0,Brinquedos,4.204692619390966,4.02535169073515,5.703782474656201,en,Funny Cat Stick Colorful Feathers Tease Cats Sticks Training Interactive Toys for Cats Fishing Rod Cat Accessories Pet Supplies,Funny Cat Stick Colorful,Gato
Sucado Bow Tie Dog Collar Tuxedo Bandana Adjustable Formal Puppy Triangle Neck Wear for Wedding Birthday Dress-up Cosplay Party,0.0,2380,20 sold,92,20.0,Acessórios,7.7752758464868625,4.532599493153256,3.044522437723423,en,Sucado Bow Tie Dog Collar Tuxedo Bandana Adjustable Formal Puppy Triangle Neck Wear for Wedding Birthday Dress-up Cosplay Party,Sucado Bow Tie Dog,Cachorro
Interactive Cat Toy Funny Simulation Bird Feather with Bell Cat Stick Toy for Kitten Playing Teaser Wand Toy Pet Cats Supplies,4.7,2612,"1,000+ sold",1976,1000.0,Brinquedos,7.868254265520613,7.589335823170617,6.90875477931522,en,Interactive Cat Toy Funny Simulation Bird Feather with Bell Cat Stick Toy for Kitten Playing Teaser Wand Toy Pet Cats Supplies,Interactive Cat Toy Funny,Gato
Dog Ball Toys for Small Dogs Interactive Elasticity Puppy Chew Toy Tooth Cleaning Rubber Food Ball Toy Pet Stuff Accessories,4.7,25179,"2,000+ sold",5849,2000.0,Brinquedos,10.13380530759834,8.674196940225903,7.601402334583733,en,Dog Ball Toys for Small Dogs Interactive Elasticity Puppy Chew Toy Tooth Cleaning Rubber Food Ball Toy Pet Stuff Accessories,Dog Ball Toys for,Cachorro
Affordable Comfort Dog Cat PU Leather Collar Adjustable Pet Accessories for Small Dogs Puppy Mascotas Supplies collier chien,4.8,46760,262 sold,1168,262.0,Acessórios,10.75280480115716,7.063903961472068,5.572154032177765,en,Affordable Comfort Dog Cat PU Leather Collar Adjustable Pet Accessories for Small Dogs Puppy Mascotas Supplies collier chien,Affordable Comfort Dog Cat,Cachorro
Remote Controlled Smart Cat Toy 2 Modes Automatic Moving Toy Car for Cats Dogs Interactive Playing Kitten Training Pet Supplies,5.0,6730,26 sold,149,26.0,Brinquedos,8.814479000010714,5.010635294096256,3.295836866004329,en,Remote Controlled Smart Cat Toy 2 Modes Automatic Moving Toy Car for Cats Dogs Interactive Playing Kitten Training Pet Supplies,Remote Controlled Smart Cat,Cachorro
Slippers Toys Pets Biting Cats Dogs Protruding Points Grinding Cleaning Teeth TPR Material Food Clip Cute Interesting Desig,4.5,49,327 sold,406,327.0,Brinquedos,3.912023005428146,6.008813185442595,5.793013608384144,en,Slippers Toys Pets Biting Cats Dogs Protruding Points Grinding Cleaning Teeth TPR Material Food Clip Cute Interesting Desig,Slippers Toys Pets Biting,Cachorro
New plush lizard dog toy cornvelvet cartoon doll grinding teeth cleaning pet products,4.6,62,427 sold,227,427.0,Brinquedos,4.143134726391533,5.429345628954441,6.059123195581797,en,New plush lizard dog toy cornvelvet cartoon doll grinding teeth cleaning pet products,New plush lizard dog,Cachorro
MADDEN Funny Cat Toys Colorful Yarn Balls with Bell Sounding Interactive Chewing Toy for Kitten Stuffed Toy Ball Cat Supplies,5.0,8,126 sold,194,126.0,Brinquedos,2.19722457733622,5.272999558563747,4.844187086458591,en,MADDEN Funny Cat Toys Colorful Yarn Balls with Bell Sounding Interactive Chewing Toy for Kitten Stuffed Toy Ball Cat Supplies,MADDEN Funny Cat Toys,Gato
Pet Hair Removal Comb Stainless Steel Pet Grooming Comb Gently Removes Loose Knotted Hair Dog Cat Cleaning Beauty Supplies,4.9,58,268 sold,145,268.0,Higiene,4.07753744390572,4.983606621708336,5.594711379601839,en,Pet Hair Removal Comb Stainless Steel Pet Grooming Comb Gently Removes Loose Knotted Hair Dog Cat Cleaning Beauty Supplies,Pet Hair Removal Comb,Cachorro
Interactive Cat Toy Handfree Cat Stick Playing Kitten Playing Teaser Wand Toy Suction Cup Bird/Feather Cat Wand Pet Supplies,4.7,84,800+ sold,313,800.0,Brinquedos,4.442651256490317,5.749392985908253,6.68586094706836,en,Interactive Cat Toy Handfree Cat Stick Playing Kitten Playing Teaser Wand Toy Suction Cup Bird/Feather Cat Wand Pet Supplies,Interactive Cat Toy Handfree,Gato
Dog Training Clicker with Flexible Finger Strap Pet Dog Training Tools for Dogs,5.0,9997,8 sold,1,8.0,Outros,9.210140351973516,0.6931471805599453,2.19722457733622,en,Dog Training Clicker with Flexible Finger Strap Pet Dog Training Tools for Dogs,Dog Training Clicker with,Cachorro
"Doghouse Furniture, Inner Table Frame with Tray and Dog Bed, Suitable for Puppies, Cats, Pigs, Rabbits, Maximum 25 Pounds",0.0,1000,0 sold,0,0.0,Conforto,6.90875477931522,0.0,0.0,en,"Doghouse Furniture, Inner Table Frame with Tray and Dog Bed, Suitable for Puppies, Cats, Pigs, Rabbits, Maximum 25 Pounds","Doghouse Furniture, Inner Table",Cachorro
"Heavy duty dog cage and kennel with lockable wheels and feeding door, 3 doors and detachable tray design, free shipping",0.0,30,0 sold,0,0.0,Outros,3.4339872044851463,0.0,0.0,en,"Heavy duty dog cage and kennel with lockable wheels and feeding door, 3 doors and detachable tray design, free shipping",Heavy duty dog cage,Cachorro
10/20/30Pcs Cute Dog Hair Clips Puppy Hairpin Pet Cat Handmade Hairpin Pet Bow Hair Accessories Multicolor,4.8,708,457 sold,631,457.0,Outros,6.563855526532128,6.448889394146858,6.126869184114185,en,10/20/30Pcs Cute Dog Hair Clips Puppy Hairpin Pet Cat Handmade Hairpin Pet Bow Hair Accessories Multicolor,10/20/30Pcs Cute Dog Hair,Cachorro
"Porte-sac à merde pour chien, accessoire de voyage réglable en toile, Mini sac à ordures pour chien, distributeur de sacs à excréments, outils de nettoyage portables",4.4,2876,121 Vendus,398,121.0,Higiene,7.964503363551548,5.988961416889864,4.804021044733257,fr,Dog Poop Bag Holder Travel Adjustable Canvas Mini Dog Garbage Bag Poop Bag Dispenser Portable Cleaning Tools,Dog Poop Bag Holder,Cachorro
"Pet Bowls With Water Feeder, 3 In 1 Ear Design Tilted Cat Water And Food Bowl Set With Gravity Water Bottle For Neck Protection",3.0,72,44 sold,19,44.0,Alimentação,4.290459441148391,2.995732273553991,3.80666248977032,en,"Pet Bowls With Water Feeder, 3 In 1 Ear Design Tilted Cat Water And Food Bowl Set With Gravity Water Bottle For Neck Protection",Pet Bowls With Water,Gato
Led Light Dog Poop Bags Dispenser Degradable Waste Bag Outdoor Portable Pet Trash Bags Dog Cat Cleaning Supplies Accessories,4.9,304,"1,000+ sold",878,1000.0,Higiene,5.720311776607412,6.778784897685177,6.90875477931522,en,Led Light Dog Poop Bags Dispenser Degradable Waste Bag Outdoor Portable Pet Trash Bags Dog Cat Cleaning Supplies Accessories,Led Light Dog Poop,Cachorro
12Pcs Wholesale Collars Cute with Bells Pet Necklace Djustable Rabbit Traction Belt Cat Dog Accessories Halter Match with ID Tag,4.9,1242,115 sold,79,115.0,Acessórios,7.125283091510712,4.382026634673881,4.7535901911063645,en,12Pcs Wholesale Collars Cute with Bells Pet Necklace Djustable Rabbit Traction Belt Cat Dog Accessories Halter Match with ID Tag,12Pcs Wholesale Collars Cute,Cachorro
1pc Dog Training Device 20~100 lb Pet Dog Waterproof Collar LCD Long Distance Remote Control Static Electricity/Vibration,4.5,16766,91 sold,277,91.0,Acessórios,9.727167947937808,5.627621113690637,4.5217885770490405,en,1pc Dog Training Device 20~100 lb Pet Dog Waterproof Collar LCD Long Distance Remote Control Static Electricity/Vibration,1pc Dog Training Device,Cachorro
Benepaw Strong Hands Free Double Dog Leash Reflective Comfortable No Tangle Padded Handle Dual Pet Lead For Medium Large Dogs,4.8,906,102 sold,331,102.0,Acessórios,6.810142450115136,5.805134968916488,4.634728988229636,en,Benepaw Strong Hands Free Double Dog Leash Reflective Comfortable No Tangle Padded Handle Dual Pet Lead For Medium Large Dogs,Benepaw Strong Hands Free,Cachorro
Cat Litter Mat EVA Double Layer Cat Litter Mat Cat Litter Basin Sand Falling Mat Eva Cat Litter Mat Cat Nest Mat Pet Mat,4.5,1389,600+ sold,501,600.0,Conforto,7.237059026124737,6.218600119691729,6.398594934535208,en,Cat Litter Mat EVA Double Layer Cat Litter Mat Cat Litter Basin Sand Falling Mat Eva Cat Litter Mat Cat Nest Mat Pet Mat,Cat Litter Mat EVA,Gato
Dog Planet Treat Toy For Small Large Dogs Cat Food Dispensing Funny Interactive Training Toy Puppy Slow Feed Pet Improve IQ,4.6,204,"1,000+ sold",4125,1000.0,Brinquedos,5.3230099791384085,8.325063693631197,6.90875477931522,en,Dog Planet Treat Toy For Small Large Dogs Cat Food Dispensing Funny Interactive Training Toy Puppy Slow Feed Pet Improve IQ,Dog Planet Treat Toy,Cachorro
Dog Poop Bag Carrier Portable Pet Waste Bag Dispenser Luxury Stylish Dog Garbage Holder Dispensers Cleaning Supplies,4.9,39904,900+ sold,878,900.0,Higiene,10.59425690831011,6.778784897685177,6.803505257608338,en,Dog Poop Bag Carrier Portable Pet Waste Bag Dispenser Luxury Stylish Dog Garbage Holder Dispensers Cleaning Supplies,Dog Poop Bag Carrier,Cachorro
Squeaky Pet Dog Interactive Chew Toy Puppy Bite Resistant Thorn Barbed Tooth Cleaning Toy TPR Molar Chew Toys for Dogs,4.7,105,"2,000+ sold",1121,2000.0,Brinquedos,4.663439094112067,7.022868086082641,7.601402334583733,en,Squeaky Pet Dog Interactive Chew Toy Puppy Bite Resistant Thorn Barbed Tooth Cleaning Toy TPR Molar Chew Toys for Dogs,Squeaky Pet Dog Interactive,Cachorro
Poop Bag Dispenser for Dogs Cartoon Avocado Fruit Dog Toilet Garbage Bag Dispenser Walking Their Dogs Outdoors Pet Supplies,0.0,15,0 sold,1,0.0,Outros,2.772588722239781,0.6931471805599453,0.0,af,Poop Bag Dispenser for Dogs Cartoon Avocado Fruit Dog Toilet Garbage Bag Dispenser Walking Their Dogs Outdoors Pet Supplies,Poop Bag Dispenser for,Cachorro
Cat Litter Shovel Pet Cleanning Tool Plastic Scoop Cat Sand Cleaning Products Toilet For Dog Food Spoons Cat Supplies,0.0,18,2 sold,1,2.0,Alimentação,2.9444389791664403,0.6931471805599453,1.0986122886681098,en,Cat Litter Shovel Pet Cleanning Tool Plastic Scoop Cat Sand Cleaning Products Toilet For Dog Food Spoons Cat Supplies,Cat Litter Shovel Pet,Cachorro
USB Charging LED Dog Collar Dog Safety Night Light Flashing Necklace Fluorescent Collars Pet Supplies,4.6,241798,"2,000+ sold",3420,2000.0,Acessórios,12.39586208150498,8.137688184977605,7.601402334583733,en,USB Charging LED Dog Collar Dog Safety Night Light Flashing Necklace Fluorescent Collars Pet Supplies,USB Charging LED Dog,Cachorro
Pet dog toy sound plush toy mop fur shell frog hippo teeth grinding supplies,4.7,223,500+ sold,312,500.0,Brinquedos,5.41164605185504,5.746203190540153,6.2166061010848646,en,Pet dog toy sound plush toy mop fur shell frog hippo teeth grinding supplies,Pet dog toy sound,Cachorro
Pet Training Supplies Click Sound Clicker Dog Supplies Training Sounder Clicker Sound Guide Durable Training Clicker for Dog,4.9,56,87 sold,46,87.0,Outros,4.04305126783455,3.8501476017100575,4.477336814478207,en,Pet Training Supplies Click Sound Clicker Dog Supplies Training Sounder Clicker Sound Guide Durable Training Clicker for Dog,Pet Training Supplies Click,Cachorro
Personalized Dogs Cats ID Tag Custom Alloy Bone Puppy Kitten Collar Accessories Anti-lost Pet Name Tags for Small Large Dog Cat,4.6,26193,"1,000+ sold",1690,1000.0,Acessórios,10.173285655889348,7.43307534889858,6.90875477931522,en,Personalized Dogs Cats ID Tag Custom Alloy Bone Puppy Kitten Collar Accessories Anti-lost Pet Name Tags for Small Large Dog Cat,Personalized Dogs Cats ID,Cachorro
Pet Bowls Dog Food Water Feeder Stainless Steel Pet Drinking Dish Feeder Cat Puppy Feeding Supplies Small Dog Accessories,0.0,94,4 sold,6,4.0,Alimentação,4.553876891600541,1.9459101490553128,1.6094379124341005,en,Pet Bowls Dog Food Water Feeder Stainless Steel Pet Drinking Dish Feeder Cat Puppy Feeding Supplies Small Dog Accessories,Pet Bowls Dog Food,Cachorro
Dog Donkey Cute Animal Toy Molar Training Teddy Interactive Pet Puppy Toys Dog Supplies,4.9,6,134 sold,103,134.0,Brinquedos,1.9459101490553128,4.6443908991413725,4.90527477843843,en,Dog Donkey Cute Animal Toy Molar Training Teddy Interactive Pet Puppy Toys Dog Supplies,Dog Donkey Cute Animal,Cachorro
Pet Bowl 15 Degrees Tilt to Protect Cervical Vertebrae Dog Food Bowl Automatic Drinking Feeder Pet Feeding Supplies,4.7,69,485 sold,3111,485.0,Alimentação,4.248495242049359,8.043020885298283,6.186208623900494,en,Pet Bowl 15 Degrees Tilt to Protect Cervical Vertebrae Dog Food Bowl Automatic Drinking Feeder Pet Feeding Supplies,Pet Bowl 15 Degrees,Cachorro
Scooper Dog Poop Pooper Dogs Pet Large Scoop Can Trash Yard Pickup Stool Supplies Service Pick Tool Up,4.7,25,16 sold,13,16.0,Outros,3.258096538021482,2.6390573296152584,2.833213344056216,en,Scooper Dog Poop Pooper Dogs Pet Large Scoop Can Trash Yard Pickup Stool Supplies Service Pick Tool Up,Scooper Dog Poop Pooper,Cachorro
Cat Toys Feather Toys Kitten Funny Colorful Rod Cat Wand Toys Wood Pet Cat Toys Interactive Stick Pet Cat Supplies,0.0,598,2 sold,1,2.0,Brinquedos,6.395261598115449,0.6931471805599453,1.0986122886681098,en,Cat Toys Feather Toys Kitten Funny Colorful Rod Cat Wand Toys Wood Pet Cat Toys Interactive Stick Pet Cat Supplies,Cat Toys Feather Toys,Gato
Portable Dog Cat Water Bottle with Storage Food and Water Container for Puppy Pets Feeder Bowl Outdoor Travel Pet Drinking Bowls,4.0,14102,41 sold,26,41.0,Alimentação,9.55414281969224,3.295836866004329,3.737669618283368,en,Portable Dog Cat Water Bottle with Storage Food and Water Container for Puppy Pets Feeder Bowl Outdoor Travel Pet Drinking Bowls,Portable Dog Cat Water,Cachorro
20pcs Super Absorbent Pet Diaper Dog Training Pee Pads Disposable Healthy Nappy Mat Pet Dog Diapers High Quality Male Dog Soft,4.8,45,85 sold,270,85.0,Conforto,3.828641396489095,5.602118820879701,4.454347296253507,en,20pcs Super Absorbent Pet Diaper Dog Training Pee Pads Disposable Healthy Nappy Mat Pet Dog Diapers High Quality Male Dog Soft,20pcs Super Absorbent Pet,Cachorro
"MongGoQ Canine Parvo Diagnostic, Home Health Care Test Paper, Safe Supplies, Pet Accessories for Dog, CPV-10, 10Pcs",0.0,67,4 sold,143,4.0,Outros,4.219507705176107,4.969813299576001,1.6094379124341005,en,"MongGoQ Canine Parvo Diagnostic, Home Health Care Test Paper, Safe Supplies, Pet Accessories for Dog, CPV-10, 10Pcs","MongGoQ Canine Parvo Diagnostic,",Cachorro
Mutli-function Portable Pet Cat Dog Food Shovel Scoop Feeding Spoon with Sealing Bag Clip Pet Feeders Pet Puppy Kitten Supplies,4.9,4952,401 sold,349,401.0,Alimentação,8.507748732588238,5.857933154483459,5.996452088619021,en,Mutli-function Portable Pet Cat Dog Food Shovel Scoop Feeding Spoon with Sealing Bag Clip Pet Feeders Pet Puppy Kitten Supplies,Mutli-function Portable Pet Cat,Cachorro
Pet Cat Toys Durable Colorful Feather Mimi Favorite Fur Mouse Tumbler Kitten Cat Toys Play Balls for Catch Cats Supplies 2PCS,4.5,130,261 sold,99,261.0,Brinquedos,4.875197323201151,4.605170185988092,5.568344503761097,en,Pet Cat Toys Durable Colorful Feather Mimi Favorite Fur Mouse Tumbler Kitten Cat Toys Play Balls for Catch Cats Supplies 2PCS,Pet Cat Toys Durable,Gato
Led Light Dog Poop Bags Dispenser Degradable Waste Bag Outdoor Portable Pet Trash Bags Dog Cat Cleaning Supplies Accessories,0.0,196,10 sold,4,10.0,Higiene,5.2832037287379885,1.6094379124341005,2.3978952727983707,en,Led Light Dog Poop Bags Dispenser Degradable Waste Bag Outdoor Portable Pet Trash Bags Dog Cat Cleaning Supplies Accessories,Led Light Dog Poop,Cachorro
Breathable Fabric Mesh Dog Leash Soft Comfortable Pet Harness Puppy Cat Vest Collar Pet Supplies For Chihuahua Pug Bulldog,0.0,144,8 sold,1,8.0,Acessórios,4.976733742420574,0.6931471805599453,2.19722457733622,en,Breathable Fabric Mesh Dog Leash Soft Comfortable Pet Harness Puppy Cat Vest Collar Pet Supplies For Chihuahua Pug Bulldog,Breathable Fabric Mesh Dog,Cachorro
Pet Toy Dog Teething Stick Leaky Food Molar Stick Dogs Clean Care Oral Toothbrush Pet Training Gnawing  Interactive Supplies,5.0,2016,34 sold,15,34.0,Brinquedos,7.6093665379542115,2.772588722239781,3.555348061489413,en,Pet Toy Dog Teething Stick Leaky Food Molar Stick Dogs Clean Care Oral Toothbrush Pet Training Gnawing  Interactive Supplies,Pet Toy Dog Teething,Cachorro
Heybly Cat Tree 73 Inches Tall Cat Tower for Large Cats 20 Lbs Heavy Duty for Indoor Cats Big Cat Furniture Padded Plush Perch,0.0,100,0 sold,19,0.0,Brinquedos,4.61512051684126,2.995732273553991,0.0,en,Heybly Cat Tree 73 Inches Tall Cat Tower for Large Cats 20 Lbs Heavy Duty for Indoor Cats Big Cat Furniture Padded Plush Perch,Heybly Cat Tree 73,Gato
Pet Supplies Silicone Dog Bowl Mat with High Lips Non-Stick Waterproof Food Feeding Pad Puppy Feeder Tray Water Cushion Placemat,4.5,21,119 sold,109,119.0,Alimentação,3.091042453358316,4.700480365792417,4.787491742782046,en,Pet Supplies Silicone Dog Bowl Mat with High Lips Non-Stick Waterproof Food Feeding Pad Puppy Feeder Tray Water Cushion Placemat,Pet Supplies Silicone Dog,Cachorro
New Hot Dog Sounding Toy Molar Training Interactive Corn Grain Donkey Pet Supplies,4.8,330,260 sold,589,260.0,Brinquedos,5.802118375377063,6.380122536899765,5.564520407322694,en,New Hot Dog Sounding Toy Molar Training Interactive Corn Grain Donkey Pet Supplies,New Hot Dog Sounding,Cachorro
Electric Dog Training Collar Waterproof Pet Remote Control Rechargeable 500m training dogs collars with Shock Vibration Sound,4.8,269,95 sold,35,95.0,Acessórios,5.598421958998375,3.58351893845611,4.564348191467836,en,Electric Dog Training Collar Waterproof Pet Remote Control Rechargeable 500m training dogs collars with Shock Vibration Sound,Electric Dog Training Collar,Cachorro
Pet Grooming Bath Massage Brush with Soap and Shampoo Dispenser Soft Silicone Bristle for Long Short Haired Dogs Cats Shower,4.4,38,152 sold,37,152.0,Higiene,3.6635616461296463,3.6375861597263857,5.030437921392435,en,Pet Grooming Bath Massage Brush with Soap and Shampoo Dispenser Soft Silicone Bristle for Long Short Haired Dogs Cats Shower,Pet Grooming Bath Massage,Cachorro
Summer Pet Cooling Ice Scarf Cool Ice Towel Heatstroke Dogs Cats Ice Scarf Collar Adjustable Cooling Cat Collar Bib Dog Supplies,5.0,105,65 sold,173,65.0,Acessórios,4.663439094112067,5.159055299214529,4.189654742026425,en,Summer Pet Cooling Ice Scarf Cool Ice Towel Heatstroke Dogs Cats Ice Scarf Collar Adjustable Cooling Cat Collar Bib Dog Supplies,Summer Pet Cooling Ice,Cachorro
Cat Steam Brush Steamy Dog Brush 3 in 1 Electric Spray Cat Hair Brushes for Massage Pet Grooming Comb Hair Removal Combs,4.5,12404,178 sold,53,178.0,Higiene,9.425854896125902,3.9889840465642745,5.187385805840755,en,Cat Steam Brush Steamy Dog Brush 3 in 1 Electric Spray Cat Hair Brushes for Massage Pet Grooming Comb Hair Removal Combs,Cat Steam Brush Steamy,Cachorro
1pc Pink Color Random Pattern Pet Bandana With Adjustable Triangle Shape & Buckle Pet Dog Neck Scarf Puppy Cat Dog Collar Bibs,4.7,2110,"1,000+ sold",875,1000.0,Acessórios,7.65491704784832,6.775366090936392,6.90875477931522,en,1pc Pink Color Random Pattern Pet Bandana With Adjustable Triangle Shape & Buckle Pet Dog Neck Scarf Puppy Cat Dog Collar Bibs,1pc Pink Color Random,Cachorro
"42 Inch Stainless Steel Collapsible Dog Crates for Large Dogs, 4-Door Soft Sided Dog Kennel for Travel, Portable Foldable Pet Cr",0.0,50,0 sold,8,0.0,Outros,3.9318256327243257,2.19722457733622,0.0,en,"42 Inch Stainless Steel Collapsible Dog Crates for Large Dogs, 4-Door Soft Sided Dog Kennel for Travel, Portable Foldable Pet Cr",42 Inch Stainless Steel,Cachorro
Creative Soft Warm Pet Bed Nest Dual-Use Adjustable Drawstring Pet Nest Bed Pet Cushion For Cats Puppies Pet Supplies,4.3,534,415 sold,371,415.0,Conforto,6.282266746896006,5.918893854273146,6.030685260261263,en,Creative Soft Warm Pet Bed Nest Dual-Use Adjustable Drawstring Pet Nest Bed Pet Cushion For Cats Puppies Pet Supplies,Creative Soft Warm Pet,Gato
Holder Faux Leather Pet Poop Bag Holder with Dispenser for Dog Bags Portable Dog Poop Bag Organizer Supplies Pet Stylish Pet Bag,5.0,283,21 sold,18,21.0,Outros,5.648974238161206,2.9444389791664403,3.091042453358316,en,Holder Faux Leather Pet Poop Bag Holder with Dispenser for Dog Bags Portable Dog Poop Bag Organizer Supplies Pet Stylish Pet Bag,Holder Faux Leather Pet,Cachorro
Non-slip Cat Bowl Double Pet Bowls With Raised Stand High Foot Pet Food and Water Bowls For Cats Dogs Feeders Bowl Pet Supplies,5.0,16492,22 sold,145,22.0,Alimentação,9.710691327448153,4.983606621708336,3.1354942159291497,en,Non-slip Cat Bowl Double Pet Bowls With Raised Stand High Foot Pet Food and Water Bowls For Cats Dogs Feeders Bowl Pet Supplies,Non-slip Cat Bowl Double,Cachorro
Dog Lice Clipping Tick Clipping Stainless Steel Pet Flea Treatment Tick Removal Tool Set Fork Tweezers Clip for Dog Cat Supplies,4.9,21,77 sold,35,77.0,Alimentação,3.091042453358316,3.58351893845611,4.356708826689592,en,Dog Lice Clipping Tick Clipping Stainless Steel Pet Flea Treatment Tick Removal Tool Set Fork Tweezers Clip for Dog Cat Supplies,Dog Lice Clipping Tick,Cachorro
Silicone Waterproof Pet Mat for Dog Cat Pet Food Pad Pet Bowl Drinking Mat Dog Feeding Placemat Portable Outdoor Feeding,4.6,276,484 sold,444,484.0,Alimentação,5.6240175061873385,6.09807428216624,6.184148890937483,en,Silicone Waterproof Pet Mat for Dog Cat Pet Food Pad Pet Bowl Drinking Mat Dog Feeding Placemat Portable Outdoor Feeding,Silicone Waterproof Pet Mat,Cachorro
Adjustable Pet Collars Nylon Puppy Kitten Collar Strong And Durable Neck Band Suitable For Small And Medium Dogs And Cats,4.4,1531,700+ sold,192,700.0,Acessórios,7.334329350300536,5.262690188904886,6.55250788703459,en,Adjustable Pet Collars Nylon Puppy Kitten Collar Strong And Durable Neck Band Suitable For Small And Medium Dogs And Cats,Adjustable Pet Collars Nylon,Cachorro
1PC Pet Chew Toy Soft Rubber Bite-resistance Bone Shape Teeth Grinding Chewing Toys for Small Dogs Training Pet Supplies,4.5,87,500+ sold,247,500.0,Brinquedos,4.477336814478207,5.513428746164983,6.2166061010848646,en,1PC Pet Chew Toy Soft Rubber Bite-resistance Bone Shape Teeth Grinding Chewing Toys for Small Dogs Training Pet Supplies,1PC Pet Chew Toy,Cachorro
PETKIT Pet Automatic Feeder Filter Cat Water Fountain 5PCS Filter 3.0 Cat Health Water Fountain Replacement Filters Pet Supplies,4.4,59,373 sold,199,373.0,Alimentação,4.0943445622221,5.298317366548036,5.924255797414532,en,PETKIT Pet Automatic Feeder Filter Cat Water Fountain 5PCS Filter 3.0 Cat Health Water Fountain Replacement Filters Pet Supplies,PETKIT Pet Automatic Feeder,Gato
Pet Dog Harness and Leash Set Adjustable Flannel Chest Harness Reflective Breathable For Small Dogs Teddy Chihuahua Pet Supplies,4.8,359817,170 sold,89,170.0,Acessórios,12.79335362704044,4.499809670330265,5.14166355650266,en,Pet Dog Harness and Leash Set Adjustable Flannel Chest Harness Reflective Breathable For Small Dogs Teddy Chihuahua Pet Supplies,Pet Dog Harness and,Cachorro
Pet Dog Cat Food Bowl Cat Water Feeding Bowl Durable Plastic Standing Ear Threaded Pet Bowl Feeder Pets Dogs Cats Accessories,4.8,179,86 sold,217,86.0,Alimentação,5.19295685089021,5.384495062789089,4.465908118654584,en,Pet Dog Cat Food Bowl Cat Water Feeding Bowl Durable Plastic Standing Ear Threaded Pet Bowl Feeder Pets Dogs Cats Accessories,Pet Dog Cat Food,Cachorro
"PetSafe 2 Gallon Automatic Water Fountain for Cats, Dogs - With Pump, Filter, Dishwasher Safe",0.0,300,0 sold,0,0.0,Conforto,5.707110264748875,0.0,0.0,en,"PetSafe 2 Gallon Automatic Water Fountain for Cats, Dogs - With Pump, Filter, Dishwasher Safe",PetSafe 2 Gallon Automatic,Cachorro
3 Sizes Warm Pets Bed Mat Cover Towel Cute Paw Cat Dog Fleece Soft Blanket for Small Medium Large Dogs Blankets Supplies,4.7,36,194 sold,170,194.0,Conforto,3.610917912644224,5.14166355650266,5.272999558563747,en,3 Sizes Warm Pets Bed Mat Cover Towel Cute Paw Cat Dog Fleece Soft Blanket for Small Medium Large Dogs Blankets Supplies,3 Sizes Warm Pets,Cachorro
54-Inch Cat Tree Sleeping House with Double Condos Fur Ball Round Platform Ladder Home,0.0,10,1 sold,67,1.0,Brinquedos,2.3978952727983707,4.219507705176107,0.6931471805599453,en,54-Inch Cat Tree Sleeping House with Double Condos Fur Ball Round Platform Ladder Home,54-Inch Cat Tree Sleeping,Gato
"MongGo Q Handheld Veterinary POCT, Portable Pet Hemoglobin Analyzer for Cats and Dogs, H7",0.0,150,0 sold,106,0.0,Outros,5.017279836814924,4.672828834461906,0.0,en,"MongGo Q Handheld Veterinary POCT, Portable Pet Hemoglobin Analyzer for Cats and Dogs, H7",MongGo Q Handheld Veterinary,Cachorro
Dog Cat Steam Hair Brush Electric Spray Comb Whale Shape 3 In1 Dog Steamer Massager Pet Grooming Removing Tangled and Loose Hair,4.7,3708,77 sold,43,77.0,Higiene,8.21851757748959,3.784189633918261,4.356708826689592,en,Dog Cat Steam Hair Brush Electric Spray Comb Whale Shape 3 In1 Dog Steamer Massager Pet Grooming Removing Tangled and Loose Hair,Dog Cat Steam Hair,Cachorro
Pet Harnesses Leash Set Cute Bee Dog Cat Harnesses Soft Adjustable Outdoor Walking Anti-lost Puppy Cat Leash Pet Supplies,4.6,112,157 sold,179,157.0,Acessórios,4.727387818712341,5.19295685089021,5.062595033026967,en,Pet Harnesses Leash Set Cute Bee Dog Cat Harnesses Soft Adjustable Outdoor Walking Anti-lost Puppy Cat Leash Pet Supplies,Pet Harnesses Leash Set,Cachorro
Puppies Dog Harness Leash Pet Adjustable Vest Leash Collar For Puppy Best Selling Dog Harness and Leash Set Dog Accessories,4.6,364,142 sold,218,142.0,Acessórios,5.899897353582492,5.389071729816501,4.962844630259907,en,Puppies Dog Harness Leash Pet Adjustable Vest Leash Collar For Puppy Best Selling Dog Harness and Leash Set Dog Accessories,Puppies Dog Harness Leash,Cachorro
Cute Cat Toys Funny Interactive Plush Cat Toy Mini Teeth Grinding Catnip Toys Kitten Chewing Squeaky Toy Pets Accessories,4.8,144,"3,000+ sold",2070,3000.0,Brinquedos,4.976733742420574,7.635786861395585,8.006700845440367,en,Cute Cat Toys Funny Interactive Plush Cat Toy Mini Teeth Grinding Catnip Toys Kitten Chewing Squeaky Toy Pets Accessories,Cute Cat Toys Funny,Gato
Pet Dog Muzzle Breathable Basket Muzzles Large Dogs Stop Biting Barking Chewing Anti Bite Duck Mouth Puppy Covers Pet Supplies,4.7,230,499 sold,416,499.0,Brinquedos,5.442417710521793,6.0330862217988015,6.214608098422191,en,Pet Dog Muzzle Breathable Basket Muzzles Large Dogs Stop Biting Barking Chewing Anti Bite Duck Mouth Puppy Covers Pet Supplies,Pet Dog Muzzle Breathable,Cachorro
Gravitational Rolling Ball for Dog Cat Electric Cat Ball Toys Interactive for Cats Training Toys,0.0,198,0 sold,1,0.0,Brinquedos,5.293304824724492,0.6931471805599453,0.0,en,Gravitational Rolling Ball for Dog Cat Electric Cat Ball Toys Interactive for Cats Training Toys,Gravitational Rolling Ball for,Cachorro
"39.4"" Dog Crate Furniture, 176lbs Heavy Duty Dog Kennels Indoor, End Side Table, TV Cabinets, Quadra-Door Wooden Dog Crate for S",0.0,50,0 sold,1,0.0,Outros,3.9318256327243257,0.6931471805599453,0.0,en,"39.4"" Dog Crate Furniture, 176lbs Heavy Duty Dog Kennels Indoor, End Side Table, TV Cabinets, Quadra-Door Wooden Dog Crate for S","39.4"" Dog Crate Furniture,",Cachorro
Dog Communication Buttons Voice Recording Button for Pet Training Buzzer 30 Second Record Playback Funny Gift for Talking,4.8,270,"1,000+ sold",1379,1000.0,Outros,5.602118820879701,7.22983877815125,6.90875477931522,en,Dog Communication Buttons Voice Recording Button for Pet Training Buzzer 30 Second Record Playback Funny Gift for Talking,Dog Communication Buttons Voice,Cachorro
Pets Dog Chew Stuffed Funny Dinosaur Shape Cats Corn Wool Vocal Toy Apply To Training Exercise Simulation Animal Chihuahua Toys,4.8,109,700+ sold,455,700.0,Brinquedos,4.700480365792417,6.1224928095143865,6.55250788703459,en,Pets Dog Chew Stuffed Funny Dinosaur Shape Cats Corn Wool Vocal Toy Apply To Training Exercise Simulation Animal Chihuahua Toys,Pets Dog Chew Stuffed,Cachorro
Pet Dog Clothes Soft Navy Style Leash Set For Teddy Pomeranian Chihuahua Dog Supplies Collar Cat Pet Dog Chest Strap Leash,4.7,186,155 sold,212,155.0,Acessórios,5.231108616854587,5.3612921657094255,5.049856007249537,en,Pet Dog Clothes Soft Navy Style Leash Set For Teddy Pomeranian Chihuahua Dog Supplies Collar Cat Pet Dog Chest Strap Leash,Pet Dog Clothes Soft,Cachorro
1pc Pet Dog Beds Mats Soft Plush Warm Sofa Kennel Sleep Basket for Small Dogs Cat Cusion Puppy Cat Bed House Supplies,3.5,45,36 sold,29,36.0,Brinquedos,3.828641396489095,3.4011973816621555,3.610917912644224,en,1pc Pet Dog Beds Mats Soft Plush Warm Sofa Kennel Sleep Basket for Small Dogs Cat Cusion Puppy Cat Bed House Supplies,1pc Pet Dog Beds,Cachorro
Pet Dog Toys for Large Small Dogs Toy Interactive Cotton Rope Mini Dog Toys Ball for Dogs Accessories Toothbrush Chew Puppy Toy,4.6,1343,"1,000+ sold",2563,1000.0,Brinquedos,7.203405521083095,7.849323818040561,6.90875477931522,en,Pet Dog Toys for Large Small Dogs Toy Interactive Cotton Rope Mini Dog Toys Ball for Dogs Accessories Toothbrush Chew Puppy Toy,Pet Dog Toys for,Cachorro
Random Color Tease Cat Stick Faux Rabbit Fur Pompom Plush Pet Interactive Stick Cat Playing Training Toys Pet Supplies,4.8,24,203 sold,186,203.0,Brinquedos,3.218875824868201,5.231108616854587,5.318119993844216,en,Random Color Tease Cat Stick Faux Rabbit Fur Pompom Plush Pet Interactive Stick Cat Playing Training Toys Pet Supplies,Random Color Tease Cat,Gato
"47 Inch Dog Crate Furniture, 2-in-1 Large Dog Kennel with Drawers Storage, Double Doors Heavy Duty Indoor TV Stand",0.0,0,0 sold,1,0.0,Outros,0.0,0.6931471805599453,0.0,en,"47 Inch Dog Crate Furniture, 2-in-1 Large Dog Kennel with Drawers Storage, Double Doors Heavy Duty Indoor TV Stand",47 Inch Dog Crate,Cachorro
Cat Supplies Pet Toys Long Tail Plush Mouse with Free Interactive  Catnip Cat Tower  Cat Toy  Cat Toys Cat Stuff,4.7,86,500+ sold,338,500.0,Brinquedos,4.465908118654584,5.82600010738045,6.2166061010848646,en,Cat Supplies Pet Toys Long Tail Plush Mouse with Free Interactive  Catnip Cat Tower  Cat Toy  Cat Toys Cat Stuff,Cat Supplies Pet Toys,Gato
Cat Toy Feather Cat Teaser Wand Cat Interactive Toy Funny Caterpillar Colorful Rod Teaser Wand Pet Cat Supplies Cat Accessory,4.9,227,301 sold,10890,301.0,Brinquedos,5.429345628954441,9.295692039075686,5.71042701737487,en,Cat Toy Feather Cat Teaser Wand Cat Interactive Toy Funny Caterpillar Colorful Rod Teaser Wand Pet Cat Supplies Cat Accessory,Cat Toy Feather Cat,Gato
Dog Training Collar Waterproof Pet Remote Control Rechargeable 500m Electric Training Dogs Collars with Shock Vibration Sound,0.0,298,2 sold,2,2.0,Acessórios,5.700443573390687,1.0986122886681098,1.0986122886681098,en,Dog Training Collar Waterproof Pet Remote Control Rechargeable 500m Electric Training Dogs Collars with Shock Vibration Sound,Dog Training Collar Waterproof,Cachorro
Pet Lick Silicone Mat for Dogs Pet Slow Food Plate Dog Bathing Distraction Silicone Dog Sucker Food Training Dog Feeder Supplies,5.0,69920,54 sold,23,54.0,Alimentação,11.15512131228664,3.1780538303479458,4.007333185232471,en,Pet Lick Silicone Mat for Dogs Pet Slow Food Plate Dog Bathing Distraction Silicone Dog Sucker Food Training Dog Feeder Supplies,Pet Lick Silicone Mat,Cachorro
Dog Bone Toys For Medium Large Dogs Tooth Cleaning Chew Interactive Training IQ TPR Toys French Bulldog Pug Beagle Pet Supplies,5.0,30,3 sold,2,3.0,Brinquedos,3.4339872044851463,1.0986122886681098,1.3862943611198906,en,Dog Bone Toys For Medium Large Dogs Tooth Cleaning Chew Interactive Training IQ TPR Toys French Bulldog Pug Beagle Pet Supplies,Dog Bone Toys For,Cachorro
Silicone Hollow Rubber Dog Hair Brush Remover Cars Furniture Carpet Clothes Cleaner Brush for Dogs Pet Supplies Dog Hair Remover,4.8,270,800+ sold,398,800.0,Acessórios,5.602118820879701,5.988961416889864,6.68586094706836,en,Silicone Hollow Rubber Dog Hair Brush Remover Cars Furniture Carpet Clothes Cleaner Brush for Dogs Pet Supplies Dog Hair Remover,Silicone Hollow Rubber Dog,Cachorro
Deep Sleep Cat Bed Warm Pet Basket Cozy Cat House Kitten Lounger Cushion Cat Nesk Tent Very Soft Small Dog Mat Bag Cave Cats Bed,4.7,99,700+ sold,14268,700.0,Conforto,4.605170185988092,9.565844630930576,6.55250788703459,en,Deep Sleep Cat Bed Warm Pet Basket Cozy Cat House Kitten Lounger Cushion Cat Nesk Tent Very Soft Small Dog Mat Bag Cave Cats Bed,Deep Sleep Cat Bed,Cachorro
20pcs Dog Bow Tie Love style Pet Supplies Valentine's Day Samll Dog Bowtie Pet Dog Cat Bowties Small Dog Grooming Accessories,4.6,31,97 sold,28,97.0,Higiene,3.4657359027997265,3.367295829986474,4.584967478670572,en,20pcs Dog Bow Tie Love style Pet Supplies Valentine's Day Samll Dog Bowtie Pet Dog Cat Bowties Small Dog Grooming Accessories,20pcs Dog Bow Tie,Cachorro
Reusable 3 In 1 Pet Food Can Silicone Cover Dogs Cats Storage Tin Cap Lid Seal Cover Pet Supplies For 8.5cm/7.5cm/6.5cm,4.9,911,201 sold,218,201.0,Alimentação,6.815639990074331,5.389071729816501,5.308267697401205,en,Reusable 3 In 1 Pet Food Can Silicone Cover Dogs Cats Storage Tin Cap Lid Seal Cover Pet Supplies For 8.5cm/7.5cm/6.5cm,Reusable 3 In 1,Cachorro
Electric Mouse Toys Cat Play Automatic Escape Robot Vibration Crawling Battery Operated Plush Mouse Pet Interaction Plaything,4.7,1046,500+ sold,214,500.0,Brinquedos,6.953684210870537,5.3706380281276624,6.2166061010848646,en,Electric Mouse Toys Cat Play Automatic Escape Robot Vibration Crawling Battery Operated Plush Mouse Pet Interaction Plaything,Electric Mouse Toys Cat,Gato
"Ultra-Fine Microfiber Pet Towel - Perfect for Bathing and Cleaning, Ideal for Cats and Dogs",0.0,1493,3 sold,31,3.0,Higiene,7.309212365692763,3.4657359027997265,1.3862943611198906,en,"Ultra-Fine Microfiber Pet Towel - Perfect for Bathing and Cleaning, Ideal for Cats and Dogs",Ultra-Fine Microfiber Pet Towel,Cachorro
Pet Dog Comb Hair Removal Stainless Stee Knot Grooming Comb Puppy Dog Accessories Brush Needle Comb Dog Supplies Pets Cleaning,4.8,73,176 sold,600,176.0,Higiene,4.30406509320417,6.398594934535208,5.176149732573829,en,Pet Dog Comb Hair Removal Stainless Stee Knot Grooming Comb Puppy Dog Accessories Brush Needle Comb Dog Supplies Pets Cleaning,Pet Dog Comb Hair,Cachorro
Plastic Catnip Ball Natural Safe Catnip Balls Toy with Transparent Cover Cats Catnip Balls Toy Rotatable for Pet Treats Supplies,4.7,105,81 sold,74,81.0,Brinquedos,4.663439094112067,4.31748811353631,4.406719247264253,en,Plastic Catnip Ball Natural Safe Catnip Balls Toy with Transparent Cover Cats Catnip Balls Toy Rotatable for Pet Treats Supplies,Plastic Catnip Ball Natural,Gato
1PC Pet Dog Ball Bouncy Rubber Solid Ball Resistance To Dog Chew Toys Outdoor Throwing Recovery Training for Dogs Pet Supplies,4.7,171,163 sold,112,163.0,Brinquedos,5.147494476813453,4.727387818712341,5.099866427824199,en,1PC Pet Dog Ball Bouncy Rubber Solid Ball Resistance To Dog Chew Toys Outdoor Throwing Recovery Training for Dogs Pet Supplies,1PC Pet Dog Ball,Cachorro
1pc Pet Poop Bag Shit-shaped Dog Cat Waste Bags Portable Dog Poop Dispenser Holder Pets Cleaning Products For Outdoor Pets,4.7,1996,357 sold,505,357.0,Higiene,7.599401333415815,6.226536669287466,5.8805329864007,en,1pc Pet Poop Bag Shit-shaped Dog Cat Waste Bags Portable Dog Poop Dispenser Holder Pets Cleaning Products For Outdoor Pets,1pc Pet Poop Bag,Cachorro
Dog ID Heart Tag Custom Personalized Cat Collar Pendant Engraved Pet Necklace Chain Charm Supplies For Name Products,4.8,26988,"1,000+ sold",2590,1000.0,Acessórios,10.203184654566114,7.85979918056211,6.90875477931522,en,Dog ID Heart Tag Custom Personalized Cat Collar Pendant Engraved Pet Necklace Chain Charm Supplies For Name Products,Dog ID Heart Tag,Cachorro
Smart Cat Toys Interactive Ball Catnip Cat Training Toy Pet Playing Ball Pet Squeaky Supplies Products Toy for Cats Kitten Kitty,4.5,1215,"5,000+ sold",3659,5000.0,Brinquedos,7.103322062526113,8.205218426395412,8.517393171418904,en,Smart Cat Toys Interactive Ball Catnip Cat Training Toy Pet Playing Ball Pet Squeaky Supplies Products Toy for Cats Kitten Kitty,Smart Cat Toys Interactive,Gato
350ML Foldable Silicone Pet Bowl Portable Puppy Food Container Collapsible Feeder for Outdoor Camping Dog Accessories,5.0,166,31 sold,15,31.0,Alimentação,5.117993812416755,2.772588722239781,3.4657359027997265,en,350ML Foldable Silicone Pet Bowl Portable Puppy Food Container Collapsible Feeder for Outdoor Camping Dog Accessories,350ML Foldable Silicone Pet,Cachorro
Soft Silicone Dog Brush Pet Shampoo Massager Bath Brush Bathroom Puppycat Washing Massage Dispenser Grooming Shower Brush,4.6,5706,320 sold,138,320.0,Higiene,8.649448770536708,4.934473933130692,5.771441123130016,en,Soft Silicone Dog Brush Pet Shampoo Massager Bath Brush Bathroom Puppycat Washing Massage Dispenser Grooming Shower Brush,Soft Silicone Dog Brush,Cachorro
Pet Toy Rustle Sound Catnip Toy Cat Supplies Pet Cute Cat Toys Kitten Teeth Grinding Cat Plush Thumb Pillow Pet Products gatos,4.8,114,364 sold,63,364.0,Brinquedos,4.74493212836325,4.158883083359672,5.899897353582492,en,Pet Toy Rustle Sound Catnip Toy Cat Supplies Pet Cute Cat Toys Kitten Teeth Grinding Cat Plush Thumb Pillow Pet Products gatos,Pet Toy Rustle Sound,Gato
Quality Paw Stainless Steel Pet Dog Bowl Feeder Skidproof Anti-ant Shape Cat Dog Bowls Food Accessories Pet Supplies,4.5,10279,415 sold,401,415.0,Alimentação,9.237955539009157,5.996452088619021,6.030685260261263,en,Quality Paw Stainless Steel Pet Dog Bowl Feeder Skidproof Anti-ant Shape Cat Dog Bowls Food Accessories Pet Supplies,Quality Paw Stainless Steel,Cachorro
"Catinsider 70.9 Inches Multi Level Cat Tree with Two Hammocks, Condo, Top Perch for Cats Light Gray",0.0,300,0 sold,0,0.0,Outros,5.707110264748875,0.0,0.0,en,"Catinsider 70.9 Inches Multi Level Cat Tree with Two Hammocks, Condo, Top Perch for Cats Light Gray",Catinsider 70.9 Inches Multi,Gato
Pet Dog Toys Cat Puppy Sounding Toy Polka Squeaky Tooth Cleaning Ball TPR Training Pet Teeth Chewing Toy Thorn Balls Accessories,4.8,182,"1,000+ sold",2629,1000.0,Brinquedos,5.209486152841421,7.874739125171811,6.90875477931522,en,Pet Dog Toys Cat Puppy Sounding Toy Polka Squeaky Tooth Cleaning Ball TPR Training Pet Teeth Chewing Toy Thorn Balls Accessories,Pet Dog Toys Cat,Cachorro
Dog Harness with 1.2m Leash Set Adjustable Pet Harness For Puppy Cats French Bulldog Chihuahua Outdoor Walking Lead Leash,5.0,23894,140 sold,177,140.0,Acessórios,10.081424511012258,5.181783550292085,4.948759890378168,en,Dog Harness with 1.2m Leash Set Adjustable Pet Harness For Puppy Cats French Bulldog Chihuahua Outdoor Walking Lead Leash,Dog Harness with 1.2m,Cachorro
Dog Cooling Mat Summer Pad Pet Mat Bed for Dogs Cat Blanket Sofa Breathable Summer Washable Pet Supplies Accessories,4.8,162,"1,000+ sold",906,1000.0,Conforto,5.093750200806762,6.810142450115136,6.90875477931522,en,Dog Cooling Mat Summer Pad Pet Mat Bed for Dogs Cat Blanket Sofa Breathable Summer Washable Pet Supplies Accessories,Dog Cooling Mat Summer,Cachorro
Pet Cat Plush Channel Foldable Suede Tunnel Educational Toy Warm Winter Interactive Toys for Cat Supplies,4.5,15,137 sold,182,137.0,Brinquedos,2.772588722239781,5.209486152841421,4.927253685157205,en,Pet Cat Plush Channel Foldable Suede Tunnel Educational Toy Warm Winter Interactive Toys for Cat Supplies,Pet Cat Plush Channel,Gato
"PERKEO Cat Toys, Interactive Cat Toys for Indoor Cats,  Smart Interactive Kitten Toy, Automatic 7 Holes Mice Whack-A-Mole",0.0,2990,8 sold,37,8.0,Brinquedos,8.003363058629947,3.6375861597263857,2.19722457733622,en,"PERKEO Cat Toys, Interactive Cat Toys for Indoor Cats,  Smart Interactive Kitten Toy, Automatic 7 Holes Mice Whack-A-Mole","PERKEO Cat Toys, Interactive",Gato
5Pcs Plush Catmint Simulation Mouse Interactive Cat Pet Catnip Teasing Interactive Toy For Kitten Gifts Supplies By Random Color,4.7,3116,"1,000+ sold",1005,1000.0,Brinquedos,8.044626279767337,6.913737350659685,6.90875477931522,en,5Pcs Plush Catmint Simulation Mouse Interactive Cat Pet Catnip Teasing Interactive Toy For Kitten Gifts Supplies By Random Color,5Pcs Plush Catmint Simulation,Gato
Catnip Toys Cute Thumb Plush Pillow Teeth Grinding Bite-resistant Teasing Relaxation Cat Chew Toy Pet Accessories,4.4,45,64 sold,12,64.0,Brinquedos,3.828641396489095,2.5649493574615367,4.174387269895637,en,Catnip Toys Cute Thumb Plush Pillow Teeth Grinding Bite-resistant Teasing Relaxation Cat Chew Toy Pet Accessories,Catnip Toys Cute Thumb,Gato
Cat Toys Electric Fish With USB Charging Built-In Lithium Battery Simulation Realistic Pet Molar Interactive Toys Pet Supplies,4.6,388,318 sold,152,318.0,Brinquedos,5.963579343618446,5.030437921392435,5.765191102784844,en,Cat Toys Electric Fish With USB Charging Built-In Lithium Battery Simulation Realistic Pet Molar Interactive Toys Pet Supplies,Cat Toys Electric Fish,Gato
"Medium To Large Dog Corner Kennel, Indoor Beautiful Puppy Kennel TV Station, Side Table and Bedside Table, Walnut Wood",0.0,2000,0 sold,0,0.0,Conforto,7.601402334583733,0.0,0.0,en,"Medium To Large Dog Corner Kennel, Indoor Beautiful Puppy Kennel TV Station, Side Table and Bedside Table, Walnut Wood",Medium To Large Dog,Cachorro
1 Roll 15 Bags Pet Dog Poop Bags Dispenser Collector Garbage Bag Puppy Cat Pooper Scooper Bag Outdoor Clean Pets Supplies,5.0,29,111 sold,377,111.0,Higiene,3.4011973816621555,5.934894195619588,4.718498871295094,en,1 Roll 15 Bags Pet Dog Poop Bags Dispenser Collector Garbage Bag Puppy Cat Pooper Scooper Bag Outdoor Clean Pets Supplies,1 Roll 15 Bags,Cachorro
Large Capacity Dog Bowl Stainless Steel Pet Feeding Bowl Cat and Dog Food Drinking Bowl Metal Feeder Bowl Durable and Cheap,4.6,521,600+ sold,1341,600.0,Alimentação,6.257667587882639,7.201916317531627,6.398594934535208,en,Large Capacity Dog Bowl Stainless Steel Pet Feeding Bowl Cat and Dog Food Drinking Bowl Metal Feeder Bowl Durable and Cheap,Large Capacity Dog Bowl,Cachorro
Pet Dog Poop Bag Bone Shape Dispenser Waste Garbage Carrier Holder Dispensers Poop Bag Dogs Trash Cleaning Tool Dog Pet Products,4.8,229,500 sold,385,500.0,Higiene,5.438079308923196,5.955837369464831,6.2166061010848646,nl,Pet Dog Poop Bag Bone Shape Dispenser Waste Garbage Carrier Holder Dispensers Poop Bag Dogs Trash Cleaning Tool Dog Pet Products,Pet Dog Poop Bag,Cachorro
Pet Hair Remover for Puppy Dog Hairs Brush Cat Grooming Comb Fur Removal Clipper Tools Animal Pets Supplies,4.9,189,600+ sold,788,600.0,Higiene,5.247024072160486,6.670766320845874,6.398594934535208,en,Pet Hair Remover for Puppy Dog Hairs Brush Cat Grooming Comb Fur Removal Clipper Tools Animal Pets Supplies,Pet Hair Remover for,Cachorro
"Extra Wide Pet Gate: Smoothly Opens in Extra Wide Spaces. Fits 22"" - 62"" Wide. Hardware Mount. Made",0.0,30,0 sold,5,0.0,Outros,3.4339872044851463,1.791759469228055,0.0,en,"Extra Wide Pet Gate: Smoothly Opens in Extra Wide Spaces. Fits 22"" - 62"" Wide. Hardware Mount. Made",Extra Wide Pet Gate:,Outros
Premium Felt Cat Bed Cave - Handmade 100% Merino Wool Bed for Cats and Kittens,0.0,240,0 sold,0,0.0,Conforto,5.484796933490655,0.0,0.0,en,Premium Felt Cat Bed Cave - Handmade 100% Merino Wool Bed for Cats and Kittens,Premium Felt Cat Bed,Gato
Adjustable Pet Cat Dog Car Seat  Belt Pet Seat Vehicle Dog Harness Lead Clip Safety Lever Traction Dog Collars Dog Accessoires,4.8,32808,"5,000+ sold",37683,5000.0,Acessórios,10.39845814697802,10.536990880168558,8.517393171418904,en,Adjustable Pet Cat Dog Car Seat  Belt Pet Seat Vehicle Dog Harness Lead Clip Safety Lever Traction Dog Collars Dog Accessoires,Adjustable Pet Cat Dog,Cachorro
Garden Fence Medium and Small Dogs - Heavy Duty Exercise Pen Outdoor Dog Playpen - 16 Panel Fence for Large Free Shipping Home,0.0,50,0 sold,3,0.0,Outros,3.9318256327243257,1.3862943611198906,0.0,en,Garden Fence Medium and Small Dogs - Heavy Duty Exercise Pen Outdoor Dog Playpen - 16 Panel Fence for Large Free Shipping Home,Garden Fence Medium and,Cachorro
Dog Leash Set Paw Print Pet Traction Rope Puppy Collar Multiple Colors With Bell Adjustable Puppy Cat Accessories Pet Supplies,4.6,167,62 sold,20,62.0,Acessórios,5.123963979403259,3.044522437723423,4.143134726391533,en,Dog Leash Set Paw Print Pet Traction Rope Puppy Collar Multiple Colors With Bell Adjustable Puppy Cat Accessories Pet Supplies,Dog Leash Set Paw,Cachorro
36-Inch Cat Tree Durable with Doors Condos Scratching Post Tower,0.0,8,1 sold,51,1.0,Outros,2.19722457733622,3.951243718581428,0.6931471805599453,en,36-Inch Cat Tree Durable with Doors Condos Scratching Post Tower,36-Inch Cat Tree Durable,Gato
Cat Toy Cute Pet Catnip Toys Cat Plush Thumb Pillow Pet Supplies  аксесуари для котів juguete para gato,4.7,983,124 sold,71,124.0,Brinquedos,6.891625897052253,4.276666119016055,4.8283137373023015,en,Cat Toy Cute Pet Catnip Toys Cat Plush Thumb Pillow Pet Supplies  аксесуари для котів juguete para gato,Cat Toy Cute Pet,Gato
Soft Fluffy Quality Pet Blanket Cute Cartoon Pet Mat Warm and Comfortable Blanket for Cats and Dogs,4.7,1203,600+ sold,254,600.0,Conforto,7.093404625868766,5.541263545158426,6.398594934535208,en,Soft Fluffy Quality Pet Blanket Cute Cartoon Pet Mat Warm and Comfortable Blanket for Cats and Dogs,Soft Fluffy Quality Pet,Cachorro
Portable Pet Traction Belt Adjustable Dog D-Rings Bathing Band Dog Harness Grooming Belly Strap Pet Grooming Set Pet Supplies,4.7,327,362 sold,460,362.0,Acessórios,5.793013608384144,6.133398042996649,5.8944028342648505,en,Portable Pet Traction Belt Adjustable Dog D-Rings Bathing Band Dog Harness Grooming Belly Strap Pet Grooming Set Pet Supplies,Portable Pet Traction Belt,Cachorro
Kitten Coil Spiral Springs Cat Toys Interactive  Gauge Cat Spring Toy Colorful Springs Cat Pet Toy Pet Products,4.9,141,"2,000+ sold",818,2000.0,Brinquedos,4.955827057601261,6.70808408385307,7.601402334583733,en,Kitten Coil Spiral Springs Cat Toys Interactive  Gauge Cat Spring Toy Colorful Springs Cat Pet Toy Pet Products,Kitten Coil Spiral Springs,Gato
Dog Super Soft Pet Finger Toothbrush Teeth Cleaning Bad Breath Care Nontoxic Silicone Tooth Brush Tool Dog Cat Cleaning Supplies,4.9,106,66 sold,43,66.0,Higiene,4.672828834461906,3.784189633918261,4.204692619390966,en,Dog Super Soft Pet Finger Toothbrush Teeth Cleaning Bad Breath Care Nontoxic Silicone Tooth Brush Tool Dog Cat Cleaning Supplies,Dog Super Soft Pet,Cachorro
Pet Cleaning Brush Dog Cats Bath Massage Gloves Comb Hair Remover Grooming Soft Rubber Cleaning Tool Pets Washing Supplies,5.0,997,132 sold,33,132.0,Higiene,6.905753276311464,3.5263605246161616,4.890349128221754,en,Pet Cleaning Brush Dog Cats Bath Massage Gloves Comb Hair Remover Grooming Soft Rubber Cleaning Tool Pets Washing Supplies,Pet Cleaning Brush Dog,Cachorro
10pcs Cat Water Fountain Filter Replacement Filters Pet Cats Water Drinking Dispenser filter supplies,4.8,46,"1,000+ sold",946,1000.0,Outros,3.8501476017100575,6.853299093186078,6.90875477931522,en,10pcs Cat Water Fountain Filter Replacement Filters Pet Cats Water Drinking Dispenser filter supplies,10pcs Cat Water Fountain,Gato
Schattige Puppy Hond Kat Piepende Speelgoed Bite Resistant Huisdier Kauwen Speelgoed Voor Kleine Honden Dieren Vorm Mascotas Accessoires Zabawki Dla psa,4.6,10869,800+ verkocht,4802,800.0,Brinquedos,9.293761980115256,8.476996001664824,6.68586094706836,nl,Cute Puppy Dog Cat Squeaky Toys Bite Resistant Pet Chew Toys For Small Dogs Animals Shape Mascotas Accessories Zabawki Dla Psa,Cute Puppy Dog Cat,Cachorro
Puppy Big Pet Dog Cat For Bath Brush Massage With Soap Soft Safety Silicone Shampoo For Dogs Cats Clean Bath Tools,4.7,1101,131 sold,358,131.0,Higiene,7.004881989712859,5.883322388488279,4.882801922586371,en,Puppy Big Pet Dog Cat For Bath Brush Massage With Soap Soft Safety Silicone Shampoo For Dogs Cats Clean Bath Tools,Puppy Big Pet Dog,Cachorro
Pet Cat Door Holder Latch Prevents Dogs From Entering Cat Supplies Adjustable Elastic Gate Lock Keep Dog Out Pet Cat Accessories,4.8,296,238 sold,175,238.0,Outros,5.6937321388027,5.170483995038151,5.476463551931511,en,Pet Cat Door Holder Latch Prevents Dogs From Entering Cat Supplies Adjustable Elastic Gate Lock Keep Dog Out Pet Cat Accessories,Pet Cat Door Holder,Cachorro
Dog Whistle To Stop Barking Device Dog Copper Silent Ultrasonic Training Flute Stop Barking for Pet Supplies Sound Trainer Tool,4.4,147,395 sold,131,395.0,Outros,4.997212273764115,4.882801922586371,5.981414211254481,en,Dog Whistle To Stop Barking Device Dog Copper Silent Ultrasonic Training Flute Stop Barking for Pet Supplies Sound Trainer Tool,Dog Whistle To Stop,Cachorro
New Pet Lovely Heart Sunglasses Hairpins Pet Dog Bows Hair Clips for Puppy Dogs Cat Yorkie Teddy Pet Hair Decor Pet Supplies,5.0,65,35 sold,55,35.0,Outros,4.189654742026425,4.02535169073515,3.58351893845611,en,New Pet Lovely Heart Sunglasses Hairpins Pet Dog Bows Hair Clips for Puppy Dogs Cat Yorkie Teddy Pet Hair Decor Pet Supplies,New Pet Lovely Heart,Cachorro
1 Set Cat Plush Toy Gun Plush Launcher Silent Interactive Tool Mini Shooting Gun Games Stretch Plush Ball Toys Pet Supplies,4.8,14,148 sold,57,148.0,Brinquedos,2.70805020110221,4.060443010546419,5.003946305945459,en,1 Set Cat Plush Toy Gun Plush Launcher Silent Interactive Tool Mini Shooting Gun Games Stretch Plush Ball Toys Pet Supplies,1 Set Cat Plush,Gato
Pet Squeaky Toys Pet Ball Toys Dog Chewing Rubber Ball Cleaning Tooth Dog Chew Toy For Dogs Bite Resistant Sounder Pet Supplies,4.5,94,245 sold,60,245.0,Brinquedos,4.553876891600541,4.110873864173311,5.5053315359323625,en,Pet Squeaky Toys Pet Ball Toys Dog Chewing Rubber Ball Cleaning Tooth Dog Chew Toy For Dogs Bite Resistant Sounder Pet Supplies,Pet Squeaky Toys Pet,Cachorro
Pet Heartbeat Puppy Behavioral Training Dog Plush Pet Comfortable Snuggle Anxiety Relief Sleep Aid Doll Durable Drop Ship,4.6,172,500+ sold,749,500.0,Brinquedos,5.153291594497779,6.620073206530356,6.2166061010848646,en,Pet Heartbeat Puppy Behavioral Training Dog Plush Pet Comfortable Snuggle Anxiety Relief Sleep Aid Doll Durable Drop Ship,Pet Heartbeat Puppy Behavioral,Cachorro
1pc Cat Toy Stick Feather Wand With Bell Mouse Cage Toys Plastic Artificial Colorful Cat Teaser Toy Pet Supplies Random Color,4.8,136,413 sold,724,413.0,Brinquedos,4.919980925828125,6.586171654854675,6.025865973825314,en,1pc Cat Toy Stick Feather Wand With Bell Mouse Cage Toys Plastic Artificial Colorful Cat Teaser Toy Pet Supplies Random Color,1pc Cat Toy Stick,Gato
Cat Food Bowl Stainless Steel Kitten Cat Feeder Water Bowl With Non-Slip Rubber Base Small Pet Bowl Cat Accessories Pet Supplies,3.7,60,40 sold,27,40.0,Alimentação,4.110873864173311,3.332204510175204,3.713572066704308,en,Cat Food Bowl Stainless Steel Kitten Cat Feeder Water Bowl With Non-Slip Rubber Base Small Pet Bowl Cat Accessories Pet Supplies,Cat Food Bowl Stainless,Gato
12L 5G WiFi Aautomatic Dog Feeder Large Breed  Automatic cat feeders 1080P Full HD Pet Camera Treat Dispenser Food Dispenser,0.0,20,0 sold,1,0.0,Alimentação,3.044522437723423,0.6931471805599453,0.0,en,12L 5G WiFi Aautomatic Dog Feeder Large Breed  Automatic cat feeders 1080P Full HD Pet Camera Treat Dispenser Food Dispenser,12L 5G WiFi Aautomatic,Cachorro
USB Rechargeable Gravitational Rolling Ball For Pet Automatic Moving Bouncing Toy Ball for Dog Cat,0.0,198,0 sold,0,0.0,Brinquedos,5.293304824724492,0.0,0.0,en,USB Rechargeable Gravitational Rolling Ball For Pet Automatic Moving Bouncing Toy Ball for Dog Cat,USB Rechargeable Gravitational Rolling,Cachorro
Dog Molar Stick Food Grade Silicone BPA Free Bone Shape Dog Tooth Cleaning Interactive Bite Resistant Simulated Pet Supplies,4.2,23,76 sold,23,76.0,Brinquedos,3.1780538303479458,3.1780538303479458,4.343805421853684,en,Dog Molar Stick Food Grade Silicone BPA Free Bone Shape Dog Tooth Cleaning Interactive Bite Resistant Simulated Pet Supplies,Dog Molar Stick Food,Cachorro
Orange Cute Puppy Pet Supplies Carrot Vegetables Shape Plush Chew Squeaker Sound Squeaky Interaction Dog Toys Gift Dog Accessori,4.8,379,68 sold,30,68.0,Brinquedos,5.940171252720432,3.4339872044851463,4.23410650459726,en,Orange Cute Puppy Pet Supplies Carrot Vegetables Shape Plush Chew Squeaker Sound Squeaky Interaction Dog Toys Gift Dog Accessori,Orange Cute Puppy Pet,Cachorro
Flea Comb Stainless Steel Insect Repellent Brush Pet Care Combs Hair Grooming Portable Tool Fur Removal Cat And Dog Supplies,4.9,27379,188 sold,71,188.0,Higiene,10.21756809884244,4.276666119016055,5.241747015059643,en,Flea Comb Stainless Steel Insect Repellent Brush Pet Care Combs Hair Grooming Portable Tool Fur Removal Cat And Dog Supplies,Flea Comb Stainless Steel,Cachorro
Pet Slow Food Bowl Anti-choking Feeder PP Plastic Dish Bowl Home Dog Eating Plate Anti-gulping Feeding Supplies,4.8,189,"1,000+ sold",1350,1000.0,Alimentação,5.247024072160486,7.208600337960199,6.90875477931522,en,Pet Slow Food Bowl Anti-choking Feeder PP Plastic Dish Bowl Home Dog Eating Plate Anti-gulping Feeding Supplies,Pet Slow Food Bowl,Cachorro
Pet Dog Toy Ball Molar Clean Teeth for Small Dog Puppy Teething Chew Toys Dog Accessories Cute Puppy Rope Toys 1pc,4.8,146,384 sold,567,384.0,Brinquedos,4.990432586778736,6.342121418721152,5.953243334287785,en,Pet Dog Toy Ball Molar Clean Teeth for Small Dog Puppy Teething Chew Toys Dog Accessories Cute Puppy Rope Toys 1pc,Pet Dog Toy Ball,Cachorro
Smart Cat Toy Car Interactive Cat Toy Ball Automatic Rolling Remote Control Toy Car Indoor Cat Accessories Pet Kitten Supplies,4.8,220627,"1,000+ sold",1487,1000.0,Brinquedos,12.30423330431096,7.305188215393037,6.90875477931522,en,Smart Cat Toy Car Interactive Cat Toy Ball Automatic Rolling Remote Control Toy Car Indoor Cat Accessories Pet Kitten Supplies,Smart Cat Toy Car,Gato
Simulated Mouse Tail Cat Toy Cat Teaser Funny Stick Silicone Long Tail Pet Interactive Toys for Cats Kitten Hunting Pet Products,4.8,189,"1,000+ sold",518,1000.0,Brinquedos,5.247024072160486,6.251903883165888,6.90875477931522,en,Simulated Mouse Tail Cat Toy Cat Teaser Funny Stick Silicone Long Tail Pet Interactive Toys for Cats Kitten Hunting Pet Products,Simulated Mouse Tail Cat,Gato
Handfree Bird/Feather Cat Wand with Bell Powerful Suction Cup Interactive Toys for Cats Kitten Hunting Exercise Pet Products,4.9,12280,"2,000+ sold",1515,2000.0,Brinquedos,9.415808631610384,7.323830566202317,7.601402334583733,en,Handfree Bird/Feather Cat Wand with Bell Powerful Suction Cup Interactive Toys for Cats Kitten Hunting Exercise Pet Products,Handfree Bird/Feather Cat Wand,Gato
Pet Cat Toys Jumping Walking Hopping Cartoon Plush Chicken Clockwork Cat Interative Playing Toy Wind Up Chick Kitten Supplies,4.7,1187,267 sold,905,267.0,Brinquedos,7.080026499922591,6.80903930604298,5.5909869805108565,en,Pet Cat Toys Jumping Walking Hopping Cartoon Plush Chicken Clockwork Cat Interative Playing Toy Wind Up Chick Kitten Supplies,Pet Cat Toys Jumping,Gato
Pet Dog Brush Cat Comb Self Cleaning Pet Hair Remover Brush For Dogs Cats Grooming Tools Pets Dematting Comb Dogs Accessories,4.7,203,35 sold,7,35.0,Conforto,5.318119993844216,2.079441541679836,3.58351893845611,en,Pet Dog Brush Cat Comb Self Cleaning Pet Hair Remover Brush For Dogs Cats Grooming Tools Pets Dematting Comb Dogs Accessories,Pet Dog Brush Cat,Cachorro
Dog Cat Flap Door with 4 Way Security Lock Flap Door for Dog Cats Kitten ABS Plastic Small Pet Gate Door Kit Cat Dogs Flap Doors,4.9,207,"1,000+ sold",9667,1000.0,Outros,5.337538079701318,9.176576741823371,6.90875477931522,en,Dog Cat Flap Door with 4 Way Security Lock Flap Door for Dog Cats Kitten ABS Plastic Small Pet Gate Door Kit Cat Dogs Flap Doors,Dog Cat Flap Door,Cachorro
"Bite Resistant Sound Snack Dog Toy Molar Stick, Molar Stick Squeak Toy Simulation Food Caterpillar Toy, Wear Resistant To Bite",0.0,149,1 sold,0,1.0,Brinquedos,5.010635294096256,0.0,0.6931471805599453,en,"Bite Resistant Sound Snack Dog Toy Molar Stick, Molar Stick Squeak Toy Simulation Food Caterpillar Toy, Wear Resistant To Bite",Bite Resistant Sound Snack,Cachorro
Breathable Fabric Mesh Dog Leash Soft Comfortable Pet Harness Puppy Cat Vest Collar Pet Supplies For Chihuahua Pug Bulldog,4.6,427,"2,000+ sold",557,2000.0,Acessórios,6.059123195581797,6.324358962381311,7.601402334583733,en,Breathable Fabric Mesh Dog Leash Soft Comfortable Pet Harness Puppy Cat Vest Collar Pet Supplies For Chihuahua Pug Bulldog,Breathable Fabric Mesh Dog,Cachorro
USB Charging LED Dog Collar Anti-lost Safety Night Light Luminous Dogs Necklace Adjustable Nylon Pet Glowing Collars Supplies,4.7,15000,103 sold,33,103.0,Acessórios,9.61587214452889,3.5263605246161616,4.6443908991413725,en,USB Charging LED Dog Collar Anti-lost Safety Night Light Luminous Dogs Necklace Adjustable Nylon Pet Glowing Collars Supplies,USB Charging LED Dog,Cachorro
Pet Activated Carbon Filter for Cat Water Drinking Fountain Round Filter Replacement 2L Cat Dog Water Dispenser Wireless Motion,5.0,41,121 sold,91,121.0,Outros,3.737669618283368,4.5217885770490405,4.804021044733257,en,Pet Activated Carbon Filter for Cat Water Drinking Fountain Round Filter Replacement 2L Cat Dog Water Dispenser Wireless Motion,Pet Activated Carbon Filter,Cachorro
Pet Supplies Dog Collar Alloy Buckle Dog Chain Cat Necklace Size Adjustable for Small and Medium-sized Dog Collars Dog Supplies,4.7,237,490 sold,543,490.0,Acessórios,5.472270673671475,6.298949246855942,6.19644412779452,en,Pet Supplies Dog Collar Alloy Buckle Dog Chain Cat Necklace Size Adjustable for Small and Medium-sized Dog Collars Dog Supplies,Pet Supplies Dog Collar,Cachorro
Cat Toys Interactive Launch Training Creative Kittens Mini Pompoms Games Stretch Plush Ball Toys Cat Supplies Pet Accessories,4.7,633,"10,000+ sold",11388,10000.0,Brinquedos,6.452048954437226,9.340403256274351,9.210440366976515,en,Cat Toys Interactive Launch Training Creative Kittens Mini Pompoms Games Stretch Plush Ball Toys Cat Supplies Pet Accessories,Cat Toys Interactive Launch,Gato
VIP Dog Collar Puppy 68cm 37cm For Small Dogs Cats Collar  Pet Accessories Supplies Suppliers,4.5,951,304 sold,35,304.0,Acessórios,6.858565034791365,3.58351893845611,5.720311776607412,en,VIP Dog Collar Puppy 68cm 37cm For Small Dogs Cats Collar  Pet Accessories Supplies Suppliers,VIP Dog Collar Puppy,Cachorro
Bathroom Puppy Dog Cat Bath Massage Gloves Brush Soft Safety Silicone Pet Accessories for Dogs Cats Dog comb Tools,4.7,1299,298 sold,245,298.0,Higiene,7.170119543449628,5.5053315359323625,5.700443573390687,en,Bathroom Puppy Dog Cat Bath Massage Gloves Brush Soft Safety Silicone Pet Accessories for Dogs Cats Dog comb Tools,Bathroom Puppy Dog Cat,Cachorro
Pet Steam Brush Cat Dog Cleaning Steamy Spray Massage Beauty Comb 3 In 1 Hair Removal Grooming Supplies Pets Accessories,4.9,2282,332 sold,116,332.0,Higiene,7.733245646529795,4.762173934797756,5.808142489980444,en,Pet Steam Brush Cat Dog Cleaning Steamy Spray Massage Beauty Comb 3 In 1 Hair Removal Grooming Supplies Pets Accessories,Pet Steam Brush Cat,Cachorro
Cute Design Pet Poop Bag Holder Dispenser Without Poop Bag And Leashes Can Attached With Any Dog Leashes For Valentine's Day,4.8,231,600+ sold,295,600.0,Acessórios,5.44673737166631,5.69035945432406,6.398594934535208,en,Cute Design Pet Poop Bag Holder Dispenser Without Poop Bag And Leashes Can Attached With Any Dog Leashes For Valentine's Day,Cute Design Pet Poop,Cachorro
Adjustable Harness Dog Reflective Safety Training Walking Chest Vest Leads Collar For French Bulldog Pets Dogs Accessories,4.8,139054,"1,000+ sold",1792,1000.0,Acessórios,11.842624817304012,7.491645473605133,6.90875477931522,en,Adjustable Harness Dog Reflective Safety Training Walking Chest Vest Leads Collar For French Bulldog Pets Dogs Accessories,Adjustable Harness Dog Reflective,Cachorro
Remote Control Toy Car Indoor Accessories Pet Kitten Supplies Smart Cat Toy Car Interactive Toy Ball Automatic Rolling,5.0,2382,31 sold,14,31.0,Brinquedos,7.776115477098742,2.70805020110221,3.4657359027997265,en,Remote Control Toy Car Indoor Accessories Pet Kitten Supplies Smart Cat Toy Car Interactive Toy Ball Automatic Rolling,Remote Control Toy Car,Gato
Puppy Dog Cat Squeaker Toys Soft Plush Pet Stuffed Little Toy for Small Dogs Chihuahua Pomeranian Gift Happy Time Pet Supplies,4.8,11823,56 sold,40,56.0,Brinquedos,9.377886643187985,3.713572066704308,4.04305126783455,en,Puppy Dog Cat Squeaker Toys Soft Plush Pet Stuffed Little Toy for Small Dogs Chihuahua Pomeranian Gift Happy Time Pet Supplies,Puppy Dog Cat Squeaker,Cachorro
"1pc Avocado Design Pet Grinding Teeth Squeaky Plush Toy, DurableChew Toy For Dog Interactive Supply",5.0,13,49 sold,33,49.0,Brinquedos,2.6390573296152584,3.5263605246161616,3.912023005428146,en,"1pc Avocado Design Pet Grinding Teeth Squeaky Plush Toy, DurableChew Toy For Dog Interactive Supply",1pc Avocado Design Pet,Cachorro
Pet Dog Fence Gate Safe Guard Safety Enclosure Folding Dog Fences Dog Gate The Ingenious Mesh Magic Pet Gate Pet Supplies,5.0,69,16 sold,11,16.0,Outros,4.248495242049359,2.4849066497880004,2.833213344056216,en,Pet Dog Fence Gate Safe Guard Safety Enclosure Folding Dog Fences Dog Gate The Ingenious Mesh Magic Pet Gate Pet Supplies,Pet Dog Fence Gate,Cachorro
Pets Dog Toys Screaming Chicken Sound Toy Puppy Bite Resistant Chew Toy Interactive Squeaky Dog Toy Puppy Dog Accessories,4.8,17,441 sold,303,441.0,Brinquedos,2.8903717578961645,5.717027701406222,6.091309882077698,en,Pets Dog Toys Screaming Chicken Sound Toy Puppy Bite Resistant Chew Toy Interactive Squeaky Dog Toy Puppy Dog Accessories,Pets Dog Toys Screaming,Cachorro
Pet Hair Removal Brush Dog Hair Comb Stainless Steel Automatic Hair Fading Cat Comb Pet Cleaning Grooming Supplies,4.7,600,900+ sold,1284,900.0,Conforto,6.398594934535208,7.158513997329321,6.803505257608338,en,Pet Hair Removal Brush Dog Hair Comb Stainless Steel Automatic Hair Fading Cat Comb Pet Cleaning Grooming Supplies,Pet Hair Removal Brush,Cachorro
"Portable Dog Crate, Soft Puppy Travel Crate 32""x 23""x 23""Foldable Pet Kennel",0.0,20,0 sold,9,0.0,Outros,3.044522437723423,2.302585092994046,0.0,no,"Portable Dog Crate, Soft Puppy Travel Crate 32""x 23""x 23""Foldable Pet Kennel","Portable Dog Crate, Soft",Cachorro
Dog Molar Stick Food Grade Bone Shape Dog Tooth Cleaning Interactive Bite Resistant for Small Pet with Slight Bite Force,4.3,437,"1,000+ sold",587,1000.0,Brinquedos,6.082218910376446,6.376726947898627,6.90875477931522,en,Dog Molar Stick Food Grade Bone Shape Dog Tooth Cleaning Interactive Bite Resistant for Small Pet with Slight Bite Force,Dog Molar Stick Food,Cachorro
3m 5m Dog Leash For Small Dogs Cats Automatic Retractable Puppy Nylon Walking Running Leads Chihuahua Yorkshire Pet Supplies,4.7,26,416 sold,150,416.0,Acessórios,3.295836866004329,5.017279836814924,6.0330862217988015,en,3m 5m Dog Leash For Small Dogs Cats Automatic Retractable Puppy Nylon Walking Running Leads Chihuahua Yorkshire Pet Supplies,3m 5m Dog Leash,Cachorro
2/3Pc Dog Anti Flea and Tick antiparasitic Collar Pet 8Month Protection Adjustable Collar for Large Dog Puppy Cat Dog Accessorie,5.0,662,44 sold,28,44.0,Acessórios,6.496774990185863,3.367295829986474,3.80666248977032,en,2/3Pc Dog Anti Flea and Tick antiparasitic Collar Pet 8Month Protection Adjustable Collar for Large Dog Puppy Cat Dog Accessorie,2/3Pc Dog Anti Flea,Cachorro
Pet Teddy Bear Soundmaking Toy Plush Interactive Dog Toys Grinding Cleaning Teeth Anti Bite Abreact Plaything Bear Pets Supplies,4.5,207,900+ sold,411,900.0,Brinquedos,5.337538079701318,6.021023349349527,6.803505257608338,en,Pet Teddy Bear Soundmaking Toy Plush Interactive Dog Toys Grinding Cleaning Teeth Anti Bite Abreact Plaything Bear Pets Supplies,Pet Teddy Bear Soundmaking,Cachorro
Interactive Cat Toys USB Electric Intelligent Rolling Ball Toy Cats Pet Silicone Automatic Rotate Mouse Tail Kitten Teaser Stick,4.5,128,500+ sold,633,500.0,Brinquedos,4.859812404361672,6.452048954437226,6.2166061010848646,en,Interactive Cat Toys USB Electric Intelligent Rolling Ball Toy Cats Pet Silicone Automatic Rotate Mouse Tail Kitten Teaser Stick,Interactive Cat Toys USB,Gato
Interactive Dog Supplies Toys Pet Flying Discs Puppy Training Toy Ring Resistant Bite Floating Toy Game for Frisbee,4.5,42,43 sold,11,43.0,Brinquedos,3.7612001156935615,2.4849066497880004,3.784189633918261,en,Interactive Dog Supplies Toys Pet Flying Discs Puppy Training Toy Ring Resistant Bite Floating Toy Game for Frisbee,Interactive Dog Supplies Toys,Cachorro
New Triangle Cat Nest Closed Cat House Pet Nest Warm and Thickened Deep Sleep Dog Nest Pet Supplies,4.7,86,490 sold,735,490.0,Outros,4.465908118654584,6.601230118728877,6.19644412779452,en,New Triangle Cat Nest Closed Cat House Pet Nest Warm and Thickened Deep Sleep Dog Nest Pet Supplies,New Triangle Cat Nest,Cachorro
Triangular Clip Hanging Door Mouse Funny Cat Toy Swing Mouse Funny Cat Stick Hanging Elastic Toys for Cats Pet Products,0.0,17471,0 sold,0,0.0,Brinquedos,9.768354878544631,0.0,0.0,en,Triangular Clip Hanging Door Mouse Funny Cat Toy Swing Mouse Funny Cat Stick Hanging Elastic Toys for Cats Pet Products,Triangular Clip Hanging Door,Gato
Plush mouse cat toy Soft Long-haired Tail Mice Mouse For Cats Funny Kitten Toy Pet Cats Training Game Cat Supplies,4.7,148,174 sold,79,174.0,Brinquedos,5.003946305945459,4.382026634673881,5.1647859739235145,en,Plush mouse cat toy Soft Long-haired Tail Mice Mouse For Cats Funny Kitten Toy Pet Cats Training Game Cat Supplies,Plush mouse cat toy,Gato
1/2/3PCS Cat Toys Random Color Cat Stick Feather Cat Toy with Small Bell Kitten Cat Interactive Toys Cat Supplies Pet Products,4.4,448,26 sold,10,26.0,Brinquedos,6.107022887742255,2.3978952727983707,3.295836866004329,en,1/2/3PCS Cat Toys Random Color Cat Stick Feather Cat Toy with Small Bell Kitten Cat Interactive Toys Cat Supplies Pet Products,1/2/3PCS Cat Toys Random,Gato
Three-piece pet toy Dog toy Bone thorn rod Thunder ball interactive sound grinding teeth bite resistant boring toy,0.0,200,0 sold,0,0.0,Brinquedos,5.303304908059076,0.0,0.0,en,Three-piece pet toy Dog toy Bone thorn rod Thunder ball interactive sound grinding teeth bite resistant boring toy,Three-piece pet toy Dog,Cachorro
Pet Cat Bowl Cute Cartoon Pet Drinking Water Feeding Bowl Ceramics Cat Food Dog Food Utensils Cat Dog Pet Supplies Accessories,4.8,5,171 sold,3969,171.0,Alimentação,1.791759469228055,8.286521373681236,5.147494476813453,en,Pet Cat Bowl Cute Cartoon Pet Drinking Water Feeding Bowl Ceramics Cat Food Dog Food Utensils Cat Dog Pet Supplies Accessories,Pet Cat Bowl Cute,Cachorro
Pet Placemat Dog Food Mat Cat Bowl Pad Puppy Waterproof Feeding Mat Prevent Food Water Overflow Silicone Pet Supplies,4.9,46,321 sold,583,321.0,Alimentação,3.8501476017100575,6.369900982828227,5.7745515455444085,en,Pet Placemat Dog Food Mat Cat Bowl Pad Puppy Waterproof Feeding Mat Prevent Food Water Overflow Silicone Pet Supplies,Pet Placemat Dog Food,Cachorro
Pet Dog Brush Cat Comb Self Cleaning Pet Hair Remover Brush For Dogs Cats Grooming Tools Pets Dematting Comb Dogs Accessories,4.7,1502,421 sold,1126,421.0,Conforto,7.315218389752975,7.027314514039777,6.045005314036012,en,Pet Dog Brush Cat Comb Self Cleaning Pet Hair Remover Brush For Dogs Cats Grooming Tools Pets Dematting Comb Dogs Accessories,Pet Dog Brush Cat,Cachorro
10PS Flower Shape Dog Grooming Bowknot Small Dogs Hair Bows Rubber Bands Pet Cat Dog Hair Bows Pet Hair Accessories Pet Supplies,5.0,28,25 sold,16,25.0,Higiene,3.367295829986474,2.833213344056216,3.258096538021482,en,10PS Flower Shape Dog Grooming Bowknot Small Dogs Hair Bows Rubber Bands Pet Cat Dog Hair Bows Pet Hair Accessories Pet Supplies,10PS Flower Shape Dog,Cachorro
Dog Cat Pet  Training Clicker With Wrist Strap Training Supplies For Dogs Cats Pet Training Clicker Dog Supplies Dog Trainings,4.9,51,60 sold,9,60.0,Outros,3.951243718581428,2.302585092994046,4.110873864173311,en,Dog Cat Pet  Training Clicker With Wrist Strap Training Supplies For Dogs Cats Pet Training Clicker Dog Supplies Dog Trainings,Dog Cat Pet Training,Cachorro
Soft PP Cotton Nest Dog Basket Mat Universal Waterproof Cat Bed Large Pet Cat and Dog Bed Warm Comfortable Dog House,4.0,796,4 sold,2,4.0,Conforto,6.680854678790215,1.0986122886681098,1.6094379124341005,en,Soft PP Cotton Nest Dog Basket Mat Universal Waterproof Cat Bed Large Pet Cat and Dog Bed Warm Comfortable Dog House,Soft PP Cotton Nest,Cachorro
Dog Hair Remover Brush Cat Hair Grooming and Care Comb for Long Hair Dog Pet Removes Hairs Cleaning Bath Brush Pet Supplies,5.0,6326,22 sold,2,22.0,Higiene,8.752581469146884,1.0986122886681098,3.1354942159291497,en,Dog Hair Remover Brush Cat Hair Grooming and Care Comb for Long Hair Dog Pet Removes Hairs Cleaning Bath Brush Pet Supplies,Dog Hair Remover Brush,Cachorro
Cat Bed Pet Mattress Warm Soft Plush Pet Bed with Cover Round  Cat Dog  Sleeping Nest Cave for Small Dogs kitten,4.8,524,209 sold,352,209.0,Brinquedos,6.263398262591624,5.8664680569332965,5.3471075307174685,en,Cat Bed Pet Mattress Warm Soft Plush Pet Bed with Cover Round  Cat Dog  Sleeping Nest Cave for Small Dogs kitten,Cat Bed Pet Mattress,Cachorro
Pet Cat Bed Mat Rattan Woven Cat Sleeping Mat Sofa Bed Summer Pet Cooling Mat for Small Dog Cats Kitten Puppy Beds Cushion,5.0,897,3 sold,11,3.0,Conforto,6.8001700683022,2.4849066497880004,1.3862943611198906,en,Pet Cat Bed Mat Rattan Woven Cat Sleeping Mat Sofa Bed Summer Pet Cooling Mat for Small Dog Cats Kitten Puppy Beds Cushion,Pet Cat Bed Mat,Cachorro
Pet Toys Sensory Balls for Dog Textured Hand Touch Ball Soft Massage Ball Pet Supplies Dog Accessories Dog Bite Resistant Toy,4.4,78,700+ sold,800,700.0,Brinquedos,4.3694478524670215,6.68586094706836,6.55250788703459,en,Pet Toys Sensory Balls for Dog Textured Hand Touch Ball Soft Massage Ball Pet Supplies Dog Accessories Dog Bite Resistant Toy,Pet Toys Sensory Balls,Cachorro
Four Seasons Universal Pure Handmade Vine Woven Cat Nest Seasonal Warmth Pad Detachable Washable Winter Pet Supplies Accessories,4.5,162,33 sold,165,33.0,Sanitário,5.093750200806762,5.111987788356544,3.5263605246161616,en,Four Seasons Universal Pure Handmade Vine Woven Cat Nest Seasonal Warmth Pad Detachable Washable Winter Pet Supplies Accessories,Four Seasons Universal Pure,Gato
Dog Crates Kit for Small Size s Indoor with  Crate Cover,0.0,18,2 sold,0,2.0,Outros,2.9444389791664403,0.0,1.0986122886681098,en,Dog Crates Kit for Small Size s Indoor with  Crate Cover,Dog Crates Kit for,Cachorro
100/50/40/20PCS Absorbent Dogs Diapers Disposable Puppy Training Pee Pads Quick Dry Surface Mat Clean Cushion Dog Supplies,4.6,359,600+ sold,396,600.0,Conforto,5.886104031450156,5.983936280687191,6.398594934535208,en,100/50/40/20PCS Absorbent Dogs Diapers Disposable Puppy Training Pee Pads Quick Dry Surface Mat Clean Cushion Dog Supplies,100/50/40/20PCS Absorbent Dogs Diapers,Cachorro
200-1600ml Stainless Steel Dogs Bowl Cats Non Slip Food Drinking Water Eating Container Dish Puppy Kitten Feeder Pet Supplies,4.9,43,38 sold,49,38.0,Alimentação,3.784189633918261,3.912023005428146,3.6635616461296463,en,200-1600ml Stainless Steel Dogs Bowl Cats Non Slip Food Drinking Water Eating Container Dish Puppy Kitten Feeder Pet Supplies,200-1600ml Stainless Steel Dogs,Cachorro
"Pet Supplies Small Pillow, Soft Universal Pillow For Cats And Dogs, U-shaped Cervical Vertebra Pet Toy",0.0,11,4 sold,1,4.0,Brinquedos,2.4849066497880004,0.6931471805599453,1.6094379124341005,en,"Pet Supplies Small Pillow, Soft Universal Pillow For Cats And Dogs, U-shaped Cervical Vertebra Pet Toy","Pet Supplies Small Pillow,",Cachorro
3m 5m Durable Dog Leash For Small Medium Dogs Nylon Strong Retractable Candy Color Traction Rope French Bulldog Pet Supplies,4.5,106,13 sold,2,13.0,Acessórios,4.672828834461906,1.0986122886681098,2.6390573296152584,en,3m 5m Durable Dog Leash For Small Medium Dogs Nylon Strong Retractable Candy Color Traction Rope French Bulldog Pet Supplies,3m 5m Durable Dog,Cachorro
Stainless Steel Cat Litter Shovel Durable Litter Scooper Pets Supplies for Lizards Kitten Kitty Dogs Waste Instant Cleaning Tool,0.0,22,6 sold,0,6.0,Higiene,3.1354942159291497,0.0,1.9459101490553128,en,Stainless Steel Cat Litter Shovel Durable Litter Scooper Pets Supplies for Lizards Kitten Kitty Dogs Waste Instant Cleaning Tool,Stainless Steel Cat Litter,Cachorro
1pc Durable and Non Slip Slow Food Plate for Pet Dogs Plastic Anti Suffocation Pet Bowl Food Bowl Pet Supplies,0.0,28,12 sold,10,12.0,Alimentação,3.367295829986474,2.3978952727983707,2.5649493574615367,en,1pc Durable and Non Slip Slow Food Plate for Pet Dogs Plastic Anti Suffocation Pet Bowl Food Bowl Pet Supplies,1pc Durable and Non,Cachorro
1pc Pet Dog Beds Mats Soft Plush Warm Sofa Kennel Sleep Basket for Small Dogs Cat Supplies,5.0,45,19 sold,12,19.0,Brinquedos,3.828641396489095,2.5649493574615367,2.995732273553991,en,1pc Pet Dog Beds Mats Soft Plush Warm Sofa Kennel Sleep Basket for Small Dogs Cat Supplies,1pc Pet Dog Beds,Cachorro
Bonve Comb Brush Pet Hair Remover Combs For Short to medium-length hair Dogs Cats Supplies Grooming and Care Deshedding Tool,4.6,200,69 sold,32,69.0,Higiene,5.303304908059076,3.49650756146648,4.248495242049359,en,Bonve Comb Brush Pet Hair Remover Combs For Short to medium-length hair Dogs Cats Supplies Grooming and Care Deshedding Tool,Bonve Comb Brush Pet,Cachorro
Silicone Pet Dog Training Waist Bag Portable Food Reward Storage Bag Puppy Treat Pouch with Magnetic Clip Pet Outing Supplies,0.0,39,1 sold,0,1.0,Alimentação,3.688879454113936,0.0,0.6931471805599453,en,Silicone Pet Dog Training Waist Bag Portable Food Reward Storage Bag Puppy Treat Pouch with Magnetic Clip Pet Outing Supplies,Silicone Pet Dog Training,Cachorro
2 In 1 Pet Clicker Dog Training Whistle Answer Card Pet Dog Trainer Assistive Guide With Key Ring Dog Puppy Pet Supplies,4.7,32,14 sold,93,14.0,Outros,3.49650756146648,4.543294782270004,2.70805020110221,en,2 In 1 Pet Clicker Dog Training Whistle Answer Card Pet Dog Trainer Assistive Guide With Key Ring Dog Puppy Pet Supplies,2 In 1 Pet,Cachorro
Pet Cooling Mat Dog Cat Sleeping Pad Cool Ice Silk Moisture-proof Mattress Cushion Summer Small Animal Cold Bed 5 sizes,4.5,149,489 sold,354,489.0,Conforto,5.010635294096256,5.872117789475416,6.194405391104672,en,Pet Cooling Mat Dog Cat Sleeping Pad Cool Ice Silk Moisture-proof Mattress Cushion Summer Small Animal Cold Bed 5 sizes,Pet Cooling Mat Dog,Cachorro
Pet drinker Feeder Cat water bowl Double bowl Plastic automatic drinking bottle Dog bowl Pet supplies,4.8,35,150 sold,100,150.0,Alimentação,3.58351893845611,4.61512051684126,5.017279836814924,en,Pet drinker Feeder Cat water bowl Double bowl Plastic automatic drinking bottle Dog bowl Pet supplies,Pet drinker Feeder Cat,Cachorro
Pet Bath Brush Shampoo Massage Brush Soft Silicone Puppy Cat Comb Pet Dog Cleaning Brush for Dog Cat Shower Grooming Tool,4.7,47,252 sold,1324,252.0,Higiene,3.871201010907891,7.1891677384203225,5.53338948872752,en,Pet Bath Brush Shampoo Massage Brush Soft Silicone Puppy Cat Comb Pet Dog Cleaning Brush for Dog Cat Shower Grooming Tool,Pet Bath Brush Shampoo,Cachorro
Multifuctional Pet Food Can Spoon Set Pet Can Opener Dry Wet Food Spoon Cat Supplies Pet Spoon Feeding Stirring Spoon,0.0,23,5 sold,13,5.0,Alimentação,3.1780538303479458,2.6390573296152584,1.791759469228055,en,Multifuctional Pet Food Can Spoon Set Pet Can Opener Dry Wet Food Spoon Cat Supplies Pet Spoon Feeding Stirring Spoon,Multifuctional Pet Food Can,Gato
Pet Dog Cat ID Name Tag 2pcs/lot Identification Pet Collar Kitten Puppy ID Tags For Collars Cat Accessories Name Bone Shape,5.0,4000,49 sold,41,49.0,Acessórios,8.294299608857235,3.737669618283368,3.912023005428146,en,Pet Dog Cat ID Name Tag 2pcs/lot Identification Pet Collar Kitten Puppy ID Tags For Collars Cat Accessories Name Bone Shape,Pet Dog Cat ID,Cachorro
Interactive Cat Toys Funny Feather Teaser Stick with Bell Pets Collar Kitten Playing Teaser Wand Training Toys for Cats Supplies,4.7,257,457 sold,113,457.0,Brinquedos,5.552959584921617,4.736198448394496,6.126869184114185,en,Interactive Cat Toys Funny Feather Teaser Stick with Bell Pets Collar Kitten Playing Teaser Wand Training Toys for Cats Supplies,Interactive Cat Toys Funny,Gato
Dog Poop Bag Holder with Carabiner Fits Any Leash Portable Garbage Pet Cleaning Supplies Dog Walking Poop Bag Dispenser,0.0,55,6 sold,5,6.0,Acessórios,4.02535169073515,1.791759469228055,1.9459101490553128,en,Dog Poop Bag Holder with Carabiner Fits Any Leash Portable Garbage Pet Cleaning Supplies Dog Walking Poop Bag Dispenser,Dog Poop Bag Holder,Cachorro
"Large Dog Cage, Beautiful Indoor Kennel, Modern Decorative Pet House Dog Cage, Side Table and Bedside Table, Espresso",0.0,2000,0 sold,0,0.0,Conforto,7.601402334583733,0.0,0.0,da,"Large Dog Cage, Beautiful Indoor Kennel, Modern Decorative Pet House Dog Cage, Side Table and Bedside Table, Espresso","Large Dog Cage, Beautiful",Cachorro
200/400cm Garden Anti-cat  Dog Net Repellent Mat Safe Plastic Spike Thorn Deterrent Green Plant Protection Supply Pet Products,0.0,8,13 sold,6,13.0,Conforto,2.19722457733622,1.9459101490553128,2.6390573296152584,en,200/400cm Garden Anti-cat  Dog Net Repellent Mat Safe Plastic Spike Thorn Deterrent Green Plant Protection Supply Pet Products,200/400cm Garden Anti-cat Dog,Cachorro
Pet Cat Litter Mat Toilet Cat Mat Waterproof Pet Litter Box Mat Nonslip Sand Cat Washable Mat Clean Pad Pet Clean Supplies,4.9,19,131 sold,106,131.0,Conforto,2.995732273553991,4.672828834461906,4.882801922586371,en,Pet Cat Litter Mat Toilet Cat Mat Waterproof Pet Litter Box Mat Nonslip Sand Cat Washable Mat Clean Pad Pet Clean Supplies,Pet Cat Litter Mat,Gato
"1/12 piece disposable pet litter bag for dogs, dog litter bag design, pet litter cleaning, bone picking bag dispenser tool",0.0,500,0 sold,1,0.0,Higiene,6.2166061010848646,0.6931471805599453,0.0,no,"1/12 piece disposable pet litter bag for dogs, dog litter bag design, pet litter cleaning, bone picking bag dispenser tool",1/12 piece disposable pet,Cachorro
2 IN 1 Cat Water And Food Feeder Dispenser Automatic Dog Cats Drinking Bottles Feeding Bowl Dispensers Pet Supplies 2.2L,4.5,81,215 sold,1415,215.0,Alimentação,4.406719247264253,7.255591274253665,5.375278407684165,en,2 IN 1 Cat Water And Food Feeder Dispenser Automatic Dog Cats Drinking Bottles Feeding Bowl Dispensers Pet Supplies 2.2L,2 IN 1 Cat,Cachorro
Pet Chew Toys Interactive Cartoon Animal Plush Alligator Shape Dog Sound Toy Gnawing Grinding Teeth Training Supplies,0.0,282,14 sold,5,14.0,Brinquedos,5.645446897643238,1.791759469228055,2.70805020110221,en,Pet Chew Toys Interactive Cartoon Animal Plush Alligator Shape Dog Sound Toy Gnawing Grinding Teeth Training Supplies,Pet Chew Toys Interactive,Cachorro
Reusable Dog Urine Mat Absorbent Super Washable Pet Pee Mat Cat Puppy Training Diaper Mat Pet Supplies for Car Seat Floor Sofa,4.8,44,330 sold,479,330.0,Conforto,3.80666248977032,6.173786103901937,5.802118375377063,en,Reusable Dog Urine Mat Absorbent Super Washable Pet Pee Mat Cat Puppy Training Diaper Mat Pet Supplies for Car Seat Floor Sofa,Reusable Dog Urine Mat,Cachorro
Dog Toy Rubber Ball Bite-resistant Ball Toy for Dogs Puppy Teddy Pitbull Red Color Solid Ball  Pet Supplies,5.0,22,4 sold,1,4.0,Brinquedos,3.1354942159291497,0.6931471805599453,1.6094379124341005,en,Dog Toy Rubber Ball Bite-resistant Ball Toy for Dogs Puppy Teddy Pitbull Red Color Solid Ball  Pet Supplies,Dog Toy Rubber Ball,Cachorro
Benepaw Durable Double Dog Leash Coupler Reflective Strong Dual Pet Leash Lead 360° No Tangle For  Small Medium Large Dogs,4.7,7167,64 sold,632,64.0,Acessórios,8.877381954654766,6.450470422144176,4.174387269895637,en,Benepaw Durable Double Dog Leash Coupler Reflective Strong Dual Pet Leash Lead 360° No Tangle For  Small Medium Large Dogs,Benepaw Durable Double Dog,Cachorro
Dog Poop Bag Holder Portable Pet Waste Bag Dispenser Capsule Shape Dog Garbage Holder Dispensers Cleaning Supplies,5.0,1089,10 sold,4,10.0,Higiene,6.993932975223189,1.6094379124341005,2.3978952727983707,da,Dog Poop Bag Holder Portable Pet Waste Bag Dispenser Capsule Shape Dog Garbage Holder Dispensers Cleaning Supplies,Dog Poop Bag Holder,Cachorro
ROJECO Smart Pet Toys Cat Bouncing Ball Automatic Rolling Ball Interactive Training Self-moving Electric Toys Pet Accessories,4.6,152,"1,000+ sold",532,1000.0,Brinquedos,5.030437921392435,6.278521424165844,6.90875477931522,en,ROJECO Smart Pet Toys Cat Bouncing Ball Automatic Rolling Ball Interactive Training Self-moving Electric Toys Pet Accessories,ROJECO Smart Pet Toys,Gato
Newest Puppy Dog Harness and Leash Set for Small Dogs Adjustable Pet Harnesses Chihuahua Poodle Bichon Cat mascotas Accessories,4.8,10532,269 sold,152,269.0,Acessórios,9.26226846483654,5.030437921392435,5.598421958998375,en,Newest Puppy Dog Harness and Leash Set for Small Dogs Adjustable Pet Harnesses Chihuahua Poodle Bichon Cat mascotas Accessories,Newest Puppy Dog Harness,Cachorro
"Pet bibs saliva towel INS Korean series, fashion embroidery bichon saliva towel small dog teddy pet supplies",0.0,77,3 sold,15,3.0,Outros,4.356708826689592,2.772588722239781,1.3862943611198906,en,"Pet bibs saliva towel INS Korean series, fashion embroidery bichon saliva towel small dog teddy pet supplies",Pet bibs saliva towel,Cachorro
Adjustable Pet Collar Cute Macron Flower Bow Style Cat Necklace Princess Gift for Puppy Cat Pet Supplies Dog Collar,0.0,7037,8 sold,7,8.0,Acessórios,8.85907931788153,2.079441541679836,2.19722457733622,en,Adjustable Pet Collar Cute Macron Flower Bow Style Cat Necklace Princess Gift for Puppy Cat Pet Supplies Dog Collar,Adjustable Pet Collar Cute,Cachorro
Pet Dog Leash Automatic Retractable Puppy Cats Lead Outdoor Hiking French Bulldog Traction Adjustable Nylon Small Dogs Supplies,0.0,367,6 sold,1,6.0,Acessórios,5.908082938168931,0.6931471805599453,1.9459101490553128,en,Pet Dog Leash Automatic Retractable Puppy Cats Lead Outdoor Hiking French Bulldog Traction Adjustable Nylon Small Dogs Supplies,Pet Dog Leash Automatic,Cachorro
Dog training whistle,0.0,150,3 sold,6,3.0,Outros,5.017279836814924,1.9459101490553128,1.3862943611198906,en,Dog training whistle,Dog training whistle,Cachorro
Portable Pet Dog Water Bottle Travel Cup Outdoor Feeder Dispenser Drinking Bowl Pet Supply For Small Large Dog Puppy Cat,5.0,8,8 sold,4,8.0,Alimentação,2.19722457733622,1.6094379124341005,2.19722457733622,en,Portable Pet Dog Water Bottle Travel Cup Outdoor Feeder Dispenser Drinking Bowl Pet Supply For Small Large Dog Puppy Cat,Portable Pet Dog Water,Cachorro
Pet Cat Feeder Bowl Dog Automatic Water Double Bowls Food Wall Corner Save Space Cats 500ml Bottle Drinking Kitten Dogs Products,4.6,33,175 sold,233,175.0,Alimentação,3.5263605246161616,5.455321115357702,5.170483995038151,en,Pet Cat Feeder Bowl Dog Automatic Water Double Bowls Food Wall Corner Save Space Cats 500ml Bottle Drinking Kitten Dogs Products,Pet Cat Feeder Bowl,Cachorro
Pet Bin bag dog toilet bag pet cleaning supplies bone type pet garbage container toilet collector,5.0,2279,152 sold,45,152.0,Higiene,7.731930721948486,3.828641396489095,5.030437921392435,fr,Pet Bin bag dog toilet bag pet cleaning supplies bone type pet garbage container toilet collector,Pet Bin bag dog,Cachorro
Cat Window Hammock With Cushion Pet Cats Hanging Bed Sleeping With Strong Suction Cups Pet Kitty Sunny Window Seat Nest,5.0,13,45 sold,1022,45.0,Conforto,2.6390573296152584,6.930494765951626,3.828641396489095,en,Cat Window Hammock With Cushion Pet Cats Hanging Bed Sleeping With Strong Suction Cups Pet Kitty Sunny Window Seat Nest,Cat Window Hammock With,Gato
New 38/70CM Pet Anti Flea Ticks Antiparasitic Cats Collar Dog Protection Retractable Collars For Puppy Cat Large Dogs Accessorie,4.6,1054,700+ sold,551,700.0,Acessórios,6.961296045910167,6.313548046277095,6.55250788703459,en,New 38/70CM Pet Anti Flea Ticks Antiparasitic Cats Collar Dog Protection Retractable Collars For Puppy Cat Large Dogs Accessorie,New 38/70CM Pet Anti,Cachorro
Non-Slip Double Cat Bowl Dog Bowl With Stand Pet Feeding Cat Water Bowl For Cats Food Pet Bowls For Dogs Feeder Product Supplies,4.9,2150,700+ sold,1793,700.0,Alimentação,7.67368812926773,7.492203042618741,6.55250788703459,en,Non-Slip Double Cat Bowl Dog Bowl With Stand Pet Feeding Cat Water Bowl For Cats Food Pet Bowls For Dogs Feeder Product Supplies,Non-Slip Double Cat Bowl,Cachorro
Dog Flying Disk Toy Interactive Chew Saucer Discs Toys Outdoor Training Playthings Anti-Chew Environmentally Game Pet Supplies,4.2,20,64 sold,27,64.0,Brinquedos,3.044522437723423,3.332204510175204,4.174387269895637,en,Dog Flying Disk Toy Interactive Chew Saucer Discs Toys Outdoor Training Playthings Anti-Chew Environmentally Game Pet Supplies,Dog Flying Disk Toy,Cachorro
Pet Special Cleaning Pet Wipes For Cats And Dogs Special No-Wash Cleaning Body Parts Deodorant Wipes Pet Cleaning Wipes,0.0,2,10 sold,7,10.0,Higiene,1.0986122886681098,2.079441541679836,2.3978952727983707,en,Pet Special Cleaning Pet Wipes For Cats And Dogs Special No-Wash Cleaning Body Parts Deodorant Wipes Pet Cleaning Wipes,Pet Special Cleaning Pet,Cachorro
Pet Reflective Pet Chest Strap Suede Breathable Dog Harness Adjustable Pet Chest Strap For Pet Outdoor Walking Dog Accessories,4.0,15,7 sold,3,7.0,Acessórios,2.772588722239781,1.3862943611198906,2.079441541679836,en,Pet Reflective Pet Chest Strap Suede Breathable Dog Harness Adjustable Pet Chest Strap For Pet Outdoor Walking Dog Accessories,Pet Reflective Pet Chest,Cachorro
2 in 1 300ml Portable Food Grade Material Dog Cat Travel Pet Water Cup Bottle with Food Dispenser,4.9,200,"2,000+ sold",2689,2000.0,Alimentação,5.303304908059076,7.897296472595885,7.601402334583733,en,2 in 1 300ml Portable Food Grade Material Dog Cat Travel Pet Water Cup Bottle with Food Dispenser,2 in 1 300ml,Cachorro
Kimpets Pet Cat Toys Natural For Dog Snacks Stick Cleans Tooth Removers Hair to Promote Digestion Silvervine Kitten Chew Toy,5.0,260,71 sold,16,71.0,Brinquedos,5.564520407322694,2.833213344056216,4.276666119016055,en,Kimpets Pet Cat Toys Natural For Dog Snacks Stick Cleans Tooth Removers Hair to Promote Digestion Silvervine Kitten Chew Toy,Kimpets Pet Cat Toys,Cachorro
Anti-Escape Dog Harness with Handle Reflective Nylon Dog Harness Vest for Small Medium Dogs French Bulldog Walking Pet Supplies,4.7,284,900+ sold,1414,900.0,Acessórios,5.652489180268651,7.254884810077338,6.803505257608338,en,Anti-Escape Dog Harness with Handle Reflective Nylon Dog Harness Vest for Small Medium Dogs French Bulldog Walking Pet Supplies,Anti-Escape Dog Harness with,Cachorro
12 Piece Pet Toys Set Cat Interactive Feather Toys With Bell Replaceable Head Teaser Stick Bored Indoor Cat Chase And Exercise,0.0,3,5 sold,2,5.0,Brinquedos,1.3862943611198906,1.0986122886681098,1.791759469228055,en,12 Piece Pet Toys Set Cat Interactive Feather Toys With Bell Replaceable Head Teaser Stick Bored Indoor Cat Chase And Exercise,12 Piece Pet Toys,Gato
Dog Grooming Brush Pet Shampoo Bath Brushes with Adjustable Handle for Massage Shedding Long Short Haired Dogs Puppy Cats,0.0,197,2 sold,4,2.0,Higiene,5.288267030694535,1.6094379124341005,1.0986122886681098,en,Dog Grooming Brush Pet Shampoo Bath Brushes with Adjustable Handle for Massage Shedding Long Short Haired Dogs Puppy Cats,Dog Grooming Brush Pet,Cachorro
10/15/20 pcs/lot Catnip Stick Pet Cat Molar Toys Natural Wood Polygonum Sticks Cleaning Teeth Relieve Boredom Snacks Chews Toys,4.7,81,"2,000+ sold",655,2000.0,Brinquedos,4.406719247264253,6.486160788944089,7.601402334583733,en,10/15/20 pcs/lot Catnip Stick Pet Cat Molar Toys Natural Wood Polygonum Sticks Cleaning Teeth Relieve Boredom Snacks Chews Toys,10/15/20 pcs/lot Catnip Stick,Gato
Pet Plush Toy Cat Dog Puzzle Toy Cute Animals Bite Resistant Interactive Squeaky Pet Dog Teeth Cleaning Chew Toy Pet Supplies,4.7,344,"2,000+ sold",1356,2000.0,Brinquedos,5.84354441703136,7.213031659834869,7.601402334583733,en,Pet Plush Toy Cat Dog Puzzle Toy Cute Animals Bite Resistant Interactive Squeaky Pet Dog Teeth Cleaning Chew Toy Pet Supplies,Pet Plush Toy Cat,Cachorro
Pet Throwing Stick Dog Hand Throwing Ball Toys Tennis Ball Launcher Pole Outdoor Activities Dogs Training Toys Pet Supplies,5.0,32,46 sold,6,46.0,Brinquedos,3.49650756146648,1.9459101490553128,3.8501476017100575,en,Pet Throwing Stick Dog Hand Throwing Ball Toys Tennis Ball Launcher Pole Outdoor Activities Dogs Training Toys Pet Supplies,Pet Throwing Stick Dog,Cachorro
Dog Toys Leaking Food Ball Funny Interactive Pet Slow Feeder Bowl Puzzle Toy Pinecone Pet Tooth Cleaning Chew Toys Pet Supplies,0.0,30,8 sold,8,8.0,Brinquedos,3.4339872044851463,2.19722457733622,2.19722457733622,en,Dog Toys Leaking Food Ball Funny Interactive Pet Slow Feeder Bowl Puzzle Toy Pinecone Pet Tooth Cleaning Chew Toys Pet Supplies,Dog Toys Leaking Food,Cachorro
Pet Supplies Dog Silicone Distracted Licking Food Pad Cat Slow Food Bowl Sucker Placemat Pet Anti-slip Anti-choking Eating Gear,4.9,63,70 sold,169,70.0,Alimentação,4.158883083359672,5.135798437050262,4.262679877041316,en,Pet Supplies Dog Silicone Distracted Licking Food Pad Cat Slow Food Bowl Sucker Placemat Pet Anti-slip Anti-choking Eating Gear,Pet Supplies Dog Silicone,Cachorro
Hot pet leash dog automatic retractable retractor dog chain dog walking appliance Pet supplies,5.0,11997,3 sold,8,3.0,Acessórios,9.392495248213038,2.19722457733622,1.3862943611198906,en,Hot pet leash dog automatic retractable retractor dog chain dog walking appliance Pet supplies,Hot pet leash dog,Cachorro
tracheal intubation stent for pet animals tracheal intubation fixed stent thickened 304 stainless steel,5.0,931,56 sold,67,56.0,Outros,6.837332814685591,4.219507705176107,4.04305126783455,en,tracheal intubation stent for pet animals tracheal intubation fixed stent thickened 304 stainless steel,tracheal intubation stent for,Outros
Flea And Tick Collar Silicone Adjustable Dogs Cats Collar 8 Month Protection Anti-mosquitoes Insect Repellent Pet Supplies,0.0,12,25 sold,2,25.0,Acessórios,2.5649493574615367,1.0986122886681098,3.258096538021482,en,Flea And Tick Collar Silicone Adjustable Dogs Cats Collar 8 Month Protection Anti-mosquitoes Insect Repellent Pet Supplies,Flea And Tick Collar,Cachorro
Super Soft Pet Finger Toothbrush Teddy Dog Brush Bad Breath Tartar Teeth Tool Dog Cat Cleaning Pet Supplies,4.7,9924,265 sold,30602,265.0,Higiene,9.202812105555392,10.328853322350628,5.583496308781699,en,Super Soft Pet Finger Toothbrush Teddy Dog Brush Bad Breath Tartar Teeth Tool Dog Cat Cleaning Pet Supplies,Super Soft Pet Finger,Cachorro
Rake comb pet rotating knot comb dog hair removal comb large dog needle comb dog beauty,5.0,98,2 sold,37,2.0,Outros,4.59511985013459,3.6375861597263857,1.0986122886681098,en,Rake comb pet rotating knot comb dog hair removal comb large dog needle comb dog beauty,Rake comb pet rotating,Cachorro
Biodegradable Poop Bags for Dogs Leak-Proof Doggie Poop Bags with Dispenser Doggy Poop Bags Extra Thick for Pet Outdoor Supplies,0.0,3,0 sold,0,0.0,Outros,1.3862943611198906,0.0,0.0,en,Biodegradable Poop Bags for Dogs Leak-Proof Doggie Poop Bags with Dispenser Doggy Poop Bags Extra Thick for Pet Outdoor Supplies,Biodegradable Poop Bags for,Cachorro
10/Bag Cat Spring Toy Stick Free Folding Spring Shape Multicolor Cat Bounce Little Cat Toy Cat Interactive Toy Pet Supplies,4.9,20,134 sold,32,134.0,Brinquedos,3.044522437723423,3.49650756146648,4.90527477843843,en,10/Bag Cat Spring Toy Stick Free Folding Spring Shape Multicolor Cat Bounce Little Cat Toy Cat Interactive Toy Pet Supplies,10/Bag Cat Spring Toy,Gato
"Dog Shower Gloves, Pet Massage Bath Brushes, Absorbent Cotton Cloth, Cat Shower Brush Supplies",5.0,298,2 sold,3,2.0,Higiene,5.700443573390687,1.3862943611198906,1.0986122886681098,en,"Dog Shower Gloves, Pet Massage Bath Brushes, Absorbent Cotton Cloth, Cat Shower Brush Supplies","Dog Shower Gloves, Pet",Cachorro
Dog Plush Sound Making Toys Chewing Teeth Grinding Training Plaything Squeaking Interactive Mops Lint Puppy Toy Pet Supplies,4.5,85,198 sold,51,198.0,Brinquedos,4.454347296253507,3.951243718581428,5.293304824724492,en,Dog Plush Sound Making Toys Chewing Teeth Grinding Training Plaything Squeaking Interactive Mops Lint Puppy Toy Pet Supplies,Dog Plush Sound Making,Cachorro
Dog Travel Water Bottle Portable Pet Dog Water Bottle Drinking Water Feeder for Dog Cat Outdoor Water Bowl Bottle Pet Supplies,4.0,51,46 sold,185,46.0,Alimentação,3.951243718581428,5.225746673713202,3.8501476017100575,no,Dog Travel Water Bottle Portable Pet Dog Water Bottle Drinking Water Feeder for Dog Cat Outdoor Water Bowl Bottle Pet Supplies,Dog Travel Water Bottle,Cachorro
Dog Toys Balls Interactive Treat Rope Rubber Leaking Balls for Small Medium Dogs Chewing Bite Resistant Pet Tooth Cleaning,5.0,306,49 sold,16,49.0,Brinquedos,5.726847747587197,2.833213344056216,3.912023005428146,en,Dog Toys Balls Interactive Treat Rope Rubber Leaking Balls for Small Medium Dogs Chewing Bite Resistant Pet Tooth Cleaning,Dog Toys Balls Interactive,Cachorro
Dog Rope Knot Chew Toy For Small Large Pets Teeth Grinding Squeaky Toys Funny Braided Interactive Dog Supplies,5.0,8,2 sold,3,2.0,Brinquedos,2.19722457733622,1.3862943611198906,1.0986122886681098,en,Dog Rope Knot Chew Toy For Small Large Pets Teeth Grinding Squeaky Toys Funny Braided Interactive Dog Supplies,Dog Rope Knot Chew,Cachorro
Pet Dog Tootpaste Cleaning Supplies Vanilla Beef Flavor Pet Cat Dog Toothpaste,4.8,416,254 sold,63,254.0,Higiene,6.0330862217988015,4.158883083359672,5.541263545158426,en,Pet Dog Tootpaste Cleaning Supplies Vanilla Beef Flavor Pet Cat Dog Toothpaste,Pet Dog Tootpaste Cleaning,Cachorro
Autumn and winter warm excellent home imitation linen fabric square cat kennel creative pet kennel kennel,0.0,1,0 sold,3,0.0,Outros,0.6931471805599453,1.3862943611198906,0.0,en,Autumn and winter warm excellent home imitation linen fabric square cat kennel creative pet kennel kennel,Autumn and winter warm,Gato
Dog Travel Water Bottle Portable Pet Dog Water Bottle Drinking Water Feeder for Dog Cat Outdoor Water Bowl Bottle Pet Supplies,4.4,367,25 sold,23,25.0,Alimentação,5.908082938168931,3.1780538303479458,3.258096538021482,no,Dog Travel Water Bottle Portable Pet Dog Water Bottle Drinking Water Feeder for Dog Cat Outdoor Water Bowl Bottle Pet Supplies,Dog Travel Water Bottle,Cachorro
Dog Pet Click Clicker Training Trainer Toy Aid Guide Wrist Band Accessories Set Dogs Supplies Dog Trainings Tools Pet Accessory,4.9,4,53 sold,51,53.0,Brinquedos,1.6094379124341005,3.951243718581428,3.9889840465642745,en,Dog Pet Click Clicker Training Trainer Toy Aid Guide Wrist Band Accessories Set Dogs Supplies Dog Trainings Tools Pet Accessory,Dog Pet Click Clicker,Cachorro
With 4 Way Lock Security Flap Door Dog Cat Flap Door For Dog Cat Kitten Cat Puppy Safety Gate Small Pet Supplies ABS Plastic,5.0,580,19 sold,24,19.0,Outros,6.364750756851911,3.218875824868201,2.995732273553991,en,With 4 Way Lock Security Flap Door Dog Cat Flap Door For Dog Cat Kitten Cat Puppy Safety Gate Small Pet Supplies ABS Plastic,With 4 Way Lock,Cachorro
Pet Cat Litter Mat Toilet Waterproof Double Layer Cat Sand Litter Mat EVA Foldable Pet Carpet Bed Pads For Cats Pet Supplies,4.5,29973,"1,000+ sold",16,1000.0,Conforto,10.308085618204942,2.833213344056216,6.90875477931522,en,Pet Cat Litter Mat Toilet Waterproof Double Layer Cat Sand Litter Mat EVA Foldable Pet Carpet Bed Pads For Cats Pet Supplies,Pet Cat Litter Mat,Gato
Dog urine training mat Multi-functional cat and dog lawn urine mat pet supplies,5.0,18,2 sold,5,2.0,Conforto,2.9444389791664403,1.791759469228055,1.0986122886681098,en,Dog urine training mat Multi-functional cat and dog lawn urine mat pet supplies,Dog urine training mat,Cachorro
Rhinestone Lovely Dog Cat Hair Clips Metal Bone Shape Hairpins Puppy Bows Pet Hair Barrette Pet Supplies Grooming Accessories,0.0,1,2 sold,1,2.0,Higiene,0.6931471805599453,0.6931471805599453,1.0986122886681098,en,Rhinestone Lovely Dog Cat Hair Clips Metal Bone Shape Hairpins Puppy Bows Pet Hair Barrette Pet Supplies Grooming Accessories,Rhinestone Lovely Dog Cat,Cachorro
Dispenser Garbage Outdoor Storag Pet Bags Bag Portable Carrier Trash Case Box for Waste Dog Holder Sack Supplies Cat Poop,4.8,106,345 sold,107,345.0,Outros,4.672828834461906,4.68213122712422,5.846438775057725,en,Dispenser Garbage Outdoor Storag Pet Bags Bag Portable Carrier Trash Case Box for Waste Dog Holder Sack Supplies Cat Poop,Dispenser Garbage Outdoor Storag,Cachorro
Professional Pet Deshedding Brush Dog Hair Remover Pet Fur Knot Cutter Puppy Cat Comb Brushes Dogs Grooming Shedding Supplies,4.8,736,"4,000+ sold",6475,4000.0,Higiene,6.602587892189336,8.775858314797526,8.294299608857235,en,Professional Pet Deshedding Brush Dog Hair Remover Pet Fur Knot Cutter Puppy Cat Comb Brushes Dogs Grooming Shedding Supplies,Professional Pet Deshedding Brush,Cachorro
Cat Toys Self-pleasure Itch Rubr and Massage Brush Catnap Brush Cat Games Catnip Accessories for Cats Best Selling Cats Toys,0.0,10000,0 sold,0,0.0,Brinquedos,9.210440366976515,0.0,0.0,en,Cat Toys Self-pleasure Itch Rubr and Massage Brush Catnap Brush Cat Games Catnip Accessories for Cats Best Selling Cats Toys,Cat Toys Self-pleasure Itch,Gato
Winter Rectangular Large Dog Beds Washable Plush Fluffy Dog Cat Bed Mat Pet Cushion Big Medium Kennel House camas para perro,4.7,7967,500+ sold,1656,500.0,Brinquedos,8.983188799264434,7.412764017426562,6.2166061010848646,en,Winter Rectangular Large Dog Beds Washable Plush Fluffy Dog Cat Bed Mat Pet Cushion Big Medium Kennel House camas para perro,Winter Rectangular Large Dog,Cachorro
Portable Pet Puppy Cat Pick Up Poop Bag Dispenser Dog Poop Waste Holder Outdoor Garbage Organizer Pets Supplies Garbage Bags,4.7,2424,200 sold,44,200.0,Outros,7.793586803371584,3.80666248977032,5.303304908059076,nl,Portable Pet Puppy Cat Pick Up Poop Bag Dispenser Dog Poop Waste Holder Outdoor Garbage Organizer Pets Supplies Garbage Bags,Portable Pet Puppy Cat,Cachorro
Dog Poop Bag Carrier Portable Pet Waste Bag Dispenser Luxury Stylish Dog Garbage Holder Dispensers Cleaning Supplies,0.0,62,4 sold,4,4.0,Higiene,4.143134726391533,1.6094379124341005,1.6094379124341005,en,Dog Poop Bag Carrier Portable Pet Waste Bag Dispenser Luxury Stylish Dog Garbage Holder Dispensers Cleaning Supplies,Dog Poop Bag Carrier,Cachorro
Lifelike Catnip Bird Vivid Cat Toys Pet Catnip Simulation Molding Cat Teaser with Feather Soft Plush Fabric  Toys for Kitten,4.7,151,196 sold,141,196.0,Brinquedos,5.0238805208462765,4.955827057601261,5.2832037287379885,en,Lifelike Catnip Bird Vivid Cat Toys Pet Catnip Simulation Molding Cat Teaser with Feather Soft Plush Fabric  Toys for Kitten,Lifelike Catnip Bird Vivid,Gato
1 Pc Cat Toys Silvervine Chew Stick Polygonum Kitty Raffia Grass Pet Supplies Cleaning Teeth Stick Pet Bite Cat Toy Hemp Rope,4.8,1070,"5,000+ sold",1627,5000.0,Brinquedos,6.976348070447749,7.395107546562485,8.517393171418904,en,1 Pc Cat Toys Silvervine Chew Stick Polygonum Kitty Raffia Grass Pet Supplies Cleaning Teeth Stick Pet Bite Cat Toy Hemp Rope,1 Pc Cat Toys,Gato
Breathable Dog Harness For Small Medium Dogs Cats Reflective Adjustable No Pull Mesh Nylon Puppy Harnesses Yorkies Pet Supplies,0.0,188,11 sold,7,11.0,Acessórios,5.241747015059643,2.079441541679836,2.4849066497880004,en,Breathable Dog Harness For Small Medium Dogs Cats Reflective Adjustable No Pull Mesh Nylon Puppy Harnesses Yorkies Pet Supplies,Breathable Dog Harness For,Cachorro
1Pc Adjustable Dog Grooming Rope Puppy Safety Leash Dogs Grooming Table Fixed Rope Arm Bath Restraint Rope Pet Supplies,4.4,65,60 sold,11,60.0,Acessórios,4.189654742026425,2.4849066497880004,4.110873864173311,en,1Pc Adjustable Dog Grooming Rope Puppy Safety Leash Dogs Grooming Table Fixed Rope Arm Bath Restraint Rope Pet Supplies,1Pc Adjustable Dog Grooming,Cachorro
Custom Personalized Cat Dog ID Circle Tag Collar Pendant Engraved Pet Necklace Chain Charm Supplies For Tag Name Products,4.7,4750,500+ sold,428,500.0,Acessórios,8.46611040118692,6.061456918928017,6.2166061010848646,en,Custom Personalized Cat Dog ID Circle Tag Collar Pendant Engraved Pet Necklace Chain Charm Supplies For Tag Name Products,Custom Personalized Cat Dog,Cachorro
Mushroom Type Pet Cat Bowl 1.8L Automatic Feeder Dog Cat Food Bowl Drinking Water Bottle Kitten Bowls Feeding Bowl for Dogs,0.0,4323,2 sold,6,2.0,Alimentação,8.371936178759098,1.9459101490553128,1.0986122886681098,en,Mushroom Type Pet Cat Bowl 1.8L Automatic Feeder Dog Cat Food Bowl Drinking Water Bottle Kitten Bowls Feeding Bowl for Dogs,Mushroom Type Pet Cat,Cachorro
1PC Dog Birthday Headwear Cap Pet Decor Crown Hat Bibs Puppy Kitten Favor Headband Christmas Festival Party Cat Supply,5.0,90,47 sold,27,47.0,Outros,4.51085950651685,3.332204510175204,3.871201010907891,en,1PC Dog Birthday Headwear Cap Pet Decor Crown Hat Bibs Puppy Kitten Favor Headband Christmas Festival Party Cat Supply,1PC Dog Birthday Headwear,Cachorro
Convenient Outdoor Dog Fanny Pack Camouflage Training Dog Snack Pocket Simple Fashion Pet Bag New Family Pet Products,4.8,90,18 sold,6,18.0,Alimentação,4.51085950651685,1.9459101490553128,2.9444389791664403,en,Convenient Outdoor Dog Fanny Pack Camouflage Training Dog Snack Pocket Simple Fashion Pet Bag New Family Pet Products,Convenient Outdoor Dog Fanny,Cachorro
CAWAYI KENNEL Reflective Nylon Leashes Pet Dogs Chain Traction Rope Leads for Running Free Hands Rope Chain for Small Large Dogs,4.8,278,"3,000+ sold",6540,3000.0,Acessórios,5.631211781821365,8.785845337961213,8.006700845440367,en,CAWAYI KENNEL Reflective Nylon Leashes Pet Dogs Chain Traction Rope Leads for Running Free Hands Rope Chain for Small Large Dogs,CAWAYI KENNEL Reflective Nylon,Cachorro
Pet Cleaning Wipes Remove Dirt From Eyes And Ears Wipes Dog Cat Earwax Clean Ears Odor Remover Pets Wet Tissue Cleaning Tools,5.0,34,10 sold,14,10.0,Higiene,3.555348061489413,2.70805020110221,2.3978952727983707,en,Pet Cleaning Wipes Remove Dirt From Eyes And Ears Wipes Dog Cat Earwax Clean Ears Odor Remover Pets Wet Tissue Cleaning Tools,Pet Cleaning Wipes Remove,Cachorro
Gardening Cat Scat Mat Repellent Mat Anti-Cat With Prickle Strips Spikes Straps Deterrent Keep Cat Dog Away Digging Pet Supplies,4.7,15,38 sold,38,38.0,Conforto,2.772588722239781,3.6635616461296463,3.6635616461296463,en,Gardening Cat Scat Mat Repellent Mat Anti-Cat With Prickle Strips Spikes Straps Deterrent Keep Cat Dog Away Digging Pet Supplies,Gardening Cat Scat Mat,Cachorro
1Pc Cat Toy Sisal Scratching Ball Training Interactive Toy for Kitten Pet Cat Supplies Feather Toy  Cat Toys Interactive,4.7,3,"3,000+ sold",1465,3000.0,Brinquedos,1.3862943611198906,7.290292882446597,8.006700845440367,en,1Pc Cat Toy Sisal Scratching Ball Training Interactive Toy for Kitten Pet Cat Supplies Feather Toy  Cat Toys Interactive,1Pc Cat Toy Sisal,Gato
Pet Dog Shampoo Brush 2.7oz 80ml Cat Massage Comb Grooming Scrubber  for Bathing Short Hair Soft Silicone Rubber,0.0,300,0 sold,0,0.0,Higiene,5.707110264748875,0.0,0.0,en,Pet Dog Shampoo Brush 2.7oz 80ml Cat Massage Comb Grooming Scrubber  for Bathing Short Hair Soft Silicone Rubber,Pet Dog Shampoo Brush,Cachorro
Pet Massage Comb Cat Dog Hair Removal Brush Puppy Bath Massage Comb Shedding Tools Dog Grooming Accessories Pet Supplies,4.7,2567,266 sold,2344,266.0,Higiene,7.850882664809852,7.76004068088038,5.58724865840025,en,Pet Massage Comb Cat Dog Hair Removal Brush Puppy Bath Massage Comb Shedding Tools Dog Grooming Accessories Pet Supplies,Pet Massage Comb Cat,Cachorro
1PC Dog Toy Carrot Knot Rope Ball Cotton Rope Dumbbell Puppy Cleaning Teeth Chew Toy Durable Braided Bite Resistant Pet Supplies,4.6,99924,58 sold,18,58.0,Brinquedos,11.512175183579524,2.9444389791664403,4.07753744390572,en,1PC Dog Toy Carrot Knot Rope Ball Cotton Rope Dumbbell Puppy Cleaning Teeth Chew Toy Durable Braided Bite Resistant Pet Supplies,1PC Dog Toy Carrot,Cachorro
Reflective Dog Harness NO PULL Adjustable Pet Harness Dog Outdoor Walking Dog Supplies,0.0,1555,35 sold,4,35.0,Acessórios,7.349873704738337,1.6094379124341005,3.58351893845611,no,Reflective Dog Harness NO PULL Adjustable Pet Harness Dog Outdoor Walking Dog Supplies,Reflective Dog Harness NO,Cachorro
Funny Cat Interactive Teaser Training Toy Rotating Flying Discs Games Toys Pets Supplies Accessories Toys for Cat Random Color,4.8,183,373 sold,159,373.0,Brinquedos,5.214935757608986,5.075173815233827,5.924255797414532,en,Funny Cat Interactive Teaser Training Toy Rotating Flying Discs Games Toys Pets Supplies Accessories Toys for Cat Random Color,Funny Cat Interactive Teaser,Gato
Cat Puppy Safety Gate Small Pet Supplies Dog Cat Flap Door With 4 Way Lock Security Flap Door ABS Plastic For Dog Cat Kitten,0.0,81,9 sold,3,9.0,Outros,4.406719247264253,1.3862943611198906,2.302585092994046,en,Cat Puppy Safety Gate Small Pet Supplies Dog Cat Flap Door With 4 Way Lock Security Flap Door ABS Plastic For Dog Cat Kitten,Cat Puppy Safety Gate,Cachorro
Reflective Dog Harness Nylon Pitbull Pug Small Medium Dogs Harnesses Vest Bling Rhinestone Bowknot Dog Accessories Pet Supplies,5.0,1501,424 sold,1041,424.0,Acessórios,7.31455283232408,6.948897222313312,6.052089168924417,en,Reflective Dog Harness Nylon Pitbull Pug Small Medium Dogs Harnesses Vest Bling Rhinestone Bowknot Dog Accessories Pet Supplies,Reflective Dog Harness Nylon,Cachorro
Petkit Portable Pet Dog Waste Poop Bags Dispenser Leash Clip&Biodegradable Waste Bags for Outdoor Walking Handle Dog Accessories,4.9,5,43 sold,69,43.0,Acessórios,1.791759469228055,4.248495242049359,3.784189633918261,en,Petkit Portable Pet Dog Waste Poop Bags Dispenser Leash Clip&Biodegradable Waste Bags for Outdoor Walking Handle Dog Accessories,Petkit Portable Pet Dog,Cachorro
CAWAYI KENNEL Memory Foam Dog Sofa Stairs Pet 2/3/4 Steps Stairs for Small Dog Cat Ramp Ladder Anti-slip Bed Stairs Pet Supplies,4.5,21,"1,000+ sold",6191,1000.0,Conforto,3.091042453358316,8.731013415269564,6.90875477931522,en,CAWAYI KENNEL Memory Foam Dog Sofa Stairs Pet 2/3/4 Steps Stairs for Small Dog Cat Ramp Ladder Anti-slip Bed Stairs Pet Supplies,CAWAYI KENNEL Memory Foam,Cachorro
Plush Dog Bed Mat Cat Beds With Zipper Remolvable Pet Mattress For Dog Sleeping Mat Washable Warmth Preservation Pet Bed Sofa,4.7,141,17 sold,43,17.0,Brinquedos,4.955827057601261,3.784189633918261,2.8903717578961645,en,Plush Dog Bed Mat Cat Beds With Zipper Remolvable Pet Mattress For Dog Sleeping Mat Washable Warmth Preservation Pet Bed Sofa,Plush Dog Bed Mat,Cachorro
Flower Cat Nest Four Seasons Universal Internet Celebrity Autumn and Winter Dog Nest Closed Cat Nest Winter Warm Pet Supplies,0.0,1588,11 sold,6,11.0,Outros,7.370860166536716,1.9459101490553128,2.4849066497880004,en,Flower Cat Nest Four Seasons Universal Internet Celebrity Autumn and Winter Dog Nest Closed Cat Nest Winter Warm Pet Supplies,Flower Cat Nest Four,Cachorro
With 4 Way Lock Security Flap Door For Dog Cat Kitten Cat Puppy Safety Gate Dog Cat Flap Door Small Pet Supplies ABS Plastic,5.0,85,16 sold,10,16.0,Outros,4.454347296253507,2.3978952727983707,2.833213344056216,en,With 4 Way Lock Security Flap Door For Dog Cat Kitten Cat Puppy Safety Gate Dog Cat Flap Door Small Pet Supplies ABS Plastic,With 4 Way Lock,Cachorro
LED Pet Dog Collar Pendant Night Safety Pendant Pet Luminous Night Light Collar Pet Dogs Supplies Dog Collar Anti-lost Pendant,4.8,149,600+ sold,188,600.0,Acessórios,5.010635294096256,5.241747015059643,6.398594934535208,en,LED Pet Dog Collar Pendant Night Safety Pendant Pet Luminous Night Light Collar Pet Dogs Supplies Dog Collar Anti-lost Pendant,LED Pet Dog Collar,Cachorro
Cat Cleaning Supplies Soft Silicone Dog Toothbrushes Silica Gel Pet Finger Toothbrush with Box Dog Oral Care Tool,0.0,70,2 sold,1,2.0,Higiene,4.262679877041316,0.6931471805599453,1.0986122886681098,en,Cat Cleaning Supplies Soft Silicone Dog Toothbrushes Silica Gel Pet Finger Toothbrush with Box Dog Oral Care Tool,Cat Cleaning Supplies Soft,Cachorro
"Polymères ronds chauds en peluche pour animaux de compagnie, chenil pour chien, lit pour chat, fournitures pour animaux de compagnie, hiver",5.0,2025,3 Vendus,2,3.0,Brinquedos,7.613818684808629,1.0986122886681098,1.3862943611198906,fr,Winter Warm Plush Pet Round Polymers Dog Kennel Cat Bed Pet Supplies,Winter Warm Plush Pet,Cachorro
Cat Toys Swing Sticky Disc Elastic Hanging Door Teasing Cat Rope Long Rope Teasing Cat Cat Toy Cat Accessories Pet Kitten Toy,4.8,176,"1,000+ sold",1262,1000.0,Brinquedos,5.176149732573829,7.141245122350491,6.90875477931522,en,Cat Toys Swing Sticky Disc Elastic Hanging Door Teasing Cat Rope Long Rope Teasing Cat Cat Toy Cat Accessories Pet Kitten Toy,Cat Toys Swing Sticky,Gato
Interactive Cat Toys Funny Feather Teaser Stick with Bell Pets Collar Kitten Playing Teaser Wand Training Toys for Cats Supplies,4.6,90,334 sold,146,334.0,Brinquedos,4.51085950651685,4.990432586778736,5.814130531825066,en,Interactive Cat Toys Funny Feather Teaser Stick with Bell Pets Collar Kitten Playing Teaser Wand Training Toys for Cats Supplies,Interactive Cat Toys Funny,Gato
Large Cat Cage Enclosure Indoor DIY Cat Playpen Detachable Metal Wire Kennels Crate 2x3x4 Large Exercise Place Ideal,0.0,120,0 sold,7,0.0,Outros,4.795790545596741,2.079441541679836,0.0,en,Large Cat Cage Enclosure Indoor DIY Cat Playpen Detachable Metal Wire Kennels Crate 2x3x4 Large Exercise Place Ideal,Large Cat Cage Enclosure,Gato
Cat Dog Feeder Bowl High Foot Dog Bowl 45°Neck Protector Cat Pet Food Water Bowl Anti-overturning Binaural Pet Feeding Supplies,0.0,17,2 sold,9,2.0,Alimentação,2.8903717578961645,2.302585092994046,1.0986122886681098,en,Cat Dog Feeder Bowl High Foot Dog Bowl 45°Neck Protector Cat Pet Food Water Bowl Anti-overturning Binaural Pet Feeding Supplies,Cat Dog Feeder Bowl,Cachorro
Pet Cat Toy Plush Funny Play Cat Toys Ring Bell Happy Cat's Accessories High Quality Good Elastic Rope Toy pet supplies cat toys,4.9,13,253 sold,897,253.0,Brinquedos,2.6390573296152584,6.8001700683022,5.537334267018537,en,Pet Cat Toy Plush Funny Play Cat Toys Ring Bell Happy Cat's Accessories High Quality Good Elastic Rope Toy pet supplies cat toys,Pet Cat Toy Plush,Gato
Latex Corn Shape Puppy Dogs Toy Squeak Toys Pet Supplies Training Playing Chewing Dog Cats Toys For Small Dogs Pet Toys,4.8,4,42 sold,49,42.0,Brinquedos,1.6094379124341005,3.912023005428146,3.7612001156935615,en,Latex Corn Shape Puppy Dogs Toy Squeak Toys Pet Supplies Training Playing Chewing Dog Cats Toys For Small Dogs Pet Toys,Latex Corn Shape Puppy,Cachorro
Cat Toys Natural Catnip Rotatable Catnip Wall Ball  Licking Snacks Healthy Nutrition Ball Teeth Cleaning Catnip Toy Pet Supplies,5.0,92,47 sold,5,47.0,Brinquedos,4.532599493153256,1.791759469228055,3.871201010907891,en,Cat Toys Natural Catnip Rotatable Catnip Wall Ball  Licking Snacks Healthy Nutrition Ball Teeth Cleaning Catnip Toy Pet Supplies,Cat Toys Natural Catnip,Gato
Cozy Plush Dog Sofa Bed Square Beds Washable Warm Pet Cushion Orthopedic Faux Fur Memory Foam Lounger Fluffy with Remove Cover,4.6,8760,101 sold,506,101.0,Brinquedos,9.078065332666364,6.228511003591184,4.624972813284271,en,Cozy Plush Dog Sofa Bed Square Beds Washable Warm Pet Cushion Orthopedic Faux Fur Memory Foam Lounger Fluffy with Remove Cover,Cozy Plush Dog Sofa,Cachorro
Electric Cat Toy Fish Pet Cat Toys Simulation Fish Swing Kitten Dance Fish Toy Funny Cats Chewing Playing Supplies USB Charging,0.0,65,17 sold,4,17.0,Brinquedos,4.189654742026425,1.6094379124341005,2.8903717578961645,en,Electric Cat Toy Fish Pet Cat Toys Simulation Fish Swing Kitten Dance Fish Toy Funny Cats Chewing Playing Supplies USB Charging,Electric Cat Toy Fish,Gato
10 Rolls Paw Printing Dog Poop Bag  15 Bags/ Roll Large Cat Waste Bags Doggie Outdoor Home Clean Refill Garbage Bag,4.7,30357,500+ sold,165,500.0,Higiene,10.320815353186804,5.111987788356544,6.2166061010848646,en,10 Rolls Paw Printing Dog Poop Bag  15 Bags/ Roll Large Cat Waste Bags Doggie Outdoor Home Clean Refill Garbage Bag,10 Rolls Paw Printing,Cachorro
Cat Flap Door with 4 Way Locking for Interior Exterior Doors Weatherproof Pet Doors for Cats & Doggies Suit for Window&Thin Wall,4.6,33,380 sold,283,380.0,Outros,3.5263605246161616,5.648974238161206,5.942799375126701,en,Cat Flap Door with 4 Way Locking for Interior Exterior Doors Weatherproof Pet Doors for Cats & Doggies Suit for Window&Thin Wall,Cat Flap Door with,Cachorro
No Pull Dog Harness and Leash Set Adjustable Pet Harness Vest For Small Dogs Cats Reflective Mesh Dog Chest Strap French Bulldog,4.7,18401,"1,000+ sold",5130,1000.0,Acessórios,9.820214633342308,8.543055850941965,6.90875477931522,en,No Pull Dog Harness and Leash Set Adjustable Pet Harness Vest For Small Dogs Cats Reflective Mesh Dog Chest Strap French Bulldog,No Pull Dog Harness,Cachorro
Cat Tunnel  Foldable Cats Tunnel Cat Toy Breathable Drill Barrel for Indoor loud paper Pet Supplies Cat S Y Pass Play Tunnel,4.8,137,350 sold,305,350.0,Brinquedos,4.927253685157205,5.723585101952381,5.860786223465865,en,Cat Tunnel  Foldable Cats Tunnel Cat Toy Breathable Drill Barrel for Indoor loud paper Pet Supplies Cat S Y Pass Play Tunnel,Cat Tunnel Foldable Cats,Gato
Pet Dog Toy Squeak Plush Toy For Dogs Supplies Fit for All Puppy Pet Sound Toy Funny Durable Chew Molar Cute Toy Pets Supplies,4.9,90,289 sold,92,289.0,Brinquedos,4.51085950651685,4.532599493153256,5.66988092298052,en,Pet Dog Toy Squeak Plush Toy For Dogs Supplies Fit for All Puppy Pet Sound Toy Funny Durable Chew Molar Cute Toy Pets Supplies,Pet Dog Toy Squeak,Cachorro
"Remote Smart Cat Toy,Active Rolling Car with Replaceable Car,Rechargeable Wicked Car for Indoor Cats/Kitten Small Dogs",0.0,17,3 sold,11,3.0,Brinquedos,2.8903717578961645,2.4849066497880004,1.3862943611198906,en,"Remote Smart Cat Toy,Active Rolling Car with Replaceable Car,Rechargeable Wicked Car for Indoor Cats/Kitten Small Dogs","Remote Smart Cat Toy,Active",Cachorro
Cats and Dogs Pet Plush Dinosaur Toys Interactive Dog Chew Toys Plush Stuffing Pet Supplies Dog Toys for Small Dogs,4.5,431,163 sold,31,163.0,Brinquedos,6.068425588244111,3.4657359027997265,5.099866427824199,en,Cats and Dogs Pet Plush Dinosaur Toys Interactive Dog Chew Toys Plush Stuffing Pet Supplies Dog Toys for Small Dogs,Cats and Dogs Pet,Cachorro
3m 5m Dog Nylon Leash For Small Medium Large Dogs Puppy Paw Design Strong Retractable Traction Rope French Bulldog Pet Supplies,5.0,83,10 sold,2,10.0,Acessórios,4.430816798843313,1.0986122886681098,2.3978952727983707,en,3m 5m Dog Nylon Leash For Small Medium Large Dogs Puppy Paw Design Strong Retractable Traction Rope French Bulldog Pet Supplies,3m 5m Dog Nylon,Cachorro
Pet Dog Name ID Tags Identification Pet Collar Kitten Puppy Tags For Collars Cat Accessories Name Bone Shape Personalized Dog ID,5.0,22597,132 sold,133,132.0,Acessórios,10.025616685769192,4.897839799950911,4.890349128221754,en,Pet Dog Name ID Tags Identification Pet Collar Kitten Puppy Tags For Collars Cat Accessories Name Bone Shape Personalized Dog ID,Pet Dog Name ID,Cachorro
Hot cat toys from the high cat stick Cat Turntable ball Cat cat toy Cat turntable leaky food toy set pet supplies,0.0,2989,11 sold,15,11.0,Brinquedos,8.003028666384733,2.772588722239781,2.4849066497880004,en,Hot cat toys from the high cat stick Cat Turntable ball Cat cat toy Cat turntable leaky food toy set pet supplies,Hot cat toys from,Gato
1PC Super Soft Pet Finger Dog Toothbrush  Teddy Dog Brush Bad Breath Tartar Teeth Tool Cat Cleaning Dog Supplies Accessories,5.0,570,24 sold,451,24.0,Higiene,6.3473892096560105,6.113682179832232,3.218875824868201,en,1PC Super Soft Pet Finger Dog Toothbrush  Teddy Dog Brush Bad Breath Tartar Teeth Tool Cat Cleaning Dog Supplies Accessories,1PC Super Soft Pet,Cachorro
Pets Dog Wart Remover Natural Painless Animal Warts Eliminate Warts Skin Liquid Pet Care Moles Cleaning Supplies Treatment E8P5,0.0,73,5 sold,1,5.0,Alimentação,4.30406509320417,0.6931471805599453,1.791759469228055,en,Pets Dog Wart Remover Natural Painless Animal Warts Eliminate Warts Skin Liquid Pet Care Moles Cleaning Supplies Treatment E8P5,Pets Dog Wart Remover,Cachorro
Dog Chewing Toy Cute Shark Toy Filling Squeaky Animal Plush Turtle Training Chewing Toy Pet Supplies,5.0,24,6 sold,4,6.0,Brinquedos,3.218875824868201,1.6094379124341005,1.9459101490553128,en,Dog Chewing Toy Cute Shark Toy Filling Squeaky Animal Plush Turtle Training Chewing Toy Pet Supplies,Dog Chewing Toy Cute,Cachorro
Catnip Cat Toys Natural Matatabi Pet Cat Snacks Stick Cleans Tooth Removers Hair to Promote Digestion Silvervine Kitten Chew Toy,4.7,230,600+ sold,257,600.0,Brinquedos,5.442417710521793,5.552959584921617,6.398594934535208,en,Catnip Cat Toys Natural Matatabi Pet Cat Snacks Stick Cleans Tooth Removers Hair to Promote Digestion Silvervine Kitten Chew Toy,Catnip Cat Toys Natural,Gato
Bathroom Puppycat Washing Massage Dispenser Grooming Shower Brush Soft Silicone Dog Brush Pet Shampoo Massager Bath Brush,5.0,299,1 sold,0,1.0,Higiene,5.703782474656201,0.0,0.6931471805599453,en,Bathroom Puppycat Washing Massage Dispenser Grooming Shower Brush Soft Silicone Dog Brush Pet Shampoo Massager Bath Brush,Bathroom Puppycat Washing Massage,Cachorro
Portable Pet Water Food Feeder Bowl convenient Collapsible Feeding Water For Dog Puppy Cat Outdoor Folding Bowl Pet Supplies,5.0,9,27 sold,16,27.0,Alimentação,2.302585092994046,2.833213344056216,3.332204510175204,en,Portable Pet Water Food Feeder Bowl convenient Collapsible Feeding Water For Dog Puppy Cat Outdoor Folding Bowl Pet Supplies,Portable Pet Water Food,Cachorro
Printed Pet Waste Bag 15pcs/Roll Dog Cleaning Convenient Pooper Scooper Pick Up Bag Small Rolls Outdoor Clean Pets Supplies,4.5,18,222 sold,56,222.0,Higiene,2.9444389791664403,4.04305126783455,5.407171771460119,en,Printed Pet Waste Bag 15pcs/Roll Dog Cleaning Convenient Pooper Scooper Pick Up Bag Small Rolls Outdoor Clean Pets Supplies,Printed Pet Waste Bag,Cachorro
Simulation Caterpillar Cat Toy Cat Scratch Rope Mouse Funny Self-hey Interactive Toy Retractable Hanging Door Type Pet Supplies,4.6,250,82 sold,3594,82.0,Brinquedos,5.525452939131784,8.187299270155147,4.418840607796598,en,Simulation Caterpillar Cat Toy Cat Scratch Rope Mouse Funny Self-hey Interactive Toy Retractable Hanging Door Type Pet Supplies,Simulation Caterpillar Cat Toy,Gato
Cat Litter Mat Pet Toilet Waterproof Double Layer Pet Litter Box Mat Nonslip Sand Cat Washable Mat Clean Pad Pet Clean Supplies,4.7,147,700+ sold,473,700.0,Conforto,4.997212273764115,6.161207321695077,6.55250788703459,en,Cat Litter Mat Pet Toilet Waterproof Double Layer Pet Litter Box Mat Nonslip Sand Cat Washable Mat Clean Pad Pet Clean Supplies,Cat Litter Mat Pet,Gato
Bathroom Dog Bath Brush Massage Gloves Soft Safety Silicone Comb with Shampoo Box Pet Accessories for Cats Shower Grooming Tool,4.8,106,600+ sold,4534,600.0,Higiene,4.672828834461906,8.419580362549237,6.398594934535208,en,Bathroom Dog Bath Brush Massage Gloves Soft Safety Silicone Comb with Shampoo Box Pet Accessories for Cats Shower Grooming Tool,Bathroom Dog Bath Brush,Cachorro
Plush Dog Toy Animals Shape Bite Resistant Squeaky Toys Corduroy Dog Toys for Small Large Dogs Puppy Pets Training Accessories,4.8,11547,"2,000+ sold",5836,2000.0,Brinquedos,9.354267540782825,8.671972245203792,7.601402334583733,en,Plush Dog Toy Animals Shape Bite Resistant Squeaky Toys Corduroy Dog Toys for Small Large Dogs Puppy Pets Training Accessories,Plush Dog Toy Animals,Cachorro
Dog Chew Toys for Cleaning Teeth Pink Soft Rubber Bone Funny Ball Interactive Donut Treat Set for Small Medium Dogs Pet Gifts,4.9,1032,476 sold,467,476.0,Brinquedos,6.940222469119639,6.148468295917647,6.1675164908883415,en,Dog Chew Toys for Cleaning Teeth Pink Soft Rubber Bone Funny Ball Interactive Donut Treat Set for Small Medium Dogs Pet Gifts,Dog Chew Toys for,Cachorro
Pet Folding Silicone Bowl Collapsible Dog Food Bowl Water Large Outdoor Pet Travel Bowl Portable Puppy Food Container Feeder,4.8,297,"2,000+ sold",1033,2000.0,Alimentação,5.697093486505405,6.941190055068375,7.601402334583733,en,Pet Folding Silicone Bowl Collapsible Dog Food Bowl Water Large Outdoor Pet Travel Bowl Portable Puppy Food Container Feeder,Pet Folding Silicone Bowl,Cachorro
10 Pack 5.5cm Ringing Paper Ball Pet Cat Toys Interactive Pet Products for Kitten Cat Accessories Pet Supplies,4.8,135,500+ sold,370,500.0,Brinquedos,4.912654885736052,5.916202062607435,6.2166061010848646,en,10 Pack 5.5cm Ringing Paper Ball Pet Cat Toys Interactive Pet Products for Kitten Cat Accessories Pet Supplies,10 Pack 5.5cm Ringing,Gato
Dr.DC Steel Wire Teasing Cat Stick Long insect butterfly Ball Feather with Bell Pet Toys Interactive Funny Cat Toy Wand,4.5,38,293 sold,237,293.0,Brinquedos,3.6635616461296463,5.472270673671475,5.683579767338681,en,Dr.DC Steel Wire Teasing Cat Stick Long insect butterfly Ball Feather with Bell Pet Toys Interactive Funny Cat Toy Wand,Dr.DC Steel Wire Teasing,Gato
Pet Chew Toys Interactive Cartoon Animal Plush Alligator Shape Dog Sound Toy Gnawing Grinding Teeth Training Supplies,4.6,559,"1,000+ sold",571,1000.0,Brinquedos,6.327936783729195,6.349138991379798,6.90875477931522,en,Pet Chew Toys Interactive Cartoon Animal Plush Alligator Shape Dog Sound Toy Gnawing Grinding Teeth Training Supplies,Pet Chew Toys Interactive,Cachorro
Led Light Dog Poop Bags Dispenser Degradable Waste Bag Outdoor Portable Pet Trash Bags Dog Cat Cleaning Supplies Accessories,0.0,4,16 sold,9,16.0,Higiene,1.6094379124341005,2.302585092994046,2.833213344056216,en,Led Light Dog Poop Bags Dispenser Degradable Waste Bag Outdoor Portable Pet Trash Bags Dog Cat Cleaning Supplies Accessories,Led Light Dog Poop,Cachorro
Natural Catnip Cat Rotatable Catnip Wall Ball Toys Licking Snacks Healthy Teeth Cleaning Catnip Toy Pet Supplies Random Color,4.5,2,26 sold,9,26.0,Brinquedos,1.0986122886681098,2.302585092994046,3.295836866004329,en,Natural Catnip Cat Rotatable Catnip Wall Ball Toys Licking Snacks Healthy Teeth Cleaning Catnip Toy Pet Supplies Random Color,Natural Catnip Cat Rotatable,Gato
Pet Enclosure With Lockable Pet Door. Large Freestanding Exercise Dog Gate for Pets Indoor/Outdoor Freight Free House for Dogs,5.0,99,1 sold,5,1.0,Outros,4.605170185988092,1.791759469228055,0.6931471805599453,en,Pet Enclosure With Lockable Pet Door. Large Freestanding Exercise Dog Gate for Pets Indoor/Outdoor Freight Free House for Dogs,Pet Enclosure With Lockable,Cachorro
Dog Triangle Bandanas Adjustable Puppy Soft Cotton Bibs Scarf Cat Neckerchief Chihuahua Yorkie Saliva Towel Pet Supplies,0.0,1778,4 sold,5,4.0,Outros,7.483806687665835,1.791759469228055,1.6094379124341005,en,Dog Triangle Bandanas Adjustable Puppy Soft Cotton Bibs Scarf Cat Neckerchief Chihuahua Yorkie Saliva Towel Pet Supplies,Dog Triangle Bandanas Adjustable,Cachorro
3Pcs/2Pcs Pet Flea Remover Tool Kit Plastic Scratching Hook Remover Pet Cat Dog Grooming Supplies Tick Picker Pet Accessories,4.7,1891,700+ sold,485,700.0,Higiene,7.545389749611823,6.186208623900494,6.55250788703459,en,3Pcs/2Pcs Pet Flea Remover Tool Kit Plastic Scratching Hook Remover Pet Cat Dog Grooming Supplies Tick Picker Pet Accessories,3Pcs/2Pcs Pet Flea Remover,Cachorro
Summer Pet Outdoor Walking Supplies Reflective Breathable Puppy Dog Harness and Leash Set for Small Dogs  Pomeranian Schnauzer,5.0,31995,11 sold,32,11.0,Acessórios,10.373366173968712,3.49650756146648,2.4849066497880004,en,Summer Pet Outdoor Walking Supplies Reflective Breathable Puppy Dog Harness and Leash Set for Small Dogs  Pomeranian Schnauzer,Summer Pet Outdoor Walking,Cachorro
Dog Toys For Small Dogs Indestructible Dog Toy Teeth Cleaning Chew Training Toys Pet Supplies,0.0,7,10 sold,5,10.0,Brinquedos,2.079441541679836,1.791759469228055,2.3978952727983707,en,Dog Toys For Small Dogs Indestructible Dog Toy Teeth Cleaning Chew Training Toys Pet Supplies,Dog Toys For Small,Cachorro
Smart Dog Toy Ball Electronic Interactive Pet Toy Moving Ball USB Automatic Moving Bouncing for Puppy Birthday Gift Cat Product,4.3,1696,"10,000+ sold",8412,10000.0,Brinquedos,7.436617265234227,9.037533407550814,9.210440366976515,en,Smart Dog Toy Ball Electronic Interactive Pet Toy Moving Ball USB Automatic Moving Bouncing for Puppy Birthday Gift Cat Product,Smart Dog Toy Ball,Cachorro
Cat Toys Mouse Shape Balls Foldable Cat Play Tunnel Kitten Tower Funny Cat Tent Pet Supplies  for Indoor Cats,5.0,565,43 sold,103,43.0,Brinquedos,6.338594078203183,4.6443908991413725,3.784189633918261,en,Cat Toys Mouse Shape Balls Foldable Cat Play Tunnel Kitten Tower Funny Cat Tent Pet Supplies  for Indoor Cats,Cat Toys Mouse Shape,Gato
Super Soft Pet Cat Bed Plush Full Size Washable Calm Bed Donut Bed Comfortable Sleeping Artifact Suitable For All Kinds Of Cats,4.6,3004,"1,000+ sold",2540,1000.0,Brinquedos,8.008032846969307,7.840312983320164,6.90875477931522,en,Super Soft Pet Cat Bed Plush Full Size Washable Calm Bed Donut Bed Comfortable Sleeping Artifact Suitable For All Kinds Of Cats,Super Soft Pet Cat,Gato
Reusable 3 In 1 Pet Food Can Silicone Cover Dogs Cats Storage Tin Cap Lid Seal Cover Pet Supplies Suitable for 8.9cm/7.3cm/6.5cm,5.0,105,379 sold,228,379.0,Alimentação,4.663439094112067,5.43372200355424,5.940171252720432,en,Reusable 3 In 1 Pet Food Can Silicone Cover Dogs Cats Storage Tin Cap Lid Seal Cover Pet Supplies Suitable for 8.9cm/7.3cm/6.5cm,Reusable 3 In 1,Cachorro
Pet Clicker Dog Training Whistle Pet Dog Cat Training Sound Pet Dog Trainer Assistive Guide With Key Ring Dog Pet Supplies,4.8,94,175 sold,254,175.0,Outros,4.553876891600541,5.541263545158426,5.170483995038151,en,Pet Clicker Dog Training Whistle Pet Dog Cat Training Sound Pet Dog Trainer Assistive Guide With Key Ring Dog Pet Supplies,Pet Clicker Dog Training,Cachorro
Pet Cat Toy Fun Fun Cat Stick Handmade Creative Rabbit Hair Strip Chasing Pet Accessories,5.0,44,7 sold,5,7.0,Brinquedos,3.80666248977032,1.791759469228055,2.079441541679836,en,Pet Cat Toy Fun Fun Cat Stick Handmade Creative Rabbit Hair Strip Chasing Pet Accessories,Pet Cat Toy Fun,Gato
Round Head Pet Toothbrush Remove Bad Breath Tartar Teeth Care Soft Brush Dog Cat Oral Cleaning Tool Small Pets Cleaning Supplies,5.0,61,19 sold,14,19.0,Higiene,4.127134385045092,2.70805020110221,2.995732273553991,en,Round Head Pet Toothbrush Remove Bad Breath Tartar Teeth Care Soft Brush Dog Cat Oral Cleaning Tool Small Pets Cleaning Supplies,Round Head Pet Toothbrush,Cachorro
Dog Cat Food Pail Plastic Storage Tank with Measuring Cup Container Moisture-proof Sealed Jar Pet Supplies Accessories,5.0,229,38 sold,45,38.0,Alimentação,5.438079308923196,3.828641396489095,3.6635616461296463,en,Dog Cat Food Pail Plastic Storage Tank with Measuring Cup Container Moisture-proof Sealed Jar Pet Supplies Accessories,Dog Cat Food Pail,Cachorro
Foldable Cat House Outdoor Waterproof Pet House for Small Dogs Kitten Puppy Cave Nest with Pets Pad Dog Cat Bed Tent Supplies,0.0,16,244 sold,607,244.0,Conforto,2.833213344056216,6.410174881966167,5.501258210544727,en,Foldable Cat House Outdoor Waterproof Pet House for Small Dogs Kitten Puppy Cave Nest with Pets Pad Dog Cat Bed Tent Supplies,Foldable Cat House Outdoor,Cachorro
Adjustable Retractable Car Pet Dog Leash Seat Belt Nylon Reflective Safety Cushioning Elastic for Dog Accessories Supplies,0.0,9,5 sold,5,5.0,Acessórios,2.302585092994046,1.791759469228055,1.791759469228055,en,Adjustable Retractable Car Pet Dog Leash Seat Belt Nylon Reflective Safety Cushioning Elastic for Dog Accessories Supplies,Adjustable Retractable Car Pet,Cachorro
1PC Dog Super Soft Pet Finger Toothbrush Teeth Cleaning Bad Breath Care Nontoxic Silicone Tooth Brush Tool Dog Cat Supplies,4.8,355,"1,000+ sold",1214,1000.0,Higiene,5.87493073085203,7.102499355774649,6.90875477931522,en,1PC Dog Super Soft Pet Finger Toothbrush Teeth Cleaning Bad Breath Care Nontoxic Silicone Tooth Brush Tool Dog Cat Supplies,1PC Dog Super Soft,Cachorro
1 Pc Pets Dog Traction Rope Garbage Portable Hook Bag Hands-Free Clip Pet Poop Bag Holder Cleaning Tools Supplies,5.0,129,19 sold,7,19.0,Higiene,4.867534450455582,2.079441541679836,2.995732273553991,en,1 Pc Pets Dog Traction Rope Garbage Portable Hook Bag Hands-Free Clip Pet Poop Bag Holder Cleaning Tools Supplies,1 Pc Pets Dog,Cachorro
Portable Dog Poop Bags Dispenser Trash Sack Case Carrier Outdoor Garbage Storag Box for Cat Puppy Pet Waste Bag Holder Supplies,4.9,1928,90 sold,44,90.0,Outros,7.564757012905729,3.80666248977032,4.51085950651685,en,Portable Dog Poop Bags Dispenser Trash Sack Case Carrier Outdoor Garbage Storag Box for Cat Puppy Pet Waste Bag Holder Supplies,Portable Dog Poop Bags,Cachorro
Pet Supplies Car Seat Belt Dog Seat Belt Dog Leash Vehicle Belt Adjustable Cushioning Elastic Reflective Safety Rope for Dog Cat,5.0,73,66 sold,47,66.0,Acessórios,4.30406509320417,3.871201010907891,4.204692619390966,en,Pet Supplies Car Seat Belt Dog Seat Belt Dog Leash Vehicle Belt Adjustable Cushioning Elastic Reflective Safety Rope for Dog Cat,Pet Supplies Car Seat,Cachorro
"Correa retráctil para perros pequeños, medianos y grandes, correa extensible automática para caminar al aire libre, duradera, suministros para gatos, 3m, 5m",4.7,7159,14 Vendidos,1,14.0,Acessórios,8.87626525995469,0.6931471805599453,2.70805020110221,es,3m 5m Retractable Dog Leash For Small Medium Large Dogs Automatic Extendable Outdoor Walking Durable Leash Cat Supplies,3m 5m Retractable Dog,Cachorro
1pc Pet Dog Toy Interactive Squeak Molar Plush Toy Frisbee Shaped for Dogs Fit for Pet Funny Durable Chew Toy Pets Supplies,4.4,141,51 sold,14,51.0,Brinquedos,4.955827057601261,2.70805020110221,3.951243718581428,en,1pc Pet Dog Toy Interactive Squeak Molar Plush Toy Frisbee Shaped for Dogs Fit for Pet Funny Durable Chew Toy Pets Supplies,1pc Pet Dog Toy,Cachorro
Snake P Chain Dog Collar Small Large Dog Collar Puppy Collar Necklace 4.5mm Copper Golden/Silver French Bulldog Pet Dog Collars,0.0,4270,1 sold,59,1.0,Acessórios,8.359603270841466,4.0943445622221,0.6931471805599453,sv,Snake P Chain Dog Collar Small Large Dog Collar Puppy Collar Necklace 4.5mm Copper Golden/Silver French Bulldog Pet Dog Collars,Snake P Chain Dog,Cachorro
Simulation Pet Pig plush Toy Cute Pig Design Pet Grinding Teeth Squeaky Plush Toy Durable Chew Toy For Dog Interactive Supply,0.0,1179,0 sold,0,0.0,Brinquedos,7.07326971745971,0.0,0.0,en,Simulation Pet Pig plush Toy Cute Pig Design Pet Grinding Teeth Squeaky Plush Toy Durable Chew Toy For Dog Interactive Supply,Simulation Pet Pig plush,Cachorro
Pet Cat Hammock Hanging Cat Bed Bearing 20Kg Comfortable Cat Sunny Window Seat Mount Kitten Climbing Frame Pet Accessories,4.7,1279,"3,000+ sold",5650,3000.0,Conforto,7.154615356913663,8.639587799629844,8.006700845440367,en,Pet Cat Hammock Hanging Cat Bed Bearing 20Kg Comfortable Cat Sunny Window Seat Mount Kitten Climbing Frame Pet Accessories,Pet Cat Hammock Hanging,Gato
Pet Dog Chew Toys Molar Teeth Clean Stick Interesting Pine Wood Cute Bone Shape Durable Bite Puppy Interactive Toy Pet Supplies,4.6,837,388 sold,881,388.0,Brinquedos,6.731018100482083,6.782192056006791,5.963579343618446,en,Pet Dog Chew Toys Molar Teeth Clean Stick Interesting Pine Wood Cute Bone Shape Durable Bite Puppy Interactive Toy Pet Supplies,Pet Dog Chew Toys,Cachorro
Warm Long Plush Pet Bed Enclosed Round Cat Cushion Comfortable Sleep Bag Cat Nest Kennel For Small Pet,4.3,1370,"4,000+ sold",5708,4000.0,Brinquedos,7.223295679562314,8.64979915596426,8.294299608857235,en,Warm Long Plush Pet Bed Enclosed Round Cat Cushion Comfortable Sleep Bag Cat Nest Kennel For Small Pet,Warm Long Plush Pet,Gato
Stainless Steel Cat Litter Scoop with  Long Handle Kitten Sifter Sifter Litter Scooper  for Rabbits Pets Supplies Bunny,4.6,56,100 sold,39,100.0,Sanitário,4.04305126783455,3.688879454113936,4.61512051684126,de,Stainless Steel Cat Litter Scoop with  Long Handle Kitten Sifter Sifter Litter Scooper  for Rabbits Pets Supplies Bunny,Stainless Steel Cat Litter,Gato
Cute Squid Small Dog Toy Sound BB Plush Pet Puppy Rope Toys Pink Chew Squeak Toys For Cat,4.6,120,"1,000+ sold",3027,1000.0,Brinquedos,4.795790545596741,8.01565761455734,6.90875477931522,en,Cute Squid Small Dog Toy Sound BB Plush Pet Puppy Rope Toys Pink Chew Squeak Toys For Cat,Cute Squid Small Dog,Cachorro
Cat Steamy Brush Dog Massage Comb Built-in Electric Water Spray Soft Silicone Pet Hair Removal Grooming Brush Cat Accessories,4.8,21355,"1,000+ sold",2340,1000.0,Higiene,9.969088009620076,7.75833346749091,6.90875477931522,en,Cat Steamy Brush Dog Massage Comb Built-in Electric Water Spray Soft Silicone Pet Hair Removal Grooming Brush Cat Accessories,Cat Steamy Brush Dog,Cachorro
"24 Panels 40 Inch Hight Indoor Outdoor Folding Metal Portable Puppy Exercise Pen Heavy Duty Dog Fence for Yard Camping,Black",5.0,991,7 sold,25,7.0,Outros,6.899723107284872,3.258096538021482,2.079441541679836,en,"24 Panels 40 Inch Hight Indoor Outdoor Folding Metal Portable Puppy Exercise Pen Heavy Duty Dog Fence for Yard Camping,Black",24 Panels 40 Inch,Cachorro
Pet Toys For Small Dogs Rubber Pacifier Ring Shape Bite Resistant Dog Toy Puppy Teeth Cleaning Chew Training Toys Pet Supplies,4.8,39872,55 sold,78,55.0,Brinquedos,10.593454682089442,4.3694478524670215,4.02535169073515,en,Pet Toys For Small Dogs Rubber Pacifier Ring Shape Bite Resistant Dog Toy Puppy Teeth Cleaning Chew Training Toys Pet Supplies,Pet Toys For Small,Cachorro
Parrot Shape Plush Dog Toys Lovely Bright Color Flamingo Bite Resistant Teeth Grinding and Sound Producing Pet Chew Squeaky Toy,4.9,314,131 sold,28,131.0,Brinquedos,5.752572638825633,3.367295829986474,4.882801922586371,en,Parrot Shape Plush Dog Toys Lovely Bright Color Flamingo Bite Resistant Teeth Grinding and Sound Producing Pet Chew Squeaky Toy,Parrot Shape Plush Dog,Cachorro
Combs Dog Hair Remover Cat Brush Grooming Tools Pet Detachable Clipper Attachment Pet Trimmer Combs Supply Furmins for Cat Dog,0.0,76,4 sold,3,4.0,Higiene,4.343805421853684,1.3862943611198906,1.6094379124341005,en,Combs Dog Hair Remover Cat Brush Grooming Tools Pet Detachable Clipper Attachment Pet Trimmer Combs Supply Furmins for Cat Dog,Combs Dog Hair Remover,Cachorro
Dog Squeaky Toys Balls Strong Rubber Durable Bouncy Chew Ball Bite Resistant Puppy Training Sound Toy Teeth Clean Pet Supplies,5.0,16,5 sold,1,5.0,Brinquedos,2.833213344056216,0.6931471805599453,1.791759469228055,en,Dog Squeaky Toys Balls Strong Rubber Durable Bouncy Chew Ball Bite Resistant Puppy Training Sound Toy Teeth Clean Pet Supplies,Dog Squeaky Toys Balls,Cachorro
Four Seasons Waterproof Matress Pet Products Baskets Puppy Sleeping Bed Dog Mat Dog Bed Cats House Pet Supplies,1.0,173309,10 sold,7,10.0,Conforto,12.062837177443422,2.079441541679836,2.3978952727983707,en,Four Seasons Waterproof Matress Pet Products Baskets Puppy Sleeping Bed Dog Mat Dog Bed Cats House Pet Supplies,Four Seasons Waterproof Matress,Cachorro
Dog Toy Bone Shape Pet Plush Toys Dog Interactive Toys Cat Toy Pet Supplies,4.7,218,73 sold,49,73.0,Brinquedos,5.389071729816501,3.912023005428146,4.30406509320417,en,Dog Toy Bone Shape Pet Plush Toys Dog Interactive Toys Cat Toy Pet Supplies,Dog Toy Bone Shape,Cachorro
3Size Pet Dog Cartoon Bloody Knife Dog Toy Plush Toy for dog toys Supplies for Pet Toy Funny Durable Chew Molar Toy PetsSupplies,0.0,298,2 sold,3,2.0,Brinquedos,5.700443573390687,1.3862943611198906,1.0986122886681098,en,3Size Pet Dog Cartoon Bloody Knife Dog Toy Plush Toy for dog toys Supplies for Pet Toy Funny Durable Chew Molar Toy PetsSupplies,3Size Pet Dog Cartoon,Cachorro
50PCS/Bag Dog Urine Absorbing Paper Pet Absorbent Paper Pet Diaper Urine Pad Quick Dry Wipe Urine Absorbent Paper Pet Supplies,0.0,2,7 sold,4,7.0,Sanitário,1.0986122886681098,1.6094379124341005,2.079441541679836,de,50PCS/Bag Dog Urine Absorbing Paper Pet Absorbent Paper Pet Diaper Urine Pad Quick Dry Wipe Urine Absorbent Paper Pet Supplies,50PCS/Bag Dog Urine Absorbing,Cachorro
Hedgehog Soft Plush Dog Toys Small/Large Dogs Interactive /Squeaky Sound Toy Chew Bite Resistant toy Pets Accessories Supplies,5.0,16,32 sold,316,32.0,Brinquedos,2.833213344056216,5.75890177387728,3.49650756146648,en,Hedgehog Soft Plush Dog Toys Small/Large Dogs Interactive /Squeaky Sound Toy Chew Bite Resistant toy Pets Accessories Supplies,Hedgehog Soft Plush Dog,Cachorro
Dogs Snuffle Mat Pet Leak Food Anti Choking Mat Cat Dog Training Blanket Nose Work Toy Pet Slowing Feeding Intelligence Mat,4.8,397,"1,000+ sold",4247,1000.0,Brinquedos,5.986452005284438,8.354203562921775,6.90875477931522,en,Dogs Snuffle Mat Pet Leak Food Anti Choking Mat Cat Dog Training Blanket Nose Work Toy Pet Slowing Feeding Intelligence Mat,Dogs Snuffle Mat Pet,Cachorro
500ml Portable Dog Water Bottle Outdoor Travel Drinking Pet Drinking Bottle for Small Medium Dogs Puppy Cat Feeder Pet Supplies,0.0,8,5 sold,1,5.0,Alimentação,2.19722457733622,0.6931471805599453,1.791759469228055,no,500ml Portable Dog Water Bottle Outdoor Travel Drinking Pet Drinking Bottle for Small Medium Dogs Puppy Cat Feeder Pet Supplies,500ml Portable Dog Water,Cachorro
12Pcs/Set Puppy Collars Adjustable Nylon Newborn Pet Color Collar Small Pet Dog Collars Kitten Necklace Marker Rope Pet Supplies,5.0,63,82 sold,49,82.0,Acessórios,4.158883083359672,3.912023005428146,4.418840607796598,en,12Pcs/Set Puppy Collars Adjustable Nylon Newborn Pet Color Collar Small Pet Dog Collars Kitten Necklace Marker Rope Pet Supplies,12Pcs/Set Puppy Collars Adjustable,Cachorro
Dog Brush Pet Dog Hair Remover Cat Comb Grooming And Care Brush For Matted Long Hair and Short Hair Curly Dog Supplies Pet Items,4.8,231,160 sold,524,160.0,Conforto,5.44673737166631,6.263398262591624,5.081404364984463,en,Dog Brush Pet Dog Hair Remover Cat Comb Grooming And Care Brush For Matted Long Hair and Short Hair Curly Dog Supplies Pet Items,Dog Brush Pet Dog,Cachorro
Cat Toys Funny Cat Teaser Rainbow Ribbon Cats Stick Toy Colorful Rod Teaser Wand Plastic Interactive Stick Cats Supplies,4.5,6021,177 sold,109,177.0,Brinquedos,8.70317470904168,4.700480365792417,5.181783550292085,en,Cat Toys Funny Cat Teaser Rainbow Ribbon Cats Stick Toy Colorful Rod Teaser Wand Plastic Interactive Stick Cats Supplies,Cat Toys Funny Cat,Gato
Pet Lick Silicone Mat for Dogs Pet Slow Food Plate Dog Bathing Distraction Silicone Dog Sucker Food Training Dog Feeder Supplies,4.8,3,114 sold,55,114.0,Alimentação,1.3862943611198906,4.02535169073515,4.74493212836325,en,Pet Lick Silicone Mat for Dogs Pet Slow Food Plate Dog Bathing Distraction Silicone Dog Sucker Food Training Dog Feeder Supplies,Pet Lick Silicone Mat,Cachorro
Smart Pet Door 4 Way Locking Security Lock ABS Plastic Dog Cat Flap Door Controllable Switch Direction Doors Small Pet Supplies,4.7,45,18 sold,36,18.0,Outros,3.828641396489095,3.610917912644224,2.9444389791664403,en,Smart Pet Door 4 Way Locking Security Lock ABS Plastic Dog Cat Flap Door Controllable Switch Direction Doors Small Pet Supplies,Smart Pet Door 4,Cachorro
Luxury Cat Bed Sofa Winter Warm Cat Nest Pet Bed for Small Medium Dogs Cats Comfortable Plush Puppy Bed Pet Supplies,4.8,1019,"3,000+ sold",29360,3000.0,Brinquedos,6.927557906278317,10.28742254209393,8.006700845440367,en,Luxury Cat Bed Sofa Winter Warm Cat Nest Pet Bed for Small Medium Dogs Cats Comfortable Plush Puppy Bed Pet Supplies,Luxury Cat Bed Sofa,Cachorro
Dog Harness for Small Dogs Cats Adjustable Pet Harness And Leash Set Breathable Vest for Pug Chihuahua Bulldog Dog Accessories,4.6,1610,325 sold,198,325.0,Acessórios,7.384610383176974,5.293304824724492,5.786897381366708,en,Dog Harness for Small Dogs Cats Adjustable Pet Harness And Leash Set Breathable Vest for Pug Chihuahua Bulldog Dog Accessories,Dog Harness for Small,Cachorro
Pet Harness Leash Set Breathable Puppy Cats Vest Chest Strap for Small Dog Walking Supplies French Bulldog Chihuahua Accessories,4.7,3193,24 sold,17,24.0,Acessórios,8.069029328774958,2.8903717578961645,3.218875824868201,en,Pet Harness Leash Set Breathable Puppy Cats Vest Chest Strap for Small Dog Walking Supplies French Bulldog Chihuahua Accessories,Pet Harness Leash Set,Cachorro
NICREW Soft Silicone Dog Brush Pet Shampoo Massager Bath Brush Bathroom Puppy Washing Shampoo Dispenser Cat Grooming Shower Comb,5.0,5,12 sold,7,12.0,Higiene,1.791759469228055,2.079441541679836,2.5649493574615367,en,NICREW Soft Silicone Dog Brush Pet Shampoo Massager Bath Brush Bathroom Puppy Washing Shampoo Dispenser Cat Grooming Shower Comb,NICREW Soft Silicone Dog,Cachorro
Steamy Dog Brush Electric Spray Cat Hair Brush 3 in1 Dog Steamer Brush for Massage Pet Grooming Removing Tangled and Loose Hair,4.5,33,7 sold,6,7.0,Higiene,3.5263605246161616,1.9459101490553128,2.079441541679836,en,Steamy Dog Brush Electric Spray Cat Hair Brush 3 in1 Dog Steamer Brush for Massage Pet Grooming Removing Tangled and Loose Hair,Steamy Dog Brush Electric,Cachorro
Dog Paw Print Pad Safe Non-toxic Footprint Handprint Puppy Printing Ink Kit DIY Souvenir French Bulldog Chihuahua Pet Supplies,0.0,50,0 sold,0,0.0,Sanitário,3.9318256327243257,0.0,0.0,en,Dog Paw Print Pad Safe Non-toxic Footprint Handprint Puppy Printing Ink Kit DIY Souvenir French Bulldog Chihuahua Pet Supplies,Dog Paw Print Pad,Cachorro
High Quality Upgraded color collar Large Dog German Shepherd walk the dog P chain necklet Pet  For Medium and large Dogs,4.4,28113,93 sold,3305,93.0,Acessórios,10.244022951891711,8.10349427838097,4.543294782270004,en,High Quality Upgraded color collar Large Dog German Shepherd walk the dog P chain necklet Pet  For Medium and large Dogs,High Quality Upgraded color,Cachorro
3pcs Flea Remover Hook Tick Remover Tweezer Tick Pull Pet Cat Dog Accessaries Tick Tool Pet Mites Flea Extractor Pet Supplies,5.0,820,38 sold,16,38.0,Outros,6.710523109452428,2.833213344056216,3.6635616461296463,en,3pcs Flea Remover Hook Tick Remover Tweezer Tick Pull Pet Cat Dog Accessaries Tick Tool Pet Mites Flea Extractor Pet Supplies,3pcs Flea Remover Hook,Cachorro
VEVOR Portable Foldable Pet Playpen Tent Crate Kennel Waterproof Puppy Shelter for Dog Cat Cages Indoor Outdoor Travel Camping,5.0,7140,6 sold,56,6.0,Outros,8.87360810154911,4.04305126783455,1.9459101490553128,en,VEVOR Portable Foldable Pet Playpen Tent Crate Kennel Waterproof Puppy Shelter for Dog Cat Cages Indoor Outdoor Travel Camping,VEVOR Portable Foldable Pet,Cachorro
120Pcs Super Absorbent Pet Diaper Dog Training Pee Pads Disposable Healthy Nappy Mat For Cats Dog Diapers Quick-dry Surface Mat,4.6,59176,"2,000+ sold",2898,2000.0,Conforto,10.988288231867656,7.972121128921655,7.601402334583733,en,120Pcs Super Absorbent Pet Diaper Dog Training Pee Pads Disposable Healthy Nappy Mat For Cats Dog Diapers Quick-dry Surface Mat,120Pcs Super Absorbent Pet,Cachorro
Pet Bathing Brush Soft Silicone Massager Shower Gel Bathing Brush Clean Tools Comb Dog Cat Cleaning Grooming Supplies,4.3,55,53 sold,13,53.0,Higiene,4.02535169073515,2.6390573296152584,3.9889840465642745,en,Pet Bathing Brush Soft Silicone Massager Shower Gel Bathing Brush Clean Tools Comb Dog Cat Cleaning Grooming Supplies,Pet Bathing Brush Soft,Cachorro
Cats and Dogs Pet Plush Dinosaur Toys Interactive Dog Chew Toys Plush Stuffing Pet Supplies Dog Toys for Small Dogs,4.9,1119,900+ sold,959,900.0,Brinquedos,7.02108396428914,6.866933284461882,6.803505257608338,en,Cats and Dogs Pet Plush Dinosaur Toys Interactive Dog Chew Toys Plush Stuffing Pet Supplies Dog Toys for Small Dogs,Cats and Dogs Pet,Cachorro
Pet Dog Plush Toy Animals Shape Bite Resistant Squeaky Toys Corduroy Dog Toys for Small Large Pets Cat Training Accessories,5.0,17972,28 sold,12,28.0,Brinquedos,9.796625910752034,2.5649493574615367,3.367295829986474,en,Pet Dog Plush Toy Animals Shape Bite Resistant Squeaky Toys Corduroy Dog Toys for Small Large Pets Cat Training Accessories,Pet Dog Plush Toy,Cachorro
Winter Plush Insulation Circular Pet Litter Mat Dog Bed Soft Comfortable Thickened PP Cotton Breathable Cat Bed Dog Accessories,5.0,17981,15 sold,34,15.0,Brinquedos,9.797126536544718,3.555348061489413,2.772588722239781,en,Winter Plush Insulation Circular Pet Litter Mat Dog Bed Soft Comfortable Thickened PP Cotton Breathable Cat Bed Dog Accessories,Winter Plush Insulation Circular,Cachorro
Fold Pet Dog Glasses Prevent UV Pet Glasses for Cats Dog Fashion Sunglasses Dog Goggles Photo Prop Pet Accessories Dog Supplies,4.8,113,389 sold,217,389.0,Outros,4.736198448394496,5.384495062789089,5.966146739123692,en,Fold Pet Dog Glasses Prevent UV Pet Glasses for Cats Dog Fashion Sunglasses Dog Goggles Photo Prop Pet Accessories Dog Supplies,Fold Pet Dog Glasses,Cachorro
Pet Cat Laser Toys Rechargeable Multifunctional Cats Interactive Transform Pattern Kitten Training Laser Toy Dog Cat Accessories,5.0,12,51 sold,158,51.0,Brinquedos,2.5649493574615367,5.068904202220232,3.951243718581428,en,Pet Cat Laser Toys Rechargeable Multifunctional Cats Interactive Transform Pattern Kitten Training Laser Toy Dog Cat Accessories,Pet Cat Laser Toys,Cachorro
Dog Sleep Bed Dog Pet Bed Removable Thickening Deepsleeping Pets Nest Washable Baskets Cushion Mat Pet Home Supplies Cama Perro,0.0,4,1 sold,20,1.0,Conforto,1.6094379124341005,3.044522437723423,0.6931471805599453,en,Dog Sleep Bed Dog Pet Bed Removable Thickening Deepsleeping Pets Nest Washable Baskets Cushion Mat Pet Home Supplies Cama Perro,Dog Sleep Bed Dog,Cachorro
Portable Pet Dog Car Seat Central Control Nonslip Dog Carriers Safe Car Armrest Box Booster Kennel Bed For Small Dog Cat Travel,4.9,19128,49 sold,9187,49.0,Conforto,9.858960787152654,9.125653563808989,3.912023005428146,en,Portable Pet Dog Car Seat Central Control Nonslip Dog Carriers Safe Car Armrest Box Booster Kennel Bed For Small Dog Cat Travel,Portable Pet Dog Car,Cachorro
Pet Hanging Beds Cat Perch Window Hammocks For Indoor Cats Resting Seat Safety Heavy Duty Suction Cups Breathable Washable Mesh,0.0,40212,0 sold,9,0.0,Conforto,10.60194560541465,2.302585092994046,0.0,en,Pet Hanging Beds Cat Perch Window Hammocks For Indoor Cats Resting Seat Safety Heavy Duty Suction Cups Breathable Washable Mesh,Pet Hanging Beds Cat,Gato
Multifunctional candy colored plastic dog bowl cat bowl feeding water puppy feeder pet feeding supplies cute and easy to carry,5.0,299,15 sold,13,15.0,Alimentação,5.703782474656201,2.6390573296152584,2.772588722239781,en,Multifunctional candy colored plastic dog bowl cat bowl feeding water puppy feeder pet feeding supplies cute and easy to carry,Multifunctional candy colored plastic,Cachorro
New Steamy Cat Brush 3 in 1 Electric Anti-splashing dog Brush with Steam Spray for Massage Pet Grooming Comb Hair Removal Combs,4.7,4904,76 sold,47,76.0,Higiene,8.498010371999463,3.871201010907891,4.343805421853684,en,New Steamy Cat Brush 3 in 1 Electric Anti-splashing dog Brush with Steam Spray for Massage Pet Grooming Comb Hair Removal Combs,New Steamy Cat Brush,Cachorro
Personalized Cat Dog ID Tag MW007 Name with Cute Symbols Engraved Front and Back for Custom Pets Collar  Anti-Lost Metal Charm,4.9,15998636,"1,000+ sold",5125,1000.0,Acessórios,16.588014089075394,8.542080906924017,6.90875477931522,en,Personalized Cat Dog ID Tag MW007 Name with Cute Symbols Engraved Front and Back for Custom Pets Collar  Anti-Lost Metal Charm,Personalized Cat Dog ID,Cachorro
Cat Window Perch Wooden Assembly Hanging Bed Pet Mat  Cozy Sunny Seat Window Mounted Cats Hammock Aerial Pet Shelf Nest Beds,4.3,141,22 sold,330,22.0,Conforto,4.955827057601261,5.802118375377063,3.1354942159291497,en,Cat Window Perch Wooden Assembly Hanging Bed Pet Mat  Cozy Sunny Seat Window Mounted Cats Hammock Aerial Pet Shelf Nest Beds,Cat Window Perch Wooden,Gato
King Dog Bed Sofa Basket Dog Beds Fun Washable Removable Dog House Long Luxe Plush Outdoor Large Pet Cat Dog Bed Warm Mat Sofa,4.7,15960,"1,000+ sold",2444,1000.0,Brinquedos,9.677903525682558,7.801800401908973,6.90875477931522,en,King Dog Bed Sofa Basket Dog Beds Fun Washable Removable Dog House Long Luxe Plush Outdoor Large Pet Cat Dog Bed Warm Mat Sofa,King Dog Bed Sofa,Cachorro
1PC Pet Dog Cat Door Free Access 4 Way Magnetic Lockable Flap Door Door Gate Telescoping Frame Flap Gate Magnetic Closure Door,4.7,8,22 sold,251,22.0,Outros,2.19722457733622,5.529429087511423,3.1354942159291497,en,1PC Pet Dog Cat Door Free Access 4 Way Magnetic Lockable Flap Door Door Gate Telescoping Frame Flap Gate Magnetic Closure Door,1PC Pet Dog Cat,Cachorro
Bathroom Puppy Big Dog Cat Bath Massage Gloves Brush Soft Safety Silicone Pet Accessories for Dogs Cats Tools Mascotas Products,4.6,840,78 sold,146,78.0,Higiene,6.734591659972948,4.990432586778736,4.3694478524670215,en,Bathroom Puppy Big Dog Cat Bath Massage Gloves Brush Soft Safety Silicone Pet Accessories for Dogs Cats Tools Mascotas Products,Bathroom Puppy Big Dog,Cachorro
Large Dog Bed Soft Thicken Corduroy Pet Sleeping Mat Non-slip Oversize Pet Kennel Winter Warm Detachable Dogs Sofa Pet Supplies,4.1,36,277 sold,393,277.0,Conforto,3.610917912644224,5.976350909297934,5.627621113690637,en,Large Dog Bed Soft Thicken Corduroy Pet Sleeping Mat Non-slip Oversize Pet Kennel Winter Warm Detachable Dogs Sofa Pet Supplies,Large Dog Bed Soft,Cachorro
HOOPET Dog Pillow Soft Mattress For Dogs Cat Sleeping Mat Pet Cushion In The Bed S-XL Size For Small Medium Large Dogs Pet Beds,4.5,820,37 sold,85,37.0,Conforto,6.710523109452428,4.454347296253507,3.6375861597263857,en,HOOPET Dog Pillow Soft Mattress For Dogs Cat Sleeping Mat Pet Cushion In The Bed S-XL Size For Small Medium Large Dogs Pet Beds,HOOPET Dog Pillow Soft,Cachorro
Large Square Nest Pet Large Dog Bed for Small Medium Dogs Soft Fleece Nest Big Dog Sofa Bed Winter Warm Cat House for Pet,0.0,160,3 sold,2,3.0,Conforto,5.081404364984463,1.0986122886681098,1.3862943611198906,en,Large Square Nest Pet Large Dog Bed for Small Medium Dogs Soft Fleece Nest Big Dog Sofa Bed Winter Warm Cat House for Pet,Large Square Nest Pet,Cachorro
Bathroom Puppy Cat Washing Massage Dispenser Grooming Shower Brush Soft Silicone Dog Brush Pet Shampoo Massager Bath Brush,5.0,2997,3 sold,0,3.0,Higiene,8.005700678662542,0.0,1.3862943611198906,en,Bathroom Puppy Cat Washing Massage Dispenser Grooming Shower Brush Soft Silicone Dog Brush Pet Shampoo Massager Bath Brush,Bathroom Puppy Cat Washing,Cachorro
150Pcs Pet Wipes Dog Cat Eyes Ears Cleaning Paper Towels Eyes Tear Stain Remover for Puppy Kitten Ears Cleaner Grooming Supplies,4.8,3856,500+ sold,3306,500.0,Higiene,8.257644958208228,8.103796712981794,6.2166061010848646,en,150Pcs Pet Wipes Dog Cat Eyes Ears Cleaning Paper Towels Eyes Tear Stain Remover for Puppy Kitten Ears Cleaner Grooming Supplies,150Pcs Pet Wipes Dog,Cachorro
cat accessories Double-layer  Non-slip big Cat Litter Mat Pet Litter Box Filter MatWear Resistant  Cat Litter Mat  free shipping,4.7,237492,"3,000+ sold",31849,3000.0,Conforto,12.377893428338265,10.36879266100031,8.006700845440367,en,cat accessories Double-layer  Non-slip big Cat Litter Mat Pet Litter Box Filter MatWear Resistant  Cat Litter Mat  free shipping,cat accessories Double-layer Non-slip,Gato
Dog Bed Mat suit Soft Sofa Kennel Puppy Breathable Durable Blanket Cushion for Small Medium Dogs Pet Supplies cama perro,4.7,283,169 sold,321,169.0,Conforto,5.648974238161206,5.7745515455444085,5.135798437050262,en,Dog Bed Mat suit Soft Sofa Kennel Puppy Breathable Durable Blanket Cushion for Small Medium Dogs Pet Supplies cama perro,Dog Bed Mat suit,Cachorro
Bathroom Dog Cats Bath Brush Massage Gloves Soft Rubber Comb Pet Accessories For Cats Shower Cleaning Tools Suppliers,4.7,7,600+ sold,540,600.0,Higiene,2.079441541679836,6.293419278846481,6.398594934535208,en,Bathroom Dog Cats Bath Brush Massage Gloves Soft Rubber Comb Pet Accessories For Cats Shower Cleaning Tools Suppliers,Bathroom Dog Cats Bath,Cachorro
1PC Folding Silicone Dog Bowl Outfit Portable Travel Bowl For Dog Feeder Utensils Small Mudium Dog Bowls Pet Accessories,5.0,14878,12 sold,271,12.0,Alimentação,9.607706101827697,5.605802066295998,2.5649493574615367,en,1PC Folding Silicone Dog Bowl Outfit Portable Travel Bowl For Dog Feeder Utensils Small Mudium Dog Bowls Pet Accessories,1PC Folding Silicone Dog,Cachorro
Pet Dog Cat Bath Brush 2-in-1 Pet SPA Massage Comb Soft Silicone Pet Shower Hair Grooming Cmob Dog Cleaning Tool Pet Supplies,4.7,239,366 sold,12314,366.0,Higiene,5.480638923341991,9.418573310554638,5.905361848054571,en,Pet Dog Cat Bath Brush 2-in-1 Pet SPA Massage Comb Soft Silicone Pet Shower Hair Grooming Cmob Dog Cleaning Tool Pet Supplies,Pet Dog Cat Bath,Cachorro
Dog Bed Sofa Mats Pet Accessories Dogs Cats Flannel House for Large Medium Small Dogs House Cushion Cat Bed,4.6,1426,58 sold,50,58.0,Conforto,7.263329617476836,3.9318256327243257,4.07753744390572,en,Dog Bed Sofa Mats Pet Accessories Dogs Cats Flannel House for Large Medium Small Dogs House Cushion Cat Bed,Dog Bed Sofa Mats,Cachorro
Pet Dog Bed Four Seasons Universal Big Size Extra Large Dogs House Sofa Kennel Soft Dog Cat Warm Bed Pet Accessories,4.0,29874,156 sold,342,156.0,Conforto,10.304777289233812,5.83773044716594,5.056245805348308,en,Pet Dog Bed Four Seasons Universal Big Size Extra Large Dogs House Sofa Kennel Soft Dog Cat Warm Bed Pet Accessories,Pet Dog Bed Four,Cachorro
Dog Bed Round Dog Beds Soft Pet Dog Bed Winter Warm Dog House Cushion Comfortable Yellow Fluffy Kennel Pad Pet Supplies,3.0,11939,11 sold,13,11.0,Conforto,9.387649386946594,2.6390573296152584,2.4849066497880004,en,Dog Bed Round Dog Beds Soft Pet Dog Bed Winter Warm Dog House Cushion Comfortable Yellow Fluffy Kennel Pad Pet Supplies,Dog Bed Round Dog,Cachorro
Customizable Net Hole 2cmx2cm Transparent Nylon Cat Safety Net Home Balcony Windows Window Screen Pets Fall Protection Netting,4.7,13,90 sold,184,90.0,Outros,2.6390573296152584,5.220355825078324,4.51085950651685,en,Customizable Net Hole 2cmx2cm Transparent Nylon Cat Safety Net Home Balcony Windows Window Screen Pets Fall Protection Netting,Customizable Net Hole 2cmx2cm,Gato
"Suction Cup Hanging Glass Cat Nest, Universal Window Sill, Pet Supplies, Suction Wall, Space Capsule, Four Seasons",1.0,3581,1 sold,139,1.0,Outros,8.183676582620658,4.941642422609304,0.6931471805599453,en,"Suction Cup Hanging Glass Cat Nest, Universal Window Sill, Pet Supplies, Suction Wall, Space Capsule, Four Seasons",Suction Cup Hanging Glass,Gato
Soft Silicone Dog Brush Pet Shampoo Safety Massager Bath Brush Bathroom Puppycat Washing Massage Dispenser Grooming Shower Brush,4.7,32,62 sold,132,62.0,Higiene,3.49650756146648,4.890349128221754,4.143134726391533,en,Soft Silicone Dog Brush Pet Shampoo Safety Massager Bath Brush Bathroom Puppycat Washing Massage Dispenser Grooming Shower Brush,Soft Silicone Dog Brush,Cachorro
Cooling Pad Bed for Dogs Cats Puppy Kitten Cool Mat Pet Blanket Ice Silk Material Soft for Summer Sleeping Pink Blue Breathable,4.8,841,152 sold,3734,152.0,Conforto,6.735780014242327,8.225503097566918,5.030437921392435,en,Cooling Pad Bed for Dogs Cats Puppy Kitten Cool Mat Pet Blanket Ice Silk Material Soft for Summer Sleeping Pink Blue Breathable,Cooling Pad Bed for,Cachorro
"Haustier Plüschtiere, Sound Making, Krokodil zähne Schleifen, Biss beständig, niedlichen Cartoon Hundes pielzeug, Haustier zubehör",5.0,4,20 verkauft,9,20.0,Brinquedos,1.6094379124341005,2.302585092994046,3.044522437723423,de,"Pet plush toys, sound making, crocodile teeth grinding, bite resistant, cute cartoon dog toy, pet accessories","Pet plush toys, sound",Cachorro
Pet Dog Cat Bath Brush Soft Silicone Cleaner Shampoo Massager Brush Bathroom Puppy Paw Clean Bath Tools Pet Grooming Supplies,5.0,5559,13 sold,183,13.0,Higiene,8.623353387244627,5.214935757608986,2.6390573296152584,en,Pet Dog Cat Bath Brush Soft Silicone Cleaner Shampoo Massager Brush Bathroom Puppy Paw Clean Bath Tools Pet Grooming Supplies,Pet Dog Cat Bath,Cachorro
Cat Steam Brush Steamy Dog Comb 3 in 1 Electric Spray Pet Hair Brushes for Dogs Cats Massage Grooming Supplies Hair Removal Comb,4.9,3,253 sold,69,253.0,Higiene,1.3862943611198906,4.248495242049359,5.537334267018537,en,Cat Steam Brush Steamy Dog Comb 3 in 1 Electric Spray Pet Hair Brushes for Dogs Cats Massage Grooming Supplies Hair Removal Comb,Cat Steam Brush Steamy,Cachorro
"Dog Anti Flea And Tick Collars,Pet 8Month Protection Adjustable Collar For Large Dog Puppy Cat, Dogs Accessories Supplies",4.7,262,60 sold,39,60.0,Acessórios,5.572154032177765,3.688879454113936,4.110873864173311,en,"Dog Anti Flea And Tick Collars,Pet 8Month Protection Adjustable Collar For Large Dog Puppy Cat, Dogs Accessories Supplies",Dog Anti Flea And,Cachorro
Floating Water Dog Toys Pet Flying Disk Training Ring Interactive Toy Puller Resistant Aggressive Chewing for Small Medium Dogs,0.0,47,35 sold,2,35.0,Brinquedos,3.871201010907891,1.0986122886681098,3.58351893845611,en,Floating Water Dog Toys Pet Flying Disk Training Ring Interactive Toy Puller Resistant Aggressive Chewing for Small Medium Dogs,Floating Water Dog Toys,Cachorro
Dog Bed Sofa Shape Baskets Bedding for Dogs Small Medium Beds Pets Products Mat Cushions Pet Large Breeds Accessories Supplies,5.0,10,34 sold,408,34.0,Conforto,2.3978952727983707,6.013715156042802,3.555348061489413,en,Dog Bed Sofa Shape Baskets Bedding for Dogs Small Medium Beds Pets Products Mat Cushions Pet Large Breeds Accessories Supplies,Dog Bed Sofa Shape,Cachorro
Cat Litter Mat With Gift Double Layer Waterproof Pet Litter Box Mat Non-slip Sand Cat Pad Washable Bed Mat Clean Pad Products,4.7,62520,"1,000+ sold",1390,1000.0,Conforto,11.043257779289132,7.237778191923443,6.90875477931522,en,Cat Litter Mat With Gift Double Layer Waterproof Pet Litter Box Mat Non-slip Sand Cat Pad Washable Bed Mat Clean Pad Products,Cat Litter Mat With,Gato
Pet Interactive Ball Smart Cat Dog Toys Cat Toy Indoor Automatic Rolling Magic Ball Cat Electronic Toy Training Self-moving Game,4.5,368,600+ sold,236,600.0,Brinquedos,5.910796644040527,5.468060141135132,6.398594934535208,en,Pet Interactive Ball Smart Cat Dog Toys Cat Toy Indoor Automatic Rolling Magic Ball Cat Electronic Toy Training Self-moving Game,Pet Interactive Ball Smart,Cachorro
Pet Accessories Shampoo Massager Brush Bathroom Puppy Cat Massage Comb Grooming Shower Brush For Bathing Soft Brushes For Dogs,4.6,237,50 sold,10,50.0,Higiene,5.472270673671475,2.3978952727983707,3.9318256327243257,en,Pet Accessories Shampoo Massager Brush Bathroom Puppy Cat Massage Comb Grooming Shower Brush For Bathing Soft Brushes For Dogs,Pet Accessories Shampoo Massager,Cachorro
Dog kennel four seasons universal small dog mat winter dog kennel pet kennel,1.0,72014,61 sold,392,61.0,Conforto,11.18462970963315,5.973809611869261,4.127134385045092,da,Dog kennel four seasons universal small dog mat winter dog kennel pet kennel,Dog kennel four seasons,Cachorro
Soft Cat Puppy Dogs Sofa Bed Sleeping Bag Kennel for Larger Dogs Bed Small House Cushion Cat Beds Cushion Pet Product,4.4,15855,135 sold,1615,135.0,Conforto,9.67130325656977,7.38770923908104,4.912654885736052,en,Soft Cat Puppy Dogs Sofa Bed Sleeping Bag Kennel for Larger Dogs Bed Small House Cushion Cat Beds Cushion Pet Product,Soft Cat Puppy Dogs,Cachorro
Pet Dog Cat Artificial Grass Toilet Mat Indoor Potty Trainer Grass Turf Pad Pet Supplies,1.0,16,5 sold,9,5.0,Conforto,2.833213344056216,2.302585092994046,1.791759469228055,en,Pet Dog Cat Artificial Grass Toilet Mat Indoor Potty Trainer Grass Turf Pad Pet Supplies,Pet Dog Cat Artificial,Cachorro
Dog Toy Ball Electronic Interactive Pet Toy Ball Electronic Interactive Pet Products Rechargeable Smart Moving Gravity Jumping,4.8,45,132 sold,47,132.0,Brinquedos,3.828641396489095,3.871201010907891,4.890349128221754,en,Dog Toy Ball Electronic Interactive Pet Toy Ball Electronic Interactive Pet Products Rechargeable Smart Moving Gravity Jumping,Dog Toy Ball Electronic,Cachorro
Pet Collar Personalized ID Tag Engraved Name for Dog Cat Puppy Keyring Charm Pendant Bone Necklace Accessories,5.0,87703,33 sold,305,33.0,Acessórios,11.381722787354375,5.723585101952381,3.5263605246161616,en,Pet Collar Personalized ID Tag Engraved Name for Dog Cat Puppy Keyring Charm Pendant Bone Necklace Accessories,Pet Collar Personalized ID,Cachorro
Dog Mat Beds for Dogs Kennel Washable Bed Pets Products Supplies Cushion Small Large Accessorys Plush Medium Sofa Pet Cats Puppy,4.0,72,24 sold,264,24.0,Brinquedos,4.290459441148391,5.579729825986222,3.218875824868201,en,Dog Mat Beds for Dogs Kennel Washable Bed Pets Products Supplies Cushion Small Large Accessorys Plush Medium Sofa Pet Cats Puppy,Dog Mat Beds for,Cachorro
Adjustable Leather Pet Dog collar Neck Strap Supplies PU Leather Punk Rivet Spiked Dog Collar Pet Collars For Small Dog Cat,4.8,4772,28 sold,20,28.0,Acessórios,8.470730317005897,3.044522437723423,3.367295829986474,en,Adjustable Leather Pet Dog collar Neck Strap Supplies PU Leather Punk Rivet Spiked Dog Collar Pet Collars For Small Dog Cat,Adjustable Leather Pet Dog,Cachorro
Big Bed Pet Sleeping Bes Large Dogs Accessories Pet Items Pet Medium Waterproof Cushion Mat Supplies Kennel Products Home Garden,4.3,132,261 sold,1006,261.0,Conforto,4.890349128221754,6.914730892718563,5.568344503761097,en,Big Bed Pet Sleeping Bes Large Dogs Accessories Pet Items Pet Medium Waterproof Cushion Mat Supplies Kennel Products Home Garden,Big Bed Pet Sleeping,Cachorro
1-15Roll Pet Dog Poop Bags Dispenser Collector Garbage Bag Puppy Cat Pooper Scooper Bag Small Rolls Outdoor Clean Pets Supplies,5.0,1338,391 sold,78,391.0,Higiene,7.199678345691172,4.3694478524670215,5.971261839790462,en,1-15Roll Pet Dog Poop Bags Dispenser Collector Garbage Bag Puppy Cat Pooper Scooper Bag Small Rolls Outdoor Clean Pets Supplies,1-15Roll Pet Dog Poop,Cachorro
Silicone Pet Bath Brush Dog SPA Massage Comb Dogs Cats Shower Hair Grooming Comb Dog Cleaning Brush Pet Supplies,4.5,95,352 sold,654,352.0,Higiene,4.564348191467836,6.484635235635252,5.8664680569332965,en,Silicone Pet Bath Brush Dog SPA Massage Comb Dogs Cats Shower Hair Grooming Comb Dog Cleaning Brush Pet Supplies,Silicone Pet Bath Brush,Cachorro
Pet Supplies Dog Cat Lick Pad Square Round Sucker Slow Food Pad Shower Distraction Pad Silicone Lick Pad Slow Food Tray,4.9,35,69 sold,1026,69.0,Alimentação,3.58351893845611,6.934397209928558,4.248495242049359,en,Pet Supplies Dog Cat Lick Pad Square Round Sucker Slow Food Pad Shower Distraction Pad Silicone Lick Pad Slow Food Tray,Pet Supplies Dog Cat,Cachorro
Funny Dog Toy Colorful Luminous Elastic Ball Dogs Chewing Playing Sound Toy Ball Pet Supplies,4.8,101,87 sold,30,87.0,Brinquedos,4.624972813284271,3.4339872044851463,4.477336814478207,en,Funny Dog Toy Colorful Luminous Elastic Ball Dogs Chewing Playing Sound Toy Ball Pet Supplies,Funny Dog Toy Colorful,Cachorro
Pet Multifunction 2 in 1 Clicker & Whistle Dog Trainer Clicker With Keyring Pet Puppy Trainer Dog Flute & Clicker Pet Supplies,4.6,299,"1,000+ sold",374,1000.0,Outros,5.703782474656201,5.926926025970411,6.90875477931522,de,Pet Multifunction 2 in 1 Clicker & Whistle Dog Trainer Clicker With Keyring Pet Puppy Trainer Dog Flute & Clicker Pet Supplies,Pet Multifunction 2 in,Cachorro
Stainless Steel Cat Litter Shovel Durable Litter Scooper Pets Supplies for Lizards Kitten Kitty Dogs Waste Instant Cleaning Tool,4.7,118,800+ sold,623,800.0,Higiene,4.77912349311153,6.436150368369428,6.68586094706836,en,Stainless Steel Cat Litter Shovel Durable Litter Scooper Pets Supplies for Lizards Kitten Kitty Dogs Waste Instant Cleaning Tool,Stainless Steel Cat Litter,Cachorro
All Seasons Available Nest Tent Yurt Shape Cat Kennel Dog Kennel Pet,4.6,11836,113 sold,129,113.0,Outros,9.378985497953892,4.867534450455582,4.736198448394496,no,All Seasons Available Nest Tent Yurt Shape Cat Kennel Dog Kennel Pet,All Seasons Available Nest,Cachorro
Dog Cat Door with 4 Way Locking Cat Door Flap Screen Pet Gate Cats Flap Window Weatherproof Kitten Puppy Interior Exterior Doors,5.0,1539,12 sold,7,12.0,Outros,7.339537695407674,2.079441541679836,2.5649493574615367,en,Dog Cat Door with 4 Way Locking Cat Door Flap Screen Pet Gate Cats Flap Window Weatherproof Kitten Puppy Interior Exterior Doors,Dog Cat Door with,Cachorro
Cute Plush Giraffe Rope Pets Small Dogs Squeaky Interative Toys Deer Dolls Puppy Playing Chew Bite Toy Dog Training Accessories,4.9,1034,159 sold,34,159.0,Brinquedos,6.942156705699469,3.555348061489413,5.075173815233827,en,Cute Plush Giraffe Rope Pets Small Dogs Squeaky Interative Toys Deer Dolls Puppy Playing Chew Bite Toy Dog Training Accessories,Cute Plush Giraffe Rope,Cachorro
Creative Kittens Mini Pompoms Games Stretch Plush Ball Toys Interactive Launch Training Cat Toys Cat Supplies Pet Accessories,4.7,2165,112 sold,65,112.0,Brinquedos,7.680637427560936,4.189654742026425,4.727387818712341,en,Creative Kittens Mini Pompoms Games Stretch Plush Ball Toys Interactive Launch Training Cat Toys Cat Supplies Pet Accessories,Creative Kittens Mini Pompoms,Gato
4 In 1 Pet Hair Removal Brushes with Water Tank Double Sided Dog Cat Grooming Massage Comb Cleaning Floating Hair Pet Supplies,4.5,59886,474 sold,1017,474.0,Higiene,11.00021473216884,6.925595197110468,6.163314804034641,en,4 In 1 Pet Hair Removal Brushes with Water Tank Double Sided Dog Cat Grooming Massage Comb Cleaning Floating Hair Pet Supplies,4 In 1 Pet,Cachorro
Personalized Dog Toy Basket Free Print Pet Storage Box Cat DIY Custom Name Toys Clothes Accessories Organize Storage,4.9,6959,"1,000+ sold",9667,1000.0,Brinquedos,8.847934753328465,9.176576741823371,6.90875477931522,en,Personalized Dog Toy Basket Free Print Pet Storage Box Cat DIY Custom Name Toys Clothes Accessories Organize Storage,Personalized Dog Toy Basket,Cachorro
Cat Mats Cat Head Shape Anti-spill Anti-slipeasy To Clean Household Pet Placemat Cat And Dog Waterproof Mat Pets Supplies,5.0,102,167 sold,98,167.0,Conforto,4.634728988229636,4.59511985013459,5.123963979403259,en,Cat Mats Cat Head Shape Anti-spill Anti-slipeasy To Clean Household Pet Placemat Cat And Dog Waterproof Mat Pets Supplies,Cat Mats Cat Head,Cachorro
The new Rainbow Rabbit plush mouse toy includes Rattonite bite resistant interactive play pet supplies,4.8,320,700+ sold,195,700.0,Brinquedos,5.771441123130016,5.278114659230517,6.55250788703459,en,The new Rainbow Rabbit plush mouse toy includes Rattonite bite resistant interactive play pet supplies,The new Rainbow Rabbit,Outros
Pet Supplies Bow-tie Bowknot Cats Food Bowl PP Base Dog Bowl Stainless Steel Double Pet Accessories Feeding Drinking Double Bowl,4.9,156,215 sold,317,215.0,Alimentação,5.056245805348308,5.762051382780177,5.375278407684165,en,Pet Supplies Bow-tie Bowknot Cats Food Bowl PP Base Dog Bowl Stainless Steel Double Pet Accessories Feeding Drinking Double Bowl,Pet Supplies Bow-tie Bowknot,Cachorro
New Puppy Dog Choker Rhinestone Heart Four Rows Pearls Dogs Necklace Collar Shiny Cat Collar Jewellery Pet Supplies,4.8,18,160 sold,1014,160.0,Acessórios,2.9444389791664403,6.922643891475888,5.081404364984463,en,New Puppy Dog Choker Rhinestone Heart Four Rows Pearls Dogs Necklace Collar Shiny Cat Collar Jewellery Pet Supplies,New Puppy Dog Choker,Cachorro
Cat Window Perch Wooden Assembly Hanging Bed Pet Mat  Cozy Sunny Seat Window Mounted Cats Hammock Aerial Pet Shelf Nest Beds,5.0,141,63 sold,1000,63.0,Conforto,4.955827057601261,6.90875477931522,4.158883083359672,en,Cat Window Perch Wooden Assembly Hanging Bed Pet Mat  Cozy Sunny Seat Window Mounted Cats Hammock Aerial Pet Shelf Nest Beds,Cat Window Perch Wooden,Gato
12Pcs/pack Cat Toys Mylar Crinkle Ball Ring Paper Sound Toy for Cats Kitten Interactive Pet Cat Supplies Multicolor,4.8,40,500+ sold,131,500.0,Brinquedos,3.713572066704308,4.882801922586371,6.2166061010848646,en,12Pcs/pack Cat Toys Mylar Crinkle Ball Ring Paper Sound Toy for Cats Kitten Interactive Pet Cat Supplies Multicolor,12Pcs/pack Cat Toys Mylar,Gato
Soft Fluffy Pet Blanket Cute Dot Pattern Cozy Warm Blanket for Cat Dogs Bed Small Large Dogs Mat Cover Pet Supplies,4.4,25,321 sold,250,321.0,Conforto,3.258096538021482,5.525452939131784,5.7745515455444085,no,Soft Fluffy Pet Blanket Cute Dot Pattern Cozy Warm Blanket for Cat Dogs Bed Small Large Dogs Mat Cover Pet Supplies,Soft Fluffy Pet Blanket,Cachorro
Pet Eye Comb Brush Tear Stain Remover Comb Silicone soft material Grooming Tools For Small Cat Dog Gentle Cleaning Eye Scabs,0.0,40,209 sold,2,209.0,Conforto,3.713572066704308,1.0986122886681098,5.3471075307174685,en,Pet Eye Comb Brush Tear Stain Remover Comb Silicone soft material Grooming Tools For Small Cat Dog Gentle Cleaning Eye Scabs,Pet Eye Comb Brush,Cachorro
Catnip Pets Toy Cats Supplies for Cute Cat Toys Puppy Kitten Teeth Grinding Cat Plush Thumb Pillow Protect Mouth Pet Accessories,4.6,173,"1,000+ sold",2743,1000.0,Brinquedos,5.159055299214529,7.917171988845776,6.90875477931522,en,Catnip Pets Toy Cats Supplies for Cute Cat Toys Puppy Kitten Teeth Grinding Cat Plush Thumb Pillow Protect Mouth Pet Accessories,Catnip Pets Toy Cats,Cachorro
Portable Dog&Cat Water Bottle Dispenser For Small Large Dogs Foldable Outdoor Hiking Drinking Bowl French Bulldog Pet Supplies,5.0,1657,8 sold,2,8.0,Alimentação,7.41336733569524,1.0986122886681098,2.19722457733622,no,Portable Dog&Cat Water Bottle Dispenser For Small Large Dogs Foldable Outdoor Hiking Drinking Bowl French Bulldog Pet Supplies,Portable Dog&Cat Water Bottle,Cachorro
Portable Poop Scooper with Build In Bag Dispenser Light Weight Claw Waste Picker For Dogs Pet Cleaner Tool,4.6,7,131 sold,829,131.0,Higiene,2.079441541679836,6.721425700790643,4.882801922586371,en,Portable Poop Scooper with Build In Bag Dispenser Light Weight Claw Waste Picker For Dogs Pet Cleaner Tool,Portable Poop Scooper with,Cachorro
"Alfombrilla de arena para gatos, estera impermeable para atrapar arena para gatos, filtro de doble capa, esterilla antideslizante lavable para limpieza, suministros para mascotas, 1 unidad",4.4,13976,90 Vendidos,28,90.0,Conforto,9.545168400484906,3.367295829986474,4.51085950651685,es,1PC Cat Litter Mat Waterproof Cat Litter Trapping Mat Double Layer Filter Washable Non-Slip Cleaning Mat Pet Supplies,1PC Cat Litter Mat,Gato
"Dog Sniffing Ball Toy, Dog Puzzle Hidden Food Ball Toy, Educational Anti-Tampering Home Pet Toy, Suitable For Small Dogs",4.8,5885,600+ sold,687,600.0,Brinquedos,8.680331928793418,6.533788837933344,6.398594934535208,en,"Dog Sniffing Ball Toy, Dog Puzzle Hidden Food Ball Toy, Educational Anti-Tampering Home Pet Toy, Suitable For Small Dogs","Dog Sniffing Ball Toy,",Cachorro
Interactive Dog Football Toy Soccer Ball Inflated Training Toy For Dogs Outdoor Border Collie Balls For Large Dogs Pet Supplies,5.0,71,15 sold,5,15.0,Brinquedos,4.276666119016055,1.791759469228055,2.772588722239781,en,Interactive Dog Football Toy Soccer Ball Inflated Training Toy For Dogs Outdoor Border Collie Balls For Large Dogs Pet Supplies,Interactive Dog Football Toy,Cachorro
Cat Strip Feeding Spoon For Wet Semi-liquid Foods Cat Strip Squeeze Spoons Pet Feeder Supplies Snack Feeding Cat Product L8V4,4.9,66,65 sold,24,65.0,Alimentação,4.204692619390966,3.218875824868201,4.189654742026425,en,Cat Strip Feeding Spoon For Wet Semi-liquid Foods Cat Strip Squeeze Spoons Pet Feeder Supplies Snack Feeding Cat Product L8V4,Cat Strip Feeding Spoon,Gato
durable teeth cleaning tool aggressive pet supplies pet toy dog bone dog chew toy puppy bones,5.0,29,14 sold,4,14.0,Brinquedos,3.4011973816621555,1.6094379124341005,2.70805020110221,en,durable teeth cleaning tool aggressive pet supplies pet toy dog bone dog chew toy puppy bones,durable teeth cleaning tool,Cachorro
Durable Pet Dog Vest Harness Explosion-proof Big Dogs Harnesses Reflective French Bulldog Collar Shepherd Dogs Walking Supplies,4.9,7750,338 sold,372,338.0,Acessórios,8.955577146281511,5.921578419643816,5.82600010738045,en,Durable Pet Dog Vest Harness Explosion-proof Big Dogs Harnesses Reflective French Bulldog Collar Shepherd Dogs Walking Supplies,Durable Pet Dog Vest,Cachorro
Food Dispenser Water Bowl Daily Supply Cat Food Bowl Tall Feet Cartoon Shape Large Capacity Anti-choking Neck Protector Pet Dog,4.8,300,280 sold,397,280.0,Alimentação,5.707110264748875,5.986452005284438,5.638354669333745,en,Food Dispenser Water Bowl Daily Supply Cat Food Bowl Tall Feet Cartoon Shape Large Capacity Anti-choking Neck Protector Pet Dog,Food Dispenser Water Bowl,Cachorro
Dog Kennel Cat Kennel Plush Flower Shape Pet Kennel Dog Mattress Pet Bed Pet Pet Supplies,0.0,3728,0 sold,1,0.0,Brinquedos,8.22389538017882,0.6931471805599453,0.0,no,Dog Kennel Cat Kennel Plush Flower Shape Pet Kennel Dog Mattress Pet Bed Pet Pet Supplies,Dog Kennel Cat Kennel,Cachorro
120 Rolls Dog Poop Bag 15 Bags/ Roll Large Cat Waste Bags Doggie Outdoor Home Clean Refill Garbage Bag Pet Supplies,4.2,5327,96 sold,31,96.0,Higiene,8.580731212220226,3.4657359027997265,4.574710978503383,af,120 Rolls Dog Poop Bag 15 Bags/ Roll Large Cat Waste Bags Doggie Outdoor Home Clean Refill Garbage Bag Pet Supplies,120 Rolls Dog Poop,Cachorro
Tease Pet Hollow Sniffing Ball Dog Toys Slow Food Ball Small And Medium-sized Dogs Relieve Boredom Pet Supplies,4.7,3,107 sold,61,107.0,Brinquedos,1.3862943611198906,4.127134385045092,4.68213122712422,en,Tease Pet Hollow Sniffing Ball Dog Toys Slow Food Ball Small And Medium-sized Dogs Relieve Boredom Pet Supplies,Tease Pet Hollow Sniffing,Cachorro
Pet Foot Cleaner Foam Dog Cat Feet Cleaner Rinse-free Puppy Paw Cleaner Foam For Cute Cats With Foot Cleaning Silicone Brush,4.6,26,79 sold,103,79.0,Higiene,3.295836866004329,4.6443908991413725,4.382026634673881,en,Pet Foot Cleaner Foam Dog Cat Feet Cleaner Rinse-free Puppy Paw Cleaner Foam For Cute Cats With Foot Cleaning Silicone Brush,Pet Foot Cleaner Foam,Cachorro
Pet Dog Muzzles Adjustable French Bulldog Muzzle Dog Mouth Mask Breathable Muzzle for Anti Stop Barking Supplies Prevent Biting,5.0,80,11 sold,2,11.0,Outros,4.394449154672439,1.0986122886681098,2.4849066497880004,en,Pet Dog Muzzles Adjustable French Bulldog Muzzle Dog Mouth Mask Breathable Muzzle for Anti Stop Barking Supplies Prevent Biting,Pet Dog Muzzles Adjustable,Cachorro
Portable Dog Treat Bag Tactical Durable Lightweight Food Pet Pouch With Rotatable Carabiner For Puppy Pet Supplies,5.0,24,56 sold,48,56.0,Alimentação,3.218875824868201,3.8918202981106265,4.04305126783455,en,Portable Dog Treat Bag Tactical Durable Lightweight Food Pet Pouch With Rotatable Carabiner For Puppy Pet Supplies,Portable Dog Treat Bag,Cachorro
Dog Training Snack Bag Outdoor Travel Pet Dog Treat Pouch Portable Oil Resistance Food Dispenser Bag Durable Pet Accessories,4.9,166,"1,000+ sold",1388,1000.0,Alimentação,5.117993812416755,7.236339342754344,6.90875477931522,en,Dog Training Snack Bag Outdoor Travel Pet Dog Treat Pouch Portable Oil Resistance Food Dispenser Bag Durable Pet Accessories,Dog Training Snack Bag,Cachorro
Dog Toys Snuffle Mat for Pet Plush Carrot Toy Mat Innovative Plush Vegetable Field Pull Radish Plush Carrot Dog Interactive Toys,4.3,224,700+ sold,912,700.0,Brinquedos,5.41610040220442,6.816735880594968,6.55250788703459,en,Dog Toys Snuffle Mat for Pet Plush Carrot Toy Mat Innovative Plush Vegetable Field Pull Radish Plush Carrot Dog Interactive Toys,Dog Toys Snuffle Mat,Cachorro
Best Pet Dog Toy Balls Squeak Puppy Toys Interesting Tennis Football Tooth Cleaning Cotton Filling Toys for Dogs Pet Supplies,4.8,121,35 sold,21,35.0,Brinquedos,4.804021044733257,3.091042453358316,3.58351893845611,en,Best Pet Dog Toy Balls Squeak Puppy Toys Interesting Tennis Football Tooth Cleaning Cotton Filling Toys for Dogs Pet Supplies,Best Pet Dog Toy,Cachorro
Non-Slip Cat Bowl Pet Water Food Feed Dog Bowls Pet Bowl With Inclination Stand Cats Feeder Feeding Bowl Kitten Supplies,5.0,32,27 sold,28,27.0,Alimentação,3.49650756146648,3.367295829986474,3.332204510175204,en,Non-Slip Cat Bowl Pet Water Food Feed Dog Bowls Pet Bowl With Inclination Stand Cats Feeder Feeding Bowl Kitten Supplies,Non-Slip Cat Bowl Pet,Cachorro
Transparent Cat Bowl For Cats Dogs Feeders Non-slip With Stand Base Pet Food and Water Bowls Pet Supplies,4.8,1,229 sold,250,229.0,Alimentação,0.6931471805599453,5.525452939131784,5.438079308923196,en,Transparent Cat Bowl For Cats Dogs Feeders Non-slip With Stand Base Pet Food and Water Bowls Pet Supplies,Transparent Cat Bowl For,Cachorro
4 Way Locking Cat Flap Door For Interior Exterior Doors Weatherproof Pet Doors For Cats & Doggie Suitable For Window & Wall 4 W,4.8,27,187 sold,136,187.0,Outros,3.332204510175204,4.919980925828125,5.236441962829949,en,4 Way Locking Cat Flap Door For Interior Exterior Doors Weatherproof Pet Doors For Cats & Doggie Suitable For Window & Wall 4 W,4 Way Locking Cat,Cachorro
5cm Pet Dog Toy Interactive Rubber Balls for Small Large Dogs Puppy Cat Chewing Toys Pet Tooth Cleaning Indestructible Dog  Ball,4.4,122,800+ sold,210,800.0,Brinquedos,4.812184355372417,5.351858133476067,6.68586094706836,en,5cm Pet Dog Toy Interactive Rubber Balls for Small Large Dogs Puppy Cat Chewing Toys Pet Tooth Cleaning Indestructible Dog  Ball,5cm Pet Dog Toy,Cachorro
Pet Placemat Dog Food bowl Mat Cat Feed Mat Cat Dog Drinking Feeding Placemat Silicone Waterproof Pet Bowl Pad Feeder Mats,4.8,2323,"10,000+ sold",28208,10000.0,Alimentação,7.751045117971802,10.247396354945186,9.210440366976515,en,Pet Placemat Dog Food bowl Mat Cat Feed Mat Cat Dog Drinking Feeding Placemat Silicone Waterproof Pet Bowl Pad Feeder Mats,Pet Placemat Dog Food,Cachorro
Adjustable Dog Y Harness Breathable Reflective Puppy Harness Leash for Small Medium Large Dog Chihuahua Vest Labrador Pet Suppli,4.8,2381,600+ sold,773,600.0,Acessórios,7.775695749915245,6.651571873589727,6.398594934535208,en,Adjustable Dog Y Harness Breathable Reflective Puppy Harness Leash for Small Medium Large Dog Chihuahua Vest Labrador Pet Suppli,Adjustable Dog Y Harness,Cachorro
Funny Plush Cat Toy Soft Solid Interactive Mice Mouse Toys For Funny Kitten Pet Cats Playing Scratch Training Game Supplies,4.8,1119,700+ sold,191,700.0,Brinquedos,7.02108396428914,5.2574953720277815,6.55250788703459,en,Funny Plush Cat Toy Soft Solid Interactive Mice Mouse Toys For Funny Kitten Pet Cats Playing Scratch Training Game Supplies,Funny Plush Cat Toy,Gato
Elevated Cats Feeder Bowl Anti-choking Raised Cat Food Water Bowl With Stand Pet Feeding Drinking Supplies Small and Midium Dogs,0.0,1988,8 sold,11,8.0,Alimentação,7.595387278853972,2.4849066497880004,2.19722457733622,en,Elevated Cats Feeder Bowl Anti-choking Raised Cat Food Water Bowl With Stand Pet Feeding Drinking Supplies Small and Midium Dogs,Elevated Cats Feeder Bowl,Cachorro
Pet Puzzle Toys Slow Food Feeding Interactive Plate Bowl Non-Slip Anti-choking Dog Cat Bowl Iq Training Pets Supplies,4.8,2180,186 sold,281,186.0,Brinquedos,7.687538766201629,5.641907070938114,5.231108616854587,en,Pet Puzzle Toys Slow Food Feeding Interactive Plate Bowl Non-Slip Anti-choking Dog Cat Bowl Iq Training Pets Supplies,Pet Puzzle Toys Slow,Cachorro
Bathroom Puppy Big Dog Cat Bath Massage Gloves Brush Soft Safety Silicone Pet Accessories Dog Cat Cleaning Grooming Supplie,4.5,146,63 sold,21,63.0,Higiene,4.990432586778736,3.091042453358316,4.158883083359672,en,Bathroom Puppy Big Dog Cat Bath Massage Gloves Brush Soft Safety Silicone Pet Accessories Dog Cat Cleaning Grooming Supplie,Bathroom Puppy Big Dog,Cachorro
Cute Flamingo Plush Dog Toys Funny Interactive Squeaky Chew Ropes Toys For Small Large Pets Teeth Cleaning Supplies,4.8,4,275 sold,193,275.0,Brinquedos,1.6094379124341005,5.267858159063328,5.62040086571715,en,Cute Flamingo Plush Dog Toys Funny Interactive Squeaky Chew Ropes Toys For Small Large Pets Teeth Cleaning Supplies,Cute Flamingo Plush Dog,Cachorro
Dog Fence Dog Gate Ingenious Mesh For Indoor and Outdoor Safe Pet Dog gate Safety Enclosure Pet supplies baby safety gate,4.5,453,118 sold,59,118.0,Outros,6.118097198041348,4.0943445622221,4.77912349311153,en,Dog Fence Dog Gate Ingenious Mesh For Indoor and Outdoor Safe Pet Dog gate Safety Enclosure Pet supplies baby safety gate,Dog Fence Dog Gate,Cachorro
Pet Steam Brush Cat Dog Cleaning Steamy Spray Massage Beauty Comb 3 In 1 Hair Removal Grooming Supplies Pets Accessories,5.0,14,4 sold,4,4.0,Higiene,2.70805020110221,1.6094379124341005,1.6094379124341005,en,Pet Steam Brush Cat Dog Cleaning Steamy Spray Massage Beauty Comb 3 In 1 Hair Removal Grooming Supplies Pets Accessories,Pet Steam Brush Cat,Cachorro
Degradable Dog Poop Bag Dispenser LED light Waste Bags Holder Dispensers Poop Bags Set Dogs Trash Pets Clean Accessories,4.4,122,216 sold,913,216.0,Higiene,4.812184355372417,6.81783057145415,5.37989735354046,en,Degradable Dog Poop Bag Dispenser LED light Waste Bags Holder Dispensers Poop Bags Set Dogs Trash Pets Clean Accessories,Degradable Dog Poop Bag,Cachorro
Solid Color Two-in-one Pet Car Seat Belt Nylon Lead Leash Backseat Safety Belt Adjustable Dogs Harness Collar Pet Accessories,4.8,402,"2,000+ sold",41060,2000.0,Acessórios,5.998936561946683,10.622814044879377,7.601402334583733,en,Solid Color Two-in-one Pet Car Seat Belt Nylon Lead Leash Backseat Safety Belt Adjustable Dogs Harness Collar Pet Accessories,Solid Color Two-in-one Pet,Cachorro
Large Medium Small House Cat Bed Pet Dog Bed Sofa Mats Pet Products Coussin Chien Animals Accessories Dogs Basket Supplies,4.3,2997,232 sold,270,232.0,Conforto,8.005700678662542,5.602118820879701,5.4510384535657,en,Large Medium Small House Cat Bed Pet Dog Bed Sofa Mats Pet Products Coussin Chien Animals Accessories Dogs Basket Supplies,Large Medium Small House,Cachorro
"Juguetes chirriantes para perros, pelota elástica de goma suave y colorida, luminosa para masticar cachorros, erizo, suministros para mascotas pequeñas",4.8,59,85 Vendidos,369,85.0,Brinquedos,4.0943445622221,5.91350300563827,4.454347296253507,es,Dog Squeaky Toys Colorful Soft Rubber Elastic Ball Luminous Puppy Chewing Hedgehog Toys Small Pet Supplies,Dog Squeaky Toys Colorful,Cachorro
Cat Litter Shovel Wood Handle Cat Litter Shovel Toilet Cleaning Shovel Tools Pet Cleaning Accessories Supplies Cats Pet Products,4.7,198,232 sold,91,232.0,Higiene,5.293304824724492,4.5217885770490405,5.4510384535657,en,Cat Litter Shovel Wood Handle Cat Litter Shovel Toilet Cleaning Shovel Tools Pet Cleaning Accessories Supplies Cats Pet Products,Cat Litter Shovel Wood,Gato
Pet Footprints Baby Paw Print Pad Foot Print Mat Pet Handprints And Footprints Non-Toxic Ink Pad Dog Footprints Souvenir,0.0,996,3 sold,5,3.0,Conforto,6.904750769961838,1.791759469228055,1.3862943611198906,en,Pet Footprints Baby Paw Print Pad Foot Print Mat Pet Handprints And Footprints Non-Toxic Ink Pad Dog Footprints Souvenir,Pet Footprints Baby Paw,Cachorro
Pet Slow Food Bowl Dog and Cat Anti-choking Feeder Outdoor Travel Portable Foldable TPE Bowls Anti-gulping Feeding Pets Supplies,4.9,68,112 sold,70,112.0,Alimentação,4.23410650459726,4.262679877041316,4.727387818712341,en,Pet Slow Food Bowl Dog and Cat Anti-choking Feeder Outdoor Travel Portable Foldable TPE Bowls Anti-gulping Feeding Pets Supplies,Pet Slow Food Bowl,Cachorro
Pet Placemat Cat Slow Feeding Mat Dog Lick Mats Silicone Pets Eating Slowly Food Pad Cats Dogs Feeding Supplies,4.8,797,"4,000+ sold",5057,4000.0,Alimentação,6.682108597449809,8.52872642722991,8.294299608857235,en,Pet Placemat Cat Slow Feeding Mat Dog Lick Mats Silicone Pets Eating Slowly Food Pad Cats Dogs Feeding Supplies,Pet Placemat Cat Slow,Cachorro
Dog Bowl Portable Folding Pet Bowl Collapsible Silicone Water Bowl for Dog Outdoor Travel Puppy Feeder Dish Food Container,0.0,20,12 sold,9,12.0,Alimentação,3.044522437723423,2.302585092994046,2.5649493574615367,en,Dog Bowl Portable Folding Pet Bowl Collapsible Silicone Water Bowl for Dog Outdoor Travel Puppy Feeder Dish Food Container,Dog Bowl Portable Folding,Cachorro
Cat Litter Scoop with Refill Bag For Pet Filter Clean Toilet Garbage Picker Cat Litter Box Self Cleaning Cat Supplies Accessory,4.7,72,240 sold,199,240.0,Higiene,4.290459441148391,5.298317366548036,5.484796933490655,en,Cat Litter Scoop with Refill Bag For Pet Filter Clean Toilet Garbage Picker Cat Litter Box Self Cleaning Cat Supplies Accessory,Cat Litter Scoop with,Gato
Dog Poop Bag Carrier Portable Pet Waste Bag Dispenser Luxury Stylish Dog Garbage Holder Dispensers Cleaning Supplies,4.9,185,317 sold,268,317.0,Higiene,5.225746673713202,5.594711379601839,5.762051382780177,en,Dog Poop Bag Carrier Portable Pet Waste Bag Dispenser Luxury Stylish Dog Garbage Holder Dispensers Cleaning Supplies,Dog Poop Bag Carrier,Cachorro
10 Rolls 150pcs Dog Poop Bag Pet Supply Litter Bag Printing Cat Dog Poop biodegradable Bag Outdoor Home Clean Refill Garbage Bag,4.8,246,"1,000+ sold",1383,1000.0,Higiene,5.5093883366279774,7.232733136177615,6.90875477931522,en,10 Rolls 150pcs Dog Poop Bag Pet Supply Litter Bag Printing Cat Dog Poop biodegradable Bag Outdoor Home Clean Refill Garbage Bag,10 Rolls 150pcs Dog,Cachorro
Remote Controlled Smart Cat Toy 2 Modes Automatic Moving Toy Car for Cats Dogs Interactive Playing Kitten Training Pet Supplies,4.8,134,"1,000+ sold",1298,1000.0,Brinquedos,4.90527477843843,7.1693500166706,6.90875477931522,en,Remote Controlled Smart Cat Toy 2 Modes Automatic Moving Toy Car for Cats Dogs Interactive Playing Kitten Training Pet Supplies,Remote Controlled Smart Cat,Cachorro
"Portable pet garbage bag dispenser, creative silicone dog toilet pick up bag carrier for outdoor cleaning supplies",5.0,83,16 sold,9,16.0,Higiene,4.430816798843313,2.302585092994046,2.833213344056216,en,"Portable pet garbage bag dispenser, creative silicone dog toilet pick up bag carrier for outdoor cleaning supplies",Portable pet garbage bag,Cachorro
dog harness dog collar dog leash Macarone color cat accessories pet small dog accessories small dog harnessdog supplies,4.7,3128,477 sold,2519,477.0,Acessórios,8.048468743668883,7.832014180505469,6.169610732491456,en,dog harness dog collar dog leash Macarone color cat accessories pet small dog accessories small dog harnessdog supplies,dog harness dog collar,Cachorro
Grand Animal Chat et Chien Lit Chaud Confortable Chien Maison Doux PP Coton Nid Chien Panier Tapis Universel Étanche Chat Lit,4.6,1869,145 Vendus,91,145.0,Conforto,7.533693709848633,4.5217885770490405,4.983606621708336,fr,Large Pet Cat and Dog Bed Warm Comfortable Dog House Soft PP Cotton Nest Dog Basket Mat Universal Waterproof Cat Bed,Large Pet Cat and,Cachorro
Water Dispenser Pet Fountain Dog Waterer Supplies For Dogs Fountains Cats Drinking,5.0,44,27 sold,18,27.0,Outros,3.80666248977032,2.9444389791664403,3.332204510175204,en,Water Dispenser Pet Fountain Dog Waterer Supplies For Dogs Fountains Cats Drinking,Water Dispenser Pet Fountain,Cachorro
Dog Squeak Toys Pet Sniffing Plush Snails Toys Tibetan Food Molar Puzzle Dog Toys Interactive Dog Puzzle Toy Feeder Pet Supply,4.5,48,30 sold,8,30.0,Brinquedos,3.8918202981106265,2.19722457733622,3.4339872044851463,en,Dog Squeak Toys Pet Sniffing Plush Snails Toys Tibetan Food Molar Puzzle Dog Toys Interactive Dog Puzzle Toy Feeder Pet Supply,Dog Squeak Toys Pet,Cachorro
10/20//100Pcs Catnip Toys for Cats Pet Products Pets Interesting Things Goods Supplies Toy Accessories All Mint Cat Home Garden,4.7,282,600+ sold,389,600.0,Brinquedos,5.645446897643238,5.966146739123692,6.398594934535208,en,10/20//100Pcs Catnip Toys for Cats Pet Products Pets Interesting Things Goods Supplies Toy Accessories All Mint Cat Home Garden,10/20//100Pcs Catnip Toys for,Gato
Cat Steam Brush Steamy Dog Brush 3 in 1 Electric Spray Cat Hair Brushes for Massage Pet Grooming Comb Hair Removal Combs,4.8,34918,249 sold,119,249.0,Higiene,10.460786372659188,4.787491742782046,5.521460917862246,en,Cat Steam Brush Steamy Dog Brush 3 in 1 Electric Spray Cat Hair Brushes for Massage Pet Grooming Comb Hair Removal Combs,Cat Steam Brush Steamy,Cachorro
Cat Toy Cute Octopus Plush Toy Bite Resistant Teeth Interactive Play Pet Supplies Cat Dog Toys Octopus,4.7,83,339 sold,133,339.0,Brinquedos,4.430816798843313,4.897839799950911,5.828945617610208,en,Cat Toy Cute Octopus Plush Toy Bite Resistant Teeth Interactive Play Pet Supplies Cat Dog Toys Octopus,Cat Toy Cute Octopus,Cachorro
Cat Hammock Window Hanger Cat Hammock Washable Detachable Pet Bed Suction Shelf Bag Beds Seat For Cat Sleeping Pet Supplies,4.4,268,311 sold,192,311.0,Conforto,5.594711379601839,5.262690188904886,5.7430031878094825,en,Cat Hammock Window Hanger Cat Hammock Washable Detachable Pet Bed Suction Shelf Bag Beds Seat For Cat Sleeping Pet Supplies,Cat Hammock Window Hanger,Gato
Thickened Folding Silicone Pet Bowls Outdoor Pet Double Bowls Tableware Wholesale Pet Supplies Portable Dog Bowls,4.5,80,67 sold,116,67.0,Alimentação,4.394449154672439,4.762173934797756,4.219507705176107,en,Thickened Folding Silicone Pet Bowls Outdoor Pet Double Bowls Tableware Wholesale Pet Supplies Portable Dog Bowls,Thickened Folding Silicone Pet,Cachorro
Fashion Adjustable Dog Harness Vest Breathable Reflective Candy Color Pet Outdoor Walking Puppy Clothes Dogs Traction Supplies,4.7,35,33 sold,48,33.0,Acessórios,3.58351893845611,3.8918202981106265,3.5263605246161616,en,Fashion Adjustable Dog Harness Vest Breathable Reflective Candy Color Pet Outdoor Walking Puppy Clothes Dogs Traction Supplies,Fashion Adjustable Dog Harness,Cachorro
Funny Cat Toy Interactive Launch Pet Training Toy For Kitten Mini Flying Disc Shooting Gun Chasing Games Cat Toys Pet Supplies,4.5,25,17 sold,10,17.0,Brinquedos,3.258096538021482,2.3978952727983707,2.8903717578961645,en,Funny Cat Toy Interactive Launch Pet Training Toy For Kitten Mini Flying Disc Shooting Gun Chasing Games Cat Toys Pet Supplies,Funny Cat Toy Interactive,Gato
Cat Toy Pet Cat Sisal Scratching Ball Training Interactive Toy for Kitten Pet Cat Supplies Funny Play Feather Toy cat accessorie,4.6,196,"1,000+ sold",752,1000.0,Brinquedos,5.2832037287379885,6.6240652277998935,6.90875477931522,en,Cat Toy Pet Cat Sisal Scratching Ball Training Interactive Toy for Kitten Pet Cat Supplies Funny Play Feather Toy cat accessorie,Cat Toy Pet Cat,Gato
Pet Supplies Silicone Pet Licking Mat Cat Anti-choking With Slow Food Bowl Puppy Bath Distracted Licking Plate Cutlery,5.0,60,179 sold,180,179.0,Alimentação,4.110873864173311,5.198497031265826,5.19295685089021,en,Pet Supplies Silicone Pet Licking Mat Cat Anti-choking With Slow Food Bowl Puppy Bath Distracted Licking Plate Cutlery,Pet Supplies Silicone Pet,Cachorro
Washable Dog Bed Thickened Dog Mat Pet Cat Soft Fleece Pad Blanket Mat Cushion Home Bed Rug Keep Warm Pet Supplies cama perro,4.9,256,207 sold,888,207.0,Conforto,5.54907608489522,6.790097235513905,5.337538079701318,en,Washable Dog Bed Thickened Dog Mat Pet Cat Soft Fleece Pad Blanket Mat Cushion Home Bed Rug Keep Warm Pet Supplies cama perro,Washable Dog Bed Thickened,Cachorro
Simulation Bird interactive Cat Toy Sucker Feather Bird with Bell Cat Stick Toy for Kitten Playing Teaser Wand Toy Cat Supplies,4.7,1705,"5,000+ sold",2906,5000.0,Brinquedos,7.441906728051625,7.9748769005588755,8.517393171418904,en,Simulation Bird interactive Cat Toy Sucker Feather Bird with Bell Cat Stick Toy for Kitten Playing Teaser Wand Toy Cat Supplies,Simulation Bird interactive Cat,Gato
1PC Pet Dog Cat Door Free Access 4 Way Magnetic Lockable Flap Door Door Gate Telescoping Frame Flap Gate Magnetic Closure Door,4.0,3,17 sold,24,17.0,Outros,1.3862943611198906,3.218875824868201,2.8903717578961645,en,1PC Pet Dog Cat Door Free Access 4 Way Magnetic Lockable Flap Door Door Gate Telescoping Frame Flap Gate Magnetic Closure Door,1PC Pet Dog Cat,Cachorro
Cat Teeth Brushing Toy Teeth Cleaning Cat Stick Fish-shaped Silicone Toy Chew Resistant Interactive Toys Catnip Pet Supplies,0.0,60,17 sold,6,17.0,Brinquedos,4.110873864173311,1.9459101490553128,2.8903717578961645,en,Cat Teeth Brushing Toy Teeth Cleaning Cat Stick Fish-shaped Silicone Toy Chew Resistant Interactive Toys Catnip Pet Supplies,Cat Teeth Brushing Toy,Gato
Pet Cat Scratch Toy Hanging Sisal Ball Built-in Bell Interactive Toy Pet Supplies  аксесуари для котів  игрушки для кошек,4.4,39,33 sold,23,33.0,Brinquedos,3.688879454113936,3.1780538303479458,3.5263605246161616,en,Pet Cat Scratch Toy Hanging Sisal Ball Built-in Bell Interactive Toy Pet Supplies  аксесуари для котів  игрушки для кошек,Pet Cat Scratch Toy,Gato
Cute Plush Toys Squeak Pet Elephant Plush Shell Durable Toy Dog Chew Squeaky Interactive Dog Toy Funny Pet Supplies No Filling,4.8,10,442 sold,389,442.0,Brinquedos,2.3978952727983707,5.966146739123692,6.093569770045136,en,Cute Plush Toys Squeak Pet Elephant Plush Shell Durable Toy Dog Chew Squeaky Interactive Dog Toy Funny Pet Supplies No Filling,Cute Plush Toys Squeak,Cachorro
Cat interactive toys Tickle Cat Colorful bouncing ball Pet supplies Puzzle teasing indoor cat worm caterpillar elastic toy,4.7,18,153 sold,33,153.0,Brinquedos,2.9444389791664403,3.5263605246161616,5.0369526024136295,en,Cat interactive toys Tickle Cat Colorful bouncing ball Pet supplies Puzzle teasing indoor cat worm caterpillar elastic toy,Cat interactive toys Tickle,Gato
2024 Catnip Toys Funny Interactive Plush Teeth Grinding Cat Toy Kitten Chewing Toy Claws Thumb Bite Cat Mint Pets Accessories,4.5,689,500+ sold,226,500.0,Brinquedos,6.536691597591305,5.424950017481403,6.2166061010848646,en,2024 Catnip Toys Funny Interactive Plush Teeth Grinding Cat Toy Kitten Chewing Toy Claws Thumb Bite Cat Mint Pets Accessories,2024 Catnip Toys Funny,Gato
10pcs Pet Dog Cat Bow Ties Classic Polka Dots&Stripe Dog Grooming Collar Dog Ties Pet Supplies Bows,5.0,20,21 sold,18,21.0,Acessórios,3.044522437723423,2.9444389791664403,3.091042453358316,en,10pcs Pet Dog Cat Bow Ties Classic Polka Dots&Stripe Dog Grooming Collar Dog Ties Pet Supplies Bows,10pcs Pet Dog Cat,Cachorro
Dog Flying Discs Silicone Flying Saucer Floating Bite Resistant Dog Interactive Game Toy Pet Training Supplies,0.0,137,2 sold,2,2.0,Brinquedos,4.927253685157205,1.0986122886681098,1.0986122886681098,en,Dog Flying Discs Silicone Flying Saucer Floating Bite Resistant Dog Interactive Game Toy Pet Training Supplies,Dog Flying Discs Silicone,Cachorro
Dog Harness Pet Adjustable Reflective Saddle For Small Medium Dogs Cats No Pull Puppy Breathable Mesh Harnesses Pet Supplies,4.6,171,38 sold,36,38.0,Acessórios,5.147494476813453,3.610917912644224,3.6635616461296463,en,Dog Harness Pet Adjustable Reflective Saddle For Small Medium Dogs Cats No Pull Puppy Breathable Mesh Harnesses Pet Supplies,Dog Harness Pet Adjustable,Cachorro
Divertenti giocattoli per animali domestici cartone animato simpatico peluche resistente ai morsi giocattolo da masticare per animali domestici per gatti cani forniture interattive per animali domestici Partner per animali domestici,4.5,2438,1.000+ venduto,2156,1000.0,Brinquedos,7.79934339821592,7.676473646389156,6.90875477931522,it,Funny Pet Toys Cartoon Cute Plush Bite Resistant Pet Chew Toy for Cats Dogs Interactive Pet Supplies Pet Partner,Funny Pet Toys Cartoon,Cachorro
Home Pet Animal Care Protect Flea Comb For Cat Dog Pet Stainless Steel Comfort Flea Hair Comb Cat Dog Supplies Pet Products,4.4,1428,105 sold,24,105.0,Outros,7.264730177929867,3.218875824868201,4.663439094112067,en,Home Pet Animal Care Protect Flea Comb For Cat Dog Pet Stainless Steel Comfort Flea Hair Comb Cat Dog Supplies Pet Products,Home Pet Animal Care,Cachorro
"Pet Tooth Cleansing Finger Set for Cleaning Teeth: Dog Brushes, Cleanses Teeth, Eliminates Bad breath, Cat Mouth Cleansing Wipes",5.0,99,11 sold,7,11.0,Higiene,4.605170185988092,2.079441541679836,2.4849066497880004,en,"Pet Tooth Cleansing Finger Set for Cleaning Teeth: Dog Brushes, Cleanses Teeth, Eliminates Bad breath, Cat Mouth Cleansing Wipes",Pet Tooth Cleansing Finger,Cachorro
Pet Feeder Cat Toy Mouse Food Rolling Leakage Dispenser Bowl Playing Training Funny Toys for Cat Kitten Cats Toy Pet Supplies,4.6,66,101 sold,58,101.0,Brinquedos,4.204692619390966,4.07753744390572,4.624972813284271,en,Pet Feeder Cat Toy Mouse Food Rolling Leakage Dispenser Bowl Playing Training Funny Toys for Cat Kitten Cats Toy Pet Supplies,Pet Feeder Cat Toy,Gato
Cat Pets Toys Mouse Shape Balls Foldable Cat Kitten Play Tunnel Funny Cat Stick Mouse Supplies Simulation Mouse Cat Accessories,4.8,221,700+ sold,795,700.0,Brinquedos,5.402677381872279,6.679599185844383,6.55250788703459,en,Cat Pets Toys Mouse Shape Balls Foldable Cat Kitten Play Tunnel Funny Cat Stick Mouse Supplies Simulation Mouse Cat Accessories,Cat Pets Toys Mouse,Gato
Pet cat and dog silicone bath brush massage care soft bath brush can fill liquid bath ball brush pet accessories dog cat tool,4.7,2045,500+ sold,152,500.0,Brinquedos,7.6236419465115715,5.030437921392435,6.2166061010848646,en,Pet cat and dog silicone bath brush massage care soft bath brush can fill liquid bath ball brush pet accessories dog cat tool,Pet cat and dog,Cachorro
Interactive Cat Feather Toy Feather Teaser Stick Wand Pet Retractable Feather Bell Refill Replacement Catcher Product for Kitten,4.6,47,88 sold,13,88.0,Brinquedos,3.871201010907891,2.6390573296152584,4.48863636973214,en,Interactive Cat Feather Toy Feather Teaser Stick Wand Pet Retractable Feather Bell Refill Replacement Catcher Product for Kitten,Interactive Cat Feather Toy,Gato
Catnip Pets Toy Cats Supplies for Cute Cat Toys Puppy Kitten Teeth Grinding Cat Plush Thumb Pillow Protect Mouth Pet Accessories,4.7,25,201 sold,63,201.0,Brinquedos,3.258096538021482,4.158883083359672,5.308267697401205,en,Catnip Pets Toy Cats Supplies for Cute Cat Toys Puppy Kitten Teeth Grinding Cat Plush Thumb Pillow Protect Mouth Pet Accessories,Catnip Pets Toy Cats,Cachorro
Cat Toys Smart Interactive Ball Catnip Cat Training Toy Pet Playing Ball for Cats Kitten Kitty Pet Squeaky Toy Supplies Products,4.8,762,"2,000+ sold",2410,2000.0,Brinquedos,6.637258031284457,7.787796878181171,7.601402334583733,en,Cat Toys Smart Interactive Ball Catnip Cat Training Toy Pet Playing Ball for Cats Kitten Kitty Pet Squeaky Toy Supplies Products,Cat Toys Smart Interactive,Gato
Pet Cat Bowl Automatic Feeder Water Dispenser Dog Cat Food Bowl with Drinking Raised Stand Double Dish Bowls for Cats Dogs Pet,4.7,2959,193 sold,166,193.0,Alimentação,7.992944547318106,5.117993812416755,5.267858159063328,en,Pet Cat Bowl Automatic Feeder Water Dispenser Dog Cat Food Bowl with Drinking Raised Stand Double Dish Bowls for Cats Dogs Pet,Pet Cat Bowl Automatic,Cachorro
Pet Cat Toys Cute Funny Rainbow Strips Stick Cat Teaser Wand  Pet Toys for Cats Interactive Toys Cat Supplies Pet Products,0.0,7,15 sold,4,15.0,Brinquedos,2.079441541679836,1.6094379124341005,2.772588722239781,en,Pet Cat Toys Cute Funny Rainbow Strips Stick Cat Teaser Wand  Pet Toys for Cats Interactive Toys Cat Supplies Pet Products,Pet Cat Toys Cute,Gato
Rustle Sound Catnip Toy Cats Products for Pets Cat Toys for Kitten teeth cleaning cat mint Plush Thumb Pillow Pet Accessories,4.9,1101,448 sold,1170,448.0,Brinquedos,7.004881989712859,7.065613363597717,6.107022887742255,en,Rustle Sound Catnip Toy Cats Products for Pets Cat Toys for Kitten teeth cleaning cat mint Plush Thumb Pillow Pet Accessories,Rustle Sound Catnip Toy,Gato
Affordable Comfort Dog Cat PU Leather Collar Adjustable Pet Accessories for Small Dogs Puppy Mascotas Supplies Collier Chien,4.9,164,81 sold,118,81.0,Acessórios,5.10594547390058,4.77912349311153,4.406719247264253,en,Affordable Comfort Dog Cat PU Leather Collar Adjustable Pet Accessories for Small Dogs Puppy Mascotas Supplies Collier Chien,Affordable Comfort Dog Cat,Cachorro
3pcs Flea Remover Hook Tick Remover Tweezer Tick Pull Pet Cat Dog Accessaries Tick Tool Pet Mites Flea Extractor Pet Supplies,5.0,1363,26 sold,19,26.0,Outros,7.218176838403408,2.995732273553991,3.295836866004329,en,3pcs Flea Remover Hook Tick Remover Tweezer Tick Pull Pet Cat Dog Accessaries Tick Tool Pet Mites Flea Extractor Pet Supplies,3pcs Flea Remover Hook,Cachorro
Pet Puppy Dog Harnesses Leash Set Bee Animals Shape Dog Cat Harnesses Soft Adjustable Outdoor Walking Anti-lost Pet Supplies,4.8,158,86 sold,68,86.0,Acessórios,5.068904202220232,4.23410650459726,4.465908118654584,en,Pet Puppy Dog Harnesses Leash Set Bee Animals Shape Dog Cat Harnesses Soft Adjustable Outdoor Walking Anti-lost Pet Supplies,Pet Puppy Dog Harnesses,Cachorro
Reflective Pet Dog Car Seat Belt Puppy Dog Walking Travel Car Accessories Dog Leash Harness for Small Dogs Pet Car Supplies,5.0,44,120 sold,135,120.0,Acessórios,3.80666248977032,4.912654885736052,4.795790545596741,en,Reflective Pet Dog Car Seat Belt Puppy Dog Walking Travel Car Accessories Dog Leash Harness for Small Dogs Pet Car Supplies,Reflective Pet Dog Car,Cachorro
Pet Cat Toy Stick Feather Wand Toys Interactive Fish-shaped Telescopic Fishing Rod Cat Teaser Toy Supplies Random Color,4.3,1,198 sold,218,198.0,Brinquedos,0.6931471805599453,5.389071729816501,5.293304824724492,en,Pet Cat Toy Stick Feather Wand Toys Interactive Fish-shaped Telescopic Fishing Rod Cat Teaser Toy Supplies Random Color,Pet Cat Toy Stick,Gato
Dog Toys Pet Flying Disk Training Ring Puller Anti-Bite Floating Interactive Supplies Dog Toys Aggressive Chewing,4.4,44,140 sold,1284,140.0,Brinquedos,3.80666248977032,7.158513997329321,4.948759890378168,en,Dog Toys Pet Flying Disk Training Ring Puller Anti-Bite Floating Interactive Supplies Dog Toys Aggressive Chewing,Dog Toys Pet Flying,Cachorro
XS-3XL Warm Soft Pet Bed Mats Plush Pet Sleeping Mat for Dog Bed for Small Large Dogs Blanket Cat Bed  Warm Cat Mat Cushion,4.5,167,"1,000+ sold",782,1000.0,Brinquedos,5.123963979403259,6.663132695990803,6.90875477931522,en,XS-3XL Warm Soft Pet Bed Mats Plush Pet Sleeping Mat for Dog Bed for Small Large Dogs Blanket Cat Bed  Warm Cat Mat Cushion,XS-3XL Warm Soft Pet,Cachorro
Portable Double Cat Bowls Pet Water Food Feeder Food Container Drink Bowls for Small Animals Indoor Cats Puppy Kitten Supplies,4.7,40,53 sold,24,53.0,Alimentação,3.713572066704308,3.218875824868201,3.9889840465642745,en,Portable Double Cat Bowls Pet Water Food Feeder Food Container Drink Bowls for Small Animals Indoor Cats Puppy Kitten Supplies,Portable Double Cat Bowls,Cachorro
Pet Cat Litter Mat Waterproof Double Layer EVA Foldable Cat Litter Trapping Pet Carpet Bed Pads For Cats Pet Clean Supplies,3.0,297,15 sold,9,15.0,Conforto,5.697093486505405,2.302585092994046,2.772588722239781,en,Pet Cat Litter Mat Waterproof Double Layer EVA Foldable Cat Litter Trapping Pet Carpet Bed Pads For Cats Pet Clean Supplies,Pet Cat Litter Mat,Gato
Dog Toys Pet Flying Disk Training Ring Puller Anti-Bite Floating Interactive Supplies Dog Toys For Small Dog Chewing Toy 18CM,4.9,588,34 sold,28,34.0,Brinquedos,6.3784261836515865,3.367295829986474,3.555348061489413,en,Dog Toys Pet Flying Disk Training Ring Puller Anti-Bite Floating Interactive Supplies Dog Toys For Small Dog Chewing Toy 18CM,Dog Toys Pet Flying,Cachorro
Cat Bed House Removable Plush Mat Cats Four Seasons Cushion Basket Honey Jar Shape Machine Washable Pet Accessories,4.8,114,600+ sold,2597,600.0,Brinquedos,4.74493212836325,7.862497197230545,6.398594934535208,en,Cat Bed House Removable Plush Mat Cats Four Seasons Cushion Basket Honey Jar Shape Machine Washable Pet Accessories,Cat Bed House Removable,Gato
Fashion Pet Training Shoulder Bag Dog Snack Pocket Portable Pet Poop Pouch Outdoor Storage Supplies Large Capacity,4.9,10,41 sold,67,41.0,Alimentação,2.3978952727983707,4.219507705176107,3.737669618283368,en,Fashion Pet Training Shoulder Bag Dog Snack Pocket Portable Pet Poop Pouch Outdoor Storage Supplies Large Capacity,Fashion Pet Training Shoulder,Cachorro
Practical Pet Dog Poop Bag Dispenser Waste Garbage Holder Dispensers Poop Bags Set Dogs Trash Pets Clean Accessories,0.0,10549,6 sold,23,6.0,Higiene,9.263881138904212,3.1780538303479458,1.9459101490553128,en,Practical Pet Dog Poop Bag Dispenser Waste Garbage Holder Dispensers Poop Bags Set Dogs Trash Pets Clean Accessories,Practical Pet Dog Poop,Cachorro
Crazy Ball Interactive Cat Toy Self-moving Kitten Jumping Ball Toys Vibration Sensor Cats Game Toy Cat Accessories Pet Supplies,4.7,12,104 sold,392,104.0,Brinquedos,2.5649493574615367,5.973809611869261,4.653960350157523,en,Crazy Ball Interactive Cat Toy Self-moving Kitten Jumping Ball Toys Vibration Sensor Cats Game Toy Cat Accessories Pet Supplies,Crazy Ball Interactive Cat,Gato
Fashion Rubber Pet Bath Brush Environmental Protection Silicone Glove for Pet Massage Pet Grooming Glove Dogs Cats Pet  supplies,4.6,21936,167 sold,7270,167.0,Higiene,9.995929987925688,8.891649112650057,5.123963979403259,en,Fashion Rubber Pet Bath Brush Environmental Protection Silicone Glove for Pet Massage Pet Grooming Glove Dogs Cats Pet  supplies,Fashion Rubber Pet Bath,Cachorro
20PCS Dog Accessories Bulk Fashion Dog Bow Tie Lace Dog Supplies Small Dog Bowties Pet Products Dog Accessories For Small Dogs,4.9,43,267 sold,191,267.0,Outros,3.784189633918261,5.2574953720277815,5.5909869805108565,en,20PCS Dog Accessories Bulk Fashion Dog Bow Tie Lace Dog Supplies Small Dog Bowties Pet Products Dog Accessories For Small Dogs,20PCS Dog Accessories Bulk,Cachorro
Waste Bags Dispenser Flashlight Poop Connection Holder Pet Litter Box with Light Pet Leash Pendant Outdoor Equipment Dog,4.5,11,14 sold,6,14.0,Acessórios,2.4849066497880004,1.9459101490553128,2.70805020110221,en,Waste Bags Dispenser Flashlight Poop Connection Holder Pet Litter Box with Light Pet Leash Pendant Outdoor Equipment Dog,Waste Bags Dispenser Flashlight,Cachorro
Cat Dog Paw Print Ink Kit Pad Safe Non-toxic Easy DIY Clean Touch Inkless Pet Souvenir,0.0,3,7 sold,7,7.0,Higiene,1.3862943611198906,2.079441541679836,2.079441541679836,en,Cat Dog Paw Print Ink Kit Pad Safe Non-toxic Easy DIY Clean Touch Inkless Pet Souvenir,Cat Dog Paw Print,Cachorro
Fluffy Dog Bed Large Pet Products Dogs Beds Small Sofa Baskets Pets Kennel Mat Puppy Cats Supplies Basket Blanket Accessories,4.6,674,"1,000+ sold",3332,1000.0,Conforto,6.51471269087253,8.11162807830774,6.90875477931522,en,Fluffy Dog Bed Large Pet Products Dogs Beds Small Sofa Baskets Pets Kennel Mat Puppy Cats Supplies Basket Blanket Accessories,Fluffy Dog Bed Large,Cachorro
Plush Dog Toys Carrot Pulling Interactive Training Toys for Small Medium Dogs Cats Bite Resistant Puppy Chew Toy Pet supplies,4.2,229,"1,000+ sold",1304,1000.0,Brinquedos,5.438079308923196,7.173958319756794,6.90875477931522,en,Plush Dog Toys Carrot Pulling Interactive Training Toys for Small Medium Dogs Cats Bite Resistant Puppy Chew Toy Pet supplies,Plush Dog Toys Carrot,Cachorro
Dogs Accessories Pets Dog Toothbrush Puppy Supplies Teddy Tooth Brush Pet Products Teeth Grooming Equipment for Dogs Appliances,4.8,76,375 sold,363,375.0,Higiene,4.343805421853684,5.8971538676367405,5.929589143389895,en,Dogs Accessories Pets Dog Toothbrush Puppy Supplies Teddy Tooth Brush Pet Products Teeth Grooming Equipment for Dogs Appliances,Dogs Accessories Pets Dog,Cachorro
3Pcs/Set Dog Grooming Belly Strap D-rings Bathing Band Pet Supplies Adjustable Free Size Pet Traction Belt Collar Dog Harness,5.0,133,135 sold,58,135.0,Acessórios,4.897839799950911,4.07753744390572,4.912654885736052,en,3Pcs/Set Dog Grooming Belly Strap D-rings Bathing Band Pet Supplies Adjustable Free Size Pet Traction Belt Collar Dog Harness,3Pcs/Set Dog Grooming Belly,Cachorro
Pet Poop Bag Canvas Garbage Bags Dispenser Portable Dog Poop Waste Bag Holder Outdoor Puppy Cat Outdoor Pick Up Pets Supplies,4.7,262,221 sold,171,221.0,Outros,5.572154032177765,5.147494476813453,5.402677381872279,nl,Pet Poop Bag Canvas Garbage Bags Dispenser Portable Dog Poop Waste Bag Holder Outdoor Puppy Cat Outdoor Pick Up Pets Supplies,Pet Poop Bag Canvas,Cachorro
2024 New Catnip Ball Lickable Cat Grass Snack Catnip Ball Kitten Playing Chewing Cleaning Teeth Toy Cat pet supplies Scratchers,4.5,29978,29 sold,6,29.0,Brinquedos,10.3082524155299,1.9459101490553128,3.4011973816621555,en,2024 New Catnip Ball Lickable Cat Grass Snack Catnip Ball Kitten Playing Chewing Cleaning Teeth Toy Cat pet supplies Scratchers,2024 New Catnip Ball,Gato
Pet Nylon Leash Supplies Dog Leash Double Hook Traction Rope Running Belt Rope Adjustable Waist Imitation Stainless Steel Hook,4.9,261,113 sold,52,113.0,Acessórios,5.568344503761097,3.970291913552122,4.736198448394496,en,Pet Nylon Leash Supplies Dog Leash Double Hook Traction Rope Running Belt Rope Adjustable Waist Imitation Stainless Steel Hook,Pet Nylon Leash Supplies,Cachorro
Portable 2 in 1 Pet Dog Water Bottle Dispenser for Small Dogs Cats Walking Leakproof Feeder Containers Bowl Chihuahua Supplies,5.0,105,22 sold,25,22.0,Alimentação,4.663439094112067,3.258096538021482,3.1354942159291497,en,Portable 2 in 1 Pet Dog Water Bottle Dispenser for Small Dogs Cats Walking Leakproof Feeder Containers Bowl Chihuahua Supplies,Portable 2 in 1,Cachorro
Pet cat toy String tubing with feather spring elastic toy pet supplies,4.8,94,308 sold,110,308.0,Brinquedos,4.553876891600541,4.709530201312334,5.733341276897746,en,Pet cat toy String tubing with feather spring elastic toy pet supplies,Pet cat toy String,Gato
TOUA Choice Double Layer EVA Cat Litter Pad Bed Cats Large 75cm Waterproof Sand Basin Filter Kitten Dog Pet Products Accessories,4.7,251,"2,000+ sold",3980,2000.0,Conforto,5.529429087511423,8.289288323000317,7.601402334583733,en,TOUA Choice Double Layer EVA Cat Litter Pad Bed Cats Large 75cm Waterproof Sand Basin Filter Kitten Dog Pet Products Accessories,TOUA Choice Double Layer,Cachorro
Cat Litter Mat Waterproof Double Layer Pet Litter Box Mat Pet Toilet Cat Mat Nonslip Sand Cat Washable Mat Pet Clean Supplies,4.7,123,"1,000+ sold",3017,1000.0,Conforto,4.820281565605037,8.012349639327795,6.90875477931522,en,Cat Litter Mat Waterproof Double Layer Pet Litter Box Mat Pet Toilet Cat Mat Nonslip Sand Cat Washable Mat Pet Clean Supplies,Cat Litter Mat Waterproof,Gato
Fashion Pet Triangle Bandana Adjustable Cute Pattern Chihuahua Neckerchief Puppy Soft Cotton Scraf Dog Saliva Towel Pet Supplies,4.8,1875,43 sold,15,43.0,Outros,7.53689712956617,2.772588722239781,3.784189633918261,en,Fashion Pet Triangle Bandana Adjustable Cute Pattern Chihuahua Neckerchief Puppy Soft Cotton Scraf Dog Saliva Towel Pet Supplies,Fashion Pet Triangle Bandana,Cachorro
Lightweight Strong Dog Muzzle Basket Anti-Biting Anti-barking Mouth Cover Dog Adjustable Straps Mask Pet Training Supplies,4.5,13,61 sold,26,61.0,Outros,2.6390573296152584,3.295836866004329,4.127134385045092,en,Lightweight Strong Dog Muzzle Basket Anti-Biting Anti-barking Mouth Cover Dog Adjustable Straps Mask Pet Training Supplies,Lightweight Strong Dog Muzzle,Cachorro
3 In 1 Pet Dog Repeller Anti Barking Device Ultrasonic Dog Repeller Stop Bark Control Training Supplies With LED Flashlight Tool,4.3,46,176 sold,106,176.0,Outros,3.8501476017100575,4.672828834461906,5.176149732573829,en,3 In 1 Pet Dog Repeller Anti Barking Device Ultrasonic Dog Repeller Stop Bark Control Training Supplies With LED Flashlight Tool,3 In 1 Pet,Cachorro
6 Sticks Natural Cat Mint Sticks Cat Catnip Chews Toys Pet Molar Sticks Kittens Cleaning Teeth Bite-resistant Toys Pet Products,4.7,30,349 sold,114,349.0,Brinquedos,3.4339872044851463,4.74493212836325,5.857933154483459,en,6 Sticks Natural Cat Mint Sticks Cat Catnip Chews Toys Pet Molar Sticks Kittens Cleaning Teeth Bite-resistant Toys Pet Products,6 Sticks Natural Cat,Gato
Pet Collar and Leash Set for Small Medium Large Dog Walking Collars Bohemia Style Puppy Cat Collar Pet Supplies Buldog Chihuahua,4.8,121,298 sold,187,298.0,Acessórios,4.804021044733257,5.236441962829949,5.700443573390687,en,Pet Collar and Leash Set for Small Medium Large Dog Walking Collars Bohemia Style Puppy Cat Collar Pet Supplies Buldog Chihuahua,Pet Collar and Leash,Cachorro
Dog Plush Toys Pet Squeaky Animal Toy Dog Bite-Resistant Clean Teeth Chew Toy Pet Supplies Interactive Toys Lion Elephant Monkey,5.0,256,13 sold,3,13.0,Brinquedos,5.54907608489522,1.3862943611198906,2.6390573296152584,en,Dog Plush Toys Pet Squeaky Animal Toy Dog Bite-Resistant Clean Teeth Chew Toy Pet Supplies Interactive Toys Lion Elephant Monkey,Dog Plush Toys Pet,Cachorro
Cuddly Pet Cow Plush Toy - The Perfect Anxiety Relief and Calming Aidfor Cats and Dogs,4.6,56,37 sold,19,37.0,Brinquedos,4.04305126783455,2.995732273553991,3.6375861597263857,en,Cuddly Pet Cow Plush Toy - The Perfect Anxiety Relief and Calming Aidfor Cats and Dogs,Cuddly Pet Cow Plush,Cachorro
ROJECO 5M Automatic Retractable Dog Leash LED Luminous Leading Fashion Light Straps For Dog Puppy Pet Flexi Walking Running Lead,4.7,284,"2,000+ sold",5479,2000.0,Acessórios,5.652489180268651,8.608860379942062,7.601402334583733,en,ROJECO 5M Automatic Retractable Dog Leash LED Luminous Leading Fashion Light Straps For Dog Puppy Pet Flexi Walking Running Lead,ROJECO 5M Automatic Retractable,Cachorro
Pet Plush Toy Cat Dog Puzzle Toy Cute Animals Bite Resistant Interactive Squeaky Pet Dog Teeth Cleaning Chew Toy Pet Supplies,4.9,225,240 sold,1199,240.0,Brinquedos,5.420534999272286,7.090076835776092,5.484796933490655,en,Pet Plush Toy Cat Dog Puzzle Toy Cute Animals Bite Resistant Interactive Squeaky Pet Dog Teeth Cleaning Chew Toy Pet Supplies,Pet Plush Toy Cat,Cachorro
Pet Toilet Small Dog And Dog Urine Cleaning Supplies Cat And Dog Pet Bedpan Tray Cat Shampoo Bedpan Pet Cleaning Supplies,3.0,11,10 sold,13,10.0,Conforto,2.4849066497880004,2.6390573296152584,2.3978952727983707,en,Pet Toilet Small Dog And Dog Urine Cleaning Supplies Cat And Dog Pet Bedpan Tray Cat Shampoo Bedpan Pet Cleaning Supplies,Pet Toilet Small Dog,Cachorro
Dog Molar Toy Food Grade Silicone BPA Cute Little Monster Dog Tooth Cleaning Interactive Bite Resistant Sound Toy Pet Supplies,4.7,20,213 sold,330,213.0,Brinquedos,3.044522437723423,5.802118375377063,5.365976015021851,en,Dog Molar Toy Food Grade Silicone BPA Cute Little Monster Dog Tooth Cleaning Interactive Bite Resistant Sound Toy Pet Supplies,Dog Molar Toy Food,Cachorro
Pet Double Finger Toothbrush Super Soft TPR Pet Teeth Cleaning Tooth Brush Bad Breath Care Nontoxic Dog Cat Cleaning Supplies,5.0,10,16 sold,2,16.0,Higiene,2.3978952727983707,1.0986122886681098,2.833213344056216,en,Pet Double Finger Toothbrush Super Soft TPR Pet Teeth Cleaning Tooth Brush Bad Breath Care Nontoxic Dog Cat Cleaning Supplies,Pet Double Finger Toothbrush,Cachorro
Dogs Collars Anti Loss Pendant Waterproof Safety LED Flashing Light USB Rechargeable LED Light Pendant For Dogs Cats Pets,4.9,68,"1,000+ sold",658,1000.0,Acessórios,4.23410650459726,6.490723534502507,6.90875477931522,en,Dogs Collars Anti Loss Pendant Waterproof Safety LED Flashing Light USB Rechargeable LED Light Pendant For Dogs Cats Pets,Dogs Collars Anti Loss,Cachorro
Pet Comb Pet Tear Stain Remover Dog Grooming Comb Gently Removes Mucus and Crust Small Lice Flea Combs for Dogs Cats Supplies,0.0,46,19 sold,5,19.0,Higiene,3.8501476017100575,1.791759469228055,2.995732273553991,en,Pet Comb Pet Tear Stain Remover Dog Grooming Comb Gently Removes Mucus and Crust Small Lice Flea Combs for Dogs Cats Supplies,Pet Comb Pet Tear,Cachorro
Collapsible Pet Silicone Dog Food Water Bowl With Bowl Lip Pet Outdoor Travel Portable Puppy Dishes with Carabiner Pet Supplies,4.8,255,81 sold,169,81.0,Alimentação,5.545177444479562,5.135798437050262,4.406719247264253,en,Collapsible Pet Silicone Dog Food Water Bowl With Bowl Lip Pet Outdoor Travel Portable Puppy Dishes with Carabiner Pet Supplies,Collapsible Pet Silicone Dog,Cachorro
HOOPET Dog Cat Automatic Food Feeder Water Drinker Bottle Puppy Kitten Hanging Food Dispenser Water Container Pet Supplies,5.0,1001,10 sold,10,10.0,Alimentação,6.90975328164481,2.3978952727983707,2.3978952727983707,en,HOOPET Dog Cat Automatic Food Feeder Water Drinker Bottle Puppy Kitten Hanging Food Dispenser Water Container Pet Supplies,HOOPET Dog Cat Automatic,Cachorro
New Pet Toys Squeak Toys Latex Corn shape Puppy Dogs Toy Pet Supplies Training Playing Chewing Dog Toys For Small Dogs,4.8,487,349 sold,505,349.0,Brinquedos,6.190315405853148,6.226536669287466,5.857933154483459,en,New Pet Toys Squeak Toys Latex Corn shape Puppy Dogs Toy Pet Supplies Training Playing Chewing Dog Toys For Small Dogs,New Pet Toys Squeak,Cachorro
Catnip Balls Cat Mint Toy Grinding Teeth Mint Ball Edible Safety Healthy Snack Rotatable Wall Stick-on Toys for Pet Supplies,5.0,7860,91 sold,61,91.0,Brinquedos,8.969669103793757,4.127134385045092,4.5217885770490405,en,Catnip Balls Cat Mint Toy Grinding Teeth Mint Ball Edible Safety Healthy Snack Rotatable Wall Stick-on Toys for Pet Supplies,Catnip Balls Cat Mint,Gato
Puppy Dog Plush Squeaky Toys for Small Medium Dogs Bone Aggressive Chewers for Pet Cat Products Puppy Accessories,5.0,161,46 sold,18,46.0,Brinquedos,5.087596335232384,2.9444389791664403,3.8501476017100575,en,Puppy Dog Plush Squeaky Toys for Small Medium Dogs Bone Aggressive Chewers for Pet Cat Products Puppy Accessories,Puppy Dog Plush Squeaky,Cachorro
Cat Toys Interactive Molar Cotton Rope Toys Silvervine Cat Teaser Toy Clean Mouth Kitten Play Toy Pet Supplies Accessories,4.8,263,129 sold,33,129.0,Brinquedos,5.575949103146316,3.5263605246161616,4.867534450455582,en,Cat Toys Interactive Molar Cotton Rope Toys Silvervine Cat Teaser Toy Clean Mouth Kitten Play Toy Pet Supplies Accessories,Cat Toys Interactive Molar,Gato
Bed for Dog Cat Pet Square Plush Kennel Medium Small Dog Sofa Bed Cushion Pet Calming Dog Bed House Pet Supplies Accessories,4.4,2689,"1,000+ sold",1713,1000.0,Brinquedos,7.897296472595885,7.446585099157725,6.90875477931522,en,Bed for Dog Cat Pet Square Plush Kennel Medium Small Dog Sofa Bed Cushion Pet Calming Dog Bed House Pet Supplies Accessories,Bed for Dog Cat,Cachorro
"Non-toxic Pet Footprint Pad, Dog Footprint Pad, Safe Printing Pad, Baby Paw Print, Ink-free",4.0,131,38 sold,27,38.0,Sanitário,4.882801922586371,3.332204510175204,3.6635616461296463,en,"Non-toxic Pet Footprint Pad, Dog Footprint Pad, Safe Printing Pad, Baby Paw Print, Ink-free","Non-toxic Pet Footprint Pad,",Cachorro
Pet Finger Teeth Cleaning & Eye Cleaning Wipes Set For Dogs & Cats Remove Bad Breath & Tartar Pet Tooth & Eye Cleaning Products,0.0,5,0 sold,0,0.0,Higiene,1.791759469228055,0.0,0.0,en,Pet Finger Teeth Cleaning & Eye Cleaning Wipes Set For Dogs & Cats Remove Bad Breath & Tartar Pet Tooth & Eye Cleaning Products,Pet Finger Teeth Cleaning,Cachorro
4 Speeds Motion Undercover Mouse Fabric Moving Feather Interactive Pet Toy For Cat Kitty Automatic Electric Cat Toy Plate,4.5,130,"1,000+ sold",2466,1000.0,Brinquedos,4.875197323201151,7.810758116529357,6.90875477931522,en,4 Speeds Motion Undercover Mouse Fabric Moving Feather Interactive Pet Toy For Cat Kitty Automatic Electric Cat Toy Plate,4 Speeds Motion Undercover,Gato
Silicone Flying Saucer Funny Dog Cat Toy Dog Game Flying Discs Resistant Chew Puppy Training Interactive Pet Supplies,4.7,1480,119 sold,38,119.0,Brinquedos,7.300472814267799,3.6635616461296463,4.787491742782046,en,Silicone Flying Saucer Funny Dog Cat Toy Dog Game Flying Discs Resistant Chew Puppy Training Interactive Pet Supplies,Silicone Flying Saucer Funny,Cachorro
TOUA Choice Interactive Pet Toy Cat Tunnel Cat Nest Wear-resistant Polyester Material with Funny Cat Ball Funny Cat Supply,5.0,23,21 sold,23,21.0,Brinquedos,3.1780538303479458,3.1780538303479458,3.091042453358316,en,TOUA Choice Interactive Pet Toy Cat Tunnel Cat Nest Wear-resistant Polyester Material with Funny Cat Ball Funny Cat Supply,TOUA Choice Interactive Pet,Gato
1PC Dog Toy Carrot Knot Rope Ball Cotton Rope Dumbbell Puppy Cleaning Teeth Chew Toy Durable Braided Bite Resistant Pet Supplies,4.5,13032,500+ sold,1044,500.0,Brinquedos,9.47523988153072,6.951772164398911,6.2166061010848646,en,1PC Dog Toy Carrot Knot Rope Ball Cotton Rope Dumbbell Puppy Cleaning Teeth Chew Toy Durable Braided Bite Resistant Pet Supplies,1PC Dog Toy Carrot,Cachorro
Dog Leash Reflective Short Leashes for Large Dogs Walking Explosion-proof Dog Walker Soft Handle Big Dogs Leashes Pet Supplies,4.8,7750,80 sold,203,80.0,Acessórios,8.955577146281511,5.318119993844216,4.394449154672439,en,Dog Leash Reflective Short Leashes for Large Dogs Walking Explosion-proof Dog Walker Soft Handle Big Dogs Leashes Pet Supplies,Dog Leash Reflective Short,Cachorro
100Pcs Birds Pigeon Foot Rings Small Poultry Foot Ring 10 Colors Plastic Dove Clip Quail Pigeon Foot Ring Pet Bird Supplies,4.4,11524,93 sold,338,93.0,Outros,9.352273867864849,5.82600010738045,4.543294782270004,en,100Pcs Birds Pigeon Foot Rings Small Poultry Foot Ring 10 Colors Plastic Dove Clip Quail Pigeon Foot Ring Pet Bird Supplies,100Pcs Birds Pigeon Foot,Pássaro
Pet Sleeping Pad Thickened Autumn and Winter Warm Floor Mat Cat Dog Universal Blanket Pad pet supplies,4.5,16442,"1,000+ sold",1105,1000.0,Conforto,9.707655133714226,7.00850518208228,6.90875477931522,en,Pet Sleeping Pad Thickened Autumn and Winter Warm Floor Mat Cat Dog Universal Blanket Pad pet supplies,Pet Sleeping Pad Thickened,Cachorro
Hot wood polygonum cat-teasing toys cat snacks self hi nibble teeth cleaning natural molar stick pet supplies,0.0,997,3 sold,1,3.0,Brinquedos,6.905753276311464,0.6931471805599453,1.3862943611198906,en,Hot wood polygonum cat-teasing toys cat snacks self hi nibble teeth cleaning natural molar stick pet supplies,Hot wood polygonum cat-teasing,Gato
Cute Pet Birthday Caps/Bibs Costume Pet Cat Dog Happy Birthday Hat Bib Accessories for Party Decoration Supplies Cat Hat,5.0,35,62 sold,40,62.0,Outros,3.58351893845611,3.713572066704308,4.143134726391533,en,Cute Pet Birthday Caps/Bibs Costume Pet Cat Dog Happy Birthday Hat Bib Accessories for Party Decoration Supplies Cat Hat,Cute Pet Birthday Caps/Bibs,Cachorro
Silicone Dog Treat Bag Pet Portable Dog Training Waist Bag Outdoor Feeder Puppy Snack Pouch Food Reward Storage Bag Pet Supplies,0.0,39,7 sold,7,7.0,Alimentação,3.688879454113936,2.079441541679836,2.079441541679836,en,Silicone Dog Treat Bag Pet Portable Dog Training Waist Bag Outdoor Feeder Puppy Snack Pouch Food Reward Storage Bag Pet Supplies,Silicone Dog Treat Bag,Cachorro
10pcs Dog Tie Small Dog Gromoong Accessories Pet Dog Cat Bowties Neckties Small Dog Puppy Bow Tie Pet Supplies For Small Dogs,4.7,229,93 sold,416,93.0,Outros,5.438079308923196,6.0330862217988015,4.543294782270004,en,10pcs Dog Tie Small Dog Gromoong Accessories Pet Dog Cat Bowties Neckties Small Dog Puppy Bow Tie Pet Supplies For Small Dogs,10pcs Dog Tie Small,Cachorro
40pcs Pet Dog Bowtie Lace Small Dog Cat Grooming Bows For Dogs Pets Grooming Accessories Pet Supplies For Small Dogs,5.0,29,29 sold,14,29.0,Higiene,3.4011973816621555,2.70805020110221,3.4011973816621555,en,40pcs Pet Dog Bowtie Lace Small Dog Cat Grooming Bows For Dogs Pets Grooming Accessories Pet Supplies For Small Dogs,40pcs Pet Dog Bowtie,Cachorro
Pet Hanging Water Dispenser Non Slip Detachable Leak-Proof Cat Dog Automatic Water Drinker For Dog And Cat Supplies 1pc 2023,5.0,110,58 sold,23,58.0,Conforto,4.709530201312334,3.1780538303479458,4.07753744390572,en,Pet Hanging Water Dispenser Non Slip Detachable Leak-Proof Cat Dog Automatic Water Drinker For Dog And Cat Supplies 1pc 2023,Pet Hanging Water Dispenser,Cachorro
Dog Water Bottle Portable Puppy Drinking Food Feeder For Small Medium Dogs Cats Outdoor Leak Proof Corgi Beagle Pet Supplies,0.0,110,3 sold,3,3.0,Alimentação,4.709530201312334,1.3862943611198906,1.3862943611198906,en,Dog Water Bottle Portable Puppy Drinking Food Feeder For Small Medium Dogs Cats Outdoor Leak Proof Corgi Beagle Pet Supplies,Dog Water Bottle Portable,Cachorro
New Pet Hammock Cat Swing Hand Woven Cotton Rope Cats Hanging Basket  Kitten Hanging String Den Indoor Pend Nest Pets Supplies,4.7,93,800+ sold,9184,800.0,Outros,4.543294782270004,9.125326997649228,6.68586094706836,en,New Pet Hammock Cat Swing Hand Woven Cotton Rope Cats Hanging Basket  Kitten Hanging String Den Indoor Pend Nest Pets Supplies,New Pet Hammock Cat,Gato
Steamy Dog Brush Electric Spray Cat Hair Brush 3 in1 Dog Steamer Brush for Massage Pet Grooming Removing Tangled and Loose Hair,4.7,7852,322 sold,115,322.0,Higiene,8.968650903374874,4.7535901911063645,5.777652323222656,en,Steamy Dog Brush Electric Spray Cat Hair Brush 3 in1 Dog Steamer Brush for Massage Pet Grooming Removing Tangled and Loose Hair,Steamy Dog Brush Electric,Cachorro
Pet Toys Plush Soundmaking Dog Supplies Durable and Bite Resistant Fox and Squirrel Pet Toys,4.6,3028,177 sold,101,177.0,Brinquedos,8.015987811027237,4.624972813284271,5.181783550292085,en,Pet Toys Plush Soundmaking Dog Supplies Durable and Bite Resistant Fox and Squirrel Pet Toys,Pet Toys Plush Soundmaking,Cachorro
1PC Cute Rubber Sound Pig Grunting Squeak Latex Pet Chew Toys for Dog Squeaker Chew Training Puppy Supplies Pet Products,4.6,42,317 sold,106,317.0,Brinquedos,3.7612001156935615,4.672828834461906,5.762051382780177,en,1PC Cute Rubber Sound Pig Grunting Squeak Latex Pet Chew Toys for Dog Squeaker Chew Training Puppy Supplies Pet Products,1PC Cute Rubber Sound,Cachorro
Catnip Cat Ball Smart Toys for Cats Kitten Training Supplies with Catnip Storage Box Automatic Magic Ball Game Cats Pet Products,4.8,77,56 sold,27,56.0,Brinquedos,4.356708826689592,3.332204510175204,4.04305126783455,en,Catnip Cat Ball Smart Toys for Cats Kitten Training Supplies with Catnip Storage Box Automatic Magic Ball Game Cats Pet Products,Catnip Cat Ball Smart,Gato
High Quality 5mm*3m Lengthen Steel Wire Dogs Rope Chain Durable Double-end Dogs Leash Cable Dual Heads Metal Hooks Pet Supplies,4.9,38,144 sold,62,144.0,Acessórios,3.6635616461296463,4.143134726391533,4.976733742420574,en,High Quality 5mm*3m Lengthen Steel Wire Dogs Rope Chain Durable Double-end Dogs Leash Cable Dual Heads Metal Hooks Pet Supplies,High Quality 5mm*3m Lengthen,Cachorro
Cat Dog Paw Print Ink Kit Pad Safe Non-toxic Baby Footprints Newborn Shower Handprint Easy Diy Clean Touch Inkless Pet Souvenir,5.0,386,10 sold,2,10.0,Higiene,5.958424693029782,1.0986122886681098,2.3978952727983707,en,Cat Dog Paw Print Ink Kit Pad Safe Non-toxic Baby Footprints Newborn Shower Handprint Easy Diy Clean Touch Inkless Pet Souvenir,Cat Dog Paw Print,Cachorro
Pet Supplies Silicone Licking Mat Cat Slow Feeder With Suction Cup Slow Feeding Pad Dog Licking Pad Anxiety-relieving Utensils,5.0,13,22 sold,44,22.0,Alimentação,2.6390573296152584,3.80666248977032,3.1354942159291497,en,Pet Supplies Silicone Licking Mat Cat Slow Feeder With Suction Cup Slow Feeding Pad Dog Licking Pad Anxiety-relieving Utensils,Pet Supplies Silicone Licking,Cachorro
Super Soft Dog Bed Warm Thicken Pet Sofa for Small Medium Dogs Cats Non-slip Cozy Cat Sleeping Mat Puppy Kennel Pet Supplies,5.0,6,30 sold,157,30.0,Conforto,1.9459101490553128,5.062595033026967,3.4339872044851463,en,Super Soft Dog Bed Warm Thicken Pet Sofa for Small Medium Dogs Cats Non-slip Cozy Cat Sleeping Mat Puppy Kennel Pet Supplies,Super Soft Dog Bed,Cachorro
Cat Toys Launch Training Interactive Shooter Gun Teaser Plush Ball Pet Creative Games Stretch Mini Pompoms Kittens Supplies,4.9,77,46 sold,23,46.0,Brinquedos,4.356708826689592,3.1780538303479458,3.8501476017100575,en,Cat Toys Launch Training Interactive Shooter Gun Teaser Plush Ball Pet Creative Games Stretch Mini Pompoms Kittens Supplies,Cat Toys Launch Training,Gato
Dog Poop Bag Holder Pet Waste Carrier Clip Hands-Free Dog Leash Dispenser Outdoor Walking Puppy Poop Bags Clip Easy To Carry,4.8,92,180 sold,85,180.0,Acessórios,4.532599493153256,4.454347296253507,5.198497031265826,en,Dog Poop Bag Holder Pet Waste Carrier Clip Hands-Free Dog Leash Dispenser Outdoor Walking Puppy Poop Bags Clip Easy To Carry,Dog Poop Bag Holder,Cachorro
10Pcs Dog Neckties ST Patrick's day Pet Supplies  Pet Dog Cat Bow Tie Neckties White Green Dog Bows Pet Bowties Dogs Supplies,5.0,93,7 sold,1,7.0,Outros,4.543294782270004,0.6931471805599453,2.079441541679836,en,10Pcs Dog Neckties ST Patrick's day Pet Supplies  Pet Dog Cat Bow Tie Neckties White Green Dog Bows Pet Bowties Dogs Supplies,10Pcs Dog Neckties ST,Cachorro
Pet Supplies Dog Cat Anti Choking Feeding Food Bowls Puppy Slow Down Eating Feeder Dish Prevent Obesity New Product Variety,5.0,20,30 sold,28,30.0,Alimentação,3.044522437723423,3.367295829986474,3.4339872044851463,en,Pet Supplies Dog Cat Anti Choking Feeding Food Bowls Puppy Slow Down Eating Feeder Dish Prevent Obesity New Product Variety,Pet Supplies Dog Cat,Cachorro
Cat Interactive Funny Gesture Toys Mini Multi-Style Teasing Cat Plastic Finger Human Fake Hand Gloves Pet Toys Supplies,4.1,240,161 sold,66,161.0,Brinquedos,5.484796933490655,4.204692619390966,5.087596335232384,en,Cat Interactive Funny Gesture Toys Mini Multi-Style Teasing Cat Plastic Finger Human Fake Hand Gloves Pet Toys Supplies,Cat Interactive Funny Gesture,Gato
Pet Dog Ball Chew Toys Funny Bouncy Rubber Solid Ball for Small Large Dog Toys Outdoor Throwing Training Toys Supplies,0.0,13,25 sold,1,25.0,Brinquedos,2.6390573296152584,0.6931471805599453,3.258096538021482,en,Pet Dog Ball Chew Toys Funny Bouncy Rubber Solid Ball for Small Large Dog Toys Outdoor Throwing Training Toys Supplies,Pet Dog Ball Chew,Cachorro
Dog Latex Toys Sound Squeaky Elephant Cow Animal Chew Pet Rubber Vocal Toys For Small Large Dogs Bite Resistant Interactive Toy,4.8,74,180 sold,54,180.0,Brinquedos,4.31748811353631,4.007333185232471,5.198497031265826,en,Dog Latex Toys Sound Squeaky Elephant Cow Animal Chew Pet Rubber Vocal Toys For Small Large Dogs Bite Resistant Interactive Toy,Dog Latex Toys Sound,Cachorro
"3 pcs Finger set toothbrush, oral cleaning toothbrush, pet toothbrush Dog Supplies Pet Products",4.7,27,78 sold,14,78.0,Higiene,3.332204510175204,2.70805020110221,4.3694478524670215,en,"3 pcs Finger set toothbrush, oral cleaning toothbrush, pet toothbrush Dog Supplies Pet Products",3 pcs Finger set,Cachorro
Plush Dog Toy Tropical Sea Series Squid/Seahorse/Shark/ Crab Soft Squeaky Toys Small Large Dogs Puppy Pets Training Accessories,4.9,142,94 sold,296,94.0,Brinquedos,4.962844630259907,5.6937321388027,4.553876891600541,en,Plush Dog Toy Tropical Sea Series Squid/Seahorse/Shark/ Crab Soft Squeaky Toys Small Large Dogs Puppy Pets Training Accessories,Plush Dog Toy Tropical,Cachorro
New Dog Retractable Leash Wrist Strap Hands Free Pet Leash Automatic Bracelet Adjustable Walker Lead Rope Accessories Supplies,4.9,12,123 sold,135,123.0,Acessórios,2.5649493574615367,4.912654885736052,4.820281565605037,en,New Dog Retractable Leash Wrist Strap Hands Free Pet Leash Automatic Bracelet Adjustable Walker Lead Rope Accessories Supplies,New Dog Retractable Leash,Cachorro
Windmill Cat Toy Interactive Pet Toys for Cats Puzzle Cat Game Toy With Whirligig Turntable for Kitten Brush Teeth Pet Supplies,4.4,1884,280 sold,6962,280.0,Brinquedos,7.541683099882111,8.848365694942547,5.638354669333745,en,Windmill Cat Toy Interactive Pet Toys for Cats Puzzle Cat Game Toy With Whirligig Turntable for Kitten Brush Teeth Pet Supplies,Windmill Cat Toy Interactive,Gato
10PCS Dog Bows Cotton Red Series Pet Dogs Hair Bows for Rubber Bands Fashion Puppy Bow Grooming Accessories for Cat Dog Supplies,4.8,87,21 sold,13,21.0,Higiene,4.477336814478207,2.6390573296152584,3.091042453358316,en,10PCS Dog Bows Cotton Red Series Pet Dogs Hair Bows for Rubber Bands Fashion Puppy Bow Grooming Accessories for Cat Dog Supplies,10PCS Dog Bows Cotton,Cachorro
Portable Indoor Sand Shovels Durable Plastic Practical Cleaning Cat Pet Litter Scoop Shovel Pets Supplies Large Scooper,4.3,37,33 sold,21,33.0,Higiene,3.6375861597263857,3.091042453358316,3.5263605246161616,en,Portable Indoor Sand Shovels Durable Plastic Practical Cleaning Cat Pet Litter Scoop Shovel Pets Supplies Large Scooper,Portable Indoor Sand Shovels,Gato
2021 New Pet Poop Bag Holder Hands-free Fixed Clip Dog Walking Cleaning Supplies Pet Cat Dog Poop Bag Dispenser,4.9,291,199 sold,256,199.0,Higiene,5.676753802268282,5.54907608489522,5.298317366548036,en,2021 New Pet Poop Bag Holder Hands-free Fixed Clip Dog Walking Cleaning Supplies Pet Cat Dog Poop Bag Dispenser,2021 New Pet Poop,Cachorro
Interactive Launch Training Cat Toys Creative Kittens Mini Pompoms Games Stretch Plush Ball Toys Cat Supplies Pet Accessories,4.8,298,"2,000+ sold",12910,2000.0,Brinquedos,5.700443573390687,9.46583494017472,7.601402334583733,en,Interactive Launch Training Cat Toys Creative Kittens Mini Pompoms Games Stretch Plush Ball Toys Cat Supplies Pet Accessories,Interactive Launch Training Cat,Gato
Adjustable Dog Car Seat Belt Pet Harness Lead Safety Dog Collar With Nylon Fabric Tether For Car Travel Supplies Dog Accessories,4.7,586,14 sold,3,14.0,Acessórios,6.375024819828097,1.3862943611198906,2.70805020110221,en,Adjustable Dog Car Seat Belt Pet Harness Lead Safety Dog Collar With Nylon Fabric Tether For Car Travel Supplies Dog Accessories,Adjustable Dog Car Seat,Cachorro
Funny Cat Toy Interactive Teaser Training Toys Flying Disc Spinning Gyro Launching Game Toy Teasing Pet Supplies Dog Toys Access,4.6,55,54 sold,12,54.0,Brinquedos,4.02535169073515,2.5649493574615367,4.007333185232471,en,Funny Cat Toy Interactive Teaser Training Toys Flying Disc Spinning Gyro Launching Game Toy Teasing Pet Supplies Dog Toys Access,Funny Cat Toy Interactive,Cachorro
Dog Water Bottle Portable Travel Pet Drinker Leak Proof Dog Bowl Food Cat Fountain Outdoor Walking Drinking Bottle Dogs Feeder,4.9,5865,110 sold,193,110.0,Alimentação,8.676928249537397,5.267858159063328,4.709530201312334,en,Dog Water Bottle Portable Travel Pet Drinker Leak Proof Dog Bowl Food Cat Fountain Outdoor Walking Drinking Bottle Dogs Feeder,Dog Water Bottle Portable,Cachorro
120 Rolls Dog Poop Bag Outdoor Cleaning Poop Bag Outdoor Clean Pets Supplies for Dog 15Bags/Roll Refill Garbage Bag Pet Supplies,4.8,10666,148 sold,41,148.0,Higiene,9.274910142625483,3.737669618283368,5.003946305945459,en,120 Rolls Dog Poop Bag Outdoor Cleaning Poop Bag Outdoor Clean Pets Supplies for Dog 15Bags/Roll Refill Garbage Bag Pet Supplies,120 Rolls Dog Poop,Cachorro
Cat toy wooden pole Cute animal shape plush cuddly cat stick with bell interactive fun pet supplies,4.6,36,268 sold,177,268.0,Brinquedos,3.610917912644224,5.181783550292085,5.594711379601839,en,Cat toy wooden pole Cute animal shape plush cuddly cat stick with bell interactive fun pet supplies,Cat toy wooden pole,Gato
Pet Massage Comb Hair Anti Knotting Stainless Steel Blade Detachable Dog Cat Hair Comb Brush Grooming Tools Pet Combs Pet Supply,5.0,48,14 sold,1,14.0,Higiene,3.8918202981106265,0.6931471805599453,2.70805020110221,en,Pet Massage Comb Hair Anti Knotting Stainless Steel Blade Detachable Dog Cat Hair Comb Brush Grooming Tools Pet Combs Pet Supply,Pet Massage Comb Hair,Cachorro
Quality Stainless Steel Pet Flea Remover Tool Scratching Hook Tweezers Clips Set Cat Dog Tick Removal Tool Pet Grooming Supplies,5.0,71,38 sold,47,38.0,Higiene,4.276666119016055,3.871201010907891,3.6635616461296463,en,Quality Stainless Steel Pet Flea Remover Tool Scratching Hook Tweezers Clips Set Cat Dog Tick Removal Tool Pet Grooming Supplies,Quality Stainless Steel Pet,Cachorro
Pet Chew Toys Soft Blue Rubber Durable Molars Training Toy Chihuahua Yorkie Funny Ball Interactive Bone Treat Toys Pet Supplies,2.6,1046,37 sold,24,37.0,Brinquedos,6.953684210870537,3.218875824868201,3.6375861597263857,en,Pet Chew Toys Soft Blue Rubber Durable Molars Training Toy Chihuahua Yorkie Funny Ball Interactive Bone Treat Toys Pet Supplies,Pet Chew Toys Soft,Outros
Hot cat toys Self-amusement cat turntable toy ball fun cat stick cat fun automatic fun cat toy pet supplies,5.0,5984,16 sold,16,16.0,Brinquedos,8.697011617992073,2.833213344056216,2.833213344056216,en,Hot cat toys Self-amusement cat turntable toy ball fun cat stick cat fun automatic fun cat toy pet supplies,Hot cat toys Self-amusement,Gato
350ml Collapsible Dog Pet Folding Silicone Bowl Outdoor Travel Portable Puppy Food Container Feeder Dish Bowl Pet supplies,5.0,44,6 sold,1,6.0,Alimentação,3.80666248977032,0.6931471805599453,1.9459101490553128,en,350ml Collapsible Dog Pet Folding Silicone Bowl Outdoor Travel Portable Puppy Food Container Feeder Dish Bowl Pet supplies,350ml Collapsible Dog Pet,Cachorro
Pet Large Dog Bed Warm House Candy-colored Square Nest Pet Kennel For Small Medium Large Dogs Cat Puppy Plus Size Dog Baskets,0.0,92,15 sold,8,15.0,Conforto,4.532599493153256,2.19722457733622,2.772588722239781,en,Pet Large Dog Bed Warm House Candy-colored Square Nest Pet Kennel For Small Medium Large Dogs Cat Puppy Plus Size Dog Baskets,Pet Large Dog Bed,Cachorro
Pet Puppy Cat Pick Up Poop Bag Dispenser Portable Dog Poop Waste Bag Holder Outdoor Pets Supplies Garbage Bags Organizer,4.8,19,88 sold,51,88.0,Outros,2.995732273553991,3.951243718581428,4.48863636973214,de,Pet Puppy Cat Pick Up Poop Bag Dispenser Portable Dog Poop Waste Bag Holder Outdoor Pets Supplies Garbage Bags Organizer,Pet Puppy Cat Pick,Cachorro
Pet Toy Set Cat Toy Set With Catmint Kitten Plush Catnip Toy With Scent Cat Mini Catnip Chewing Toy Teeth Grinding Pet Supplies,4.8,522,500+ sold,505,500.0,Brinquedos,6.259581464064923,6.226536669287466,6.2166061010848646,en,Pet Toy Set Cat Toy Set With Catmint Kitten Plush Catnip Toy With Scent Cat Mini Catnip Chewing Toy Teeth Grinding Pet Supplies,Pet Toy Set Cat,Gato
4Pieces Colorful Sisal Interactive Ball Cat Toy Pet Supplies Feather Cat Training Catcher Cat Accessories Random Color Toy Ball,4.8,5,191 sold,67,191.0,Brinquedos,1.791759469228055,4.219507705176107,5.2574953720277815,en,4Pieces Colorful Sisal Interactive Ball Cat Toy Pet Supplies Feather Cat Training Catcher Cat Accessories Random Color Toy Ball,4Pieces Colorful Sisal Interactive,Gato
1pc Stool-Shaped Silicone Pet Garbage Bag Dispenser Cat And Dog Hang-Out Buckle Portable Pet Toilet Bag Storage Box Dog Supplies,5.0,189,12 sold,7,12.0,Outros,5.247024072160486,2.079441541679836,2.5649493574615367,no,1pc Stool-Shaped Silicone Pet Garbage Bag Dispenser Cat And Dog Hang-Out Buckle Portable Pet Toilet Bag Storage Box Dog Supplies,1pc Stool-Shaped Silicone Pet,Cachorro
Pet Dog Muzzle Breathable Basket Muzzles Large Dogs Stop Biting Barking Chewing For Greyhound Gree Whippet Dogs supplies,4.7,387,900+ sold,2676,900.0,Brinquedos,5.961005339623274,7.892452043520352,6.803505257608338,en,Pet Dog Muzzle Breathable Basket Muzzles Large Dogs Stop Biting Barking Chewing For Greyhound Gree Whippet Dogs supplies,Pet Dog Muzzle Breathable,Cachorro
Cat Toy Pet Cat Kitten Playing Mouse Rat Mice Ball Cage Toys Pet Supplies Random Color  аксесуари для котів,4.5,10,11 sold,1,11.0,Brinquedos,2.3978952727983707,0.6931471805599453,2.4849066497880004,en,Cat Toy Pet Cat Kitten Playing Mouse Rat Mice Ball Cage Toys Pet Supplies Random Color  аксесуари для котів,Cat Toy Pet Cat,Gato
3.5L Pet Automatic Feeder Water Dispenser Cat Drinker Feeding And Watering Food Feed Drinking Bowl For Dogs Cat Accessories,4.7,35,83 sold,91,83.0,Alimentação,3.58351893845611,4.5217885770490405,4.430816798843313,en,3.5L Pet Automatic Feeder Water Dispenser Cat Drinker Feeding And Watering Food Feed Drinking Bowl For Dogs Cat Accessories,3.5L Pet Automatic Feeder,Cachorro
Behogar Novelty Stretchable Design Pet Dog Cat Training Clicker Agility Clickers Bird Whistle Commander Supply Accessory,4.7,3718,127 sold,891,127.0,Outros,8.22121009392507,6.79346613258001,4.852030263919617,en,Behogar Novelty Stretchable Design Pet Dog Cat Training Clicker Agility Clickers Bird Whistle Commander Supply Accessory,Behogar Novelty Stretchable Design,Cachorro
Fashion Dog Collar With Apple Air tag Case Nylon Pet Collar Reflective Soft Anti-lost Tracking Collar Dog Supplies Suit For Dog,4.6,6,128 sold,151,128.0,Acessórios,1.9459101490553128,5.0238805208462765,4.859812404361672,en,Fashion Dog Collar With Apple Air tag Case Nylon Pet Collar Reflective Soft Anti-lost Tracking Collar Dog Supplies Suit For Dog,Fashion Dog Collar With,Cachorro
1pc Pet Durable Toy Knot Rope Chew Toy for Dogs & Cats Interactive Teeth Cleanning Dog Supplies Random Color,4.7,27,473 sold,156,473.0,Brinquedos,3.332204510175204,5.056245805348308,6.161207321695077,en,1pc Pet Durable Toy Knot Rope Chew Toy for Dogs & Cats Interactive Teeth Cleanning Dog Supplies Random Color,1pc Pet Durable Toy,Cachorro
Pet Leash Automatic Retractable Dog Walker Adjustable Leash Pet Supplies Dog Walking Leash Multi-color Traction Device,4.9,9947,39 sold,14,39.0,Acessórios,9.205126804923296,2.70805020110221,3.688879454113936,en,Pet Leash Automatic Retractable Dog Walker Adjustable Leash Pet Supplies Dog Walking Leash Multi-color Traction Device,Pet Leash Automatic Retractable,Cachorro
6 Rolls 90pcs Dog Poop Bag Pet Supply Litter Bag Printing Cat Dog Poop biodegradable Bag Outdoor Home Clean Refill Garbage Bag,4.5,487,13 sold,9,13.0,Higiene,6.190315405853148,2.302585092994046,2.6390573296152584,en,6 Rolls 90pcs Dog Poop Bag Pet Supply Litter Bag Printing Cat Dog Poop biodegradable Bag Outdoor Home Clean Refill Garbage Bag,6 Rolls 90pcs Dog,Cachorro
dog waste poop bag doggy，biodegradable green compostable cornstarch disposable plastic scented eco friendly pet  doggie poo bag,1.0,418,35 sold,17,35.0,Outros,6.037870919922137,2.8903717578961645,3.58351893845611,en,dog waste poop bag doggy，biodegradable green compostable cornstarch disposable plastic scented eco friendly pet  doggie poo bag,dog waste poop bag,Cachorro
2023 New Pet Dog Hair Clips Dogs Pink Flower Heart Clip Bow Cute Decoration Puppy Hair Bows for Small Dogs Supplies Pet Headwear,4.3,248,50 sold,21,50.0,Outros,5.517452896464707,3.091042453358316,3.9318256327243257,en,2023 New Pet Dog Hair Clips Dogs Pink Flower Heart Clip Bow Cute Decoration Puppy Hair Bows for Small Dogs Supplies Pet Headwear,2023 New Pet Dog,Cachorro
5Pcs Funny Cat Tickling Stick Plush Worms Teaser String with Bells Replacement Catcher Kitten Play Interactive Toy Pet Supplies,5.0,9,37 sold,11,37.0,Brinquedos,2.302585092994046,2.4849066497880004,3.6375861597263857,en,5Pcs Funny Cat Tickling Stick Plush Worms Teaser String with Bells Replacement Catcher Kitten Play Interactive Toy Pet Supplies,5Pcs Funny Cat Tickling,Gato
Pet Cat Dog ID Tag For Dogs Cats Anti Lost Name Label Identification Tube Collar Metal Pendant Tag Pet Supplies Large/small,5.0,1079,17 sold,5,17.0,Acessórios,6.984716320118266,1.791759469228055,2.8903717578961645,en,Pet Cat Dog ID Tag For Dogs Cats Anti Lost Name Label Identification Tube Collar Metal Pendant Tag Pet Supplies Large/small,Pet Cat Dog ID,Cachorro
Dog Cat Super Soft Pet Finger Toothbrush Teeth Cleaning Bad Breath Care Nontoxic Silicone Tooth Brush Dog Cat Cleaning Supplies,5.0,156,26 sold,16,26.0,Higiene,5.056245805348308,2.833213344056216,3.295836866004329,en,Dog Cat Super Soft Pet Finger Toothbrush Teeth Cleaning Bad Breath Care Nontoxic Silicone Tooth Brush Dog Cat Cleaning Supplies,Dog Cat Super Soft,Cachorro
Ultrasonic Dog Repeller LED Flashlight Pet Chaser Training Equipment Double Head Anti Barking Device Dog Supplies German Shepher,4.5,6,19 sold,5,19.0,Outros,1.9459101490553128,1.791759469228055,2.995732273553991,en,Ultrasonic Dog Repeller LED Flashlight Pet Chaser Training Equipment Double Head Anti Barking Device Dog Supplies German Shepher,Ultrasonic Dog Repeller LED,Cachorro
7 Colors Silicone Flying Saucer Funny Dog Cat Toy Dog Game Flying Discs Resistant Chew Puppy Training Interactive Pet Supplies,4.5,492,153 sold,32,153.0,Brinquedos,6.20050917404269,3.49650756146648,5.0369526024136295,en,7 Colors Silicone Flying Saucer Funny Dog Cat Toy Dog Game Flying Discs Resistant Chew Puppy Training Interactive Pet Supplies,7 Colors Silicone Flying,Cachorro
Very Soft Cat Bed Pet Basket Cat House Sofa Small Dog Lounger Cushion Kittens Cave Puppy Mat House Tent Bed Supplies For Cats,4.8,29311,500+ sold,845,500.0,Conforto,10.285752267473857,6.740519359606223,6.2166061010848646,en,Very Soft Cat Bed Pet Basket Cat House Sofa Small Dog Lounger Cushion Kittens Cave Puppy Mat House Tent Bed Supplies For Cats,Very Soft Cat Bed,Cachorro
Pet Dog Puppy Double Knot Chew Rope Knot Toys Clean Teeth Durable Braided Bone Rope Pet Molar Toy Pet Supplies,4.8,471,182 sold,61,182.0,Brinquedos,6.156978985585555,4.127134385045092,5.209486152841421,en,Pet Dog Puppy Double Knot Chew Rope Knot Toys Clean Teeth Durable Braided Bone Rope Pet Molar Toy Pet Supplies,Pet Dog Puppy Double,Cachorro
1 Pc Cat Toys Silvervine Chew Stick Polygonum Kitty Raffia Grass Pet Supplies Cleaning Teeth Stick Pet Bite Cat Toy Hemp Rope,0.0,98,1 sold,1,1.0,Brinquedos,4.59511985013459,0.6931471805599453,0.6931471805599453,en,1 Pc Cat Toys Silvervine Chew Stick Polygonum Kitty Raffia Grass Pet Supplies Cleaning Teeth Stick Pet Bite Cat Toy Hemp Rope,1 Pc Cat Toys,Gato
1 Set Adjustable Dog Ear Stand Corrector Care Tool Ears Erector Stand Up Tool For Dogs Samoyed Doberman Pet Supplies Universal,5.0,4,28 sold,17,28.0,Outros,1.6094379124341005,2.8903717578961645,3.367295829986474,en,1 Set Adjustable Dog Ear Stand Corrector Care Tool Ears Erector Stand Up Tool For Dogs Samoyed Doberman Pet Supplies Universal,1 Set Adjustable Dog,Cachorro
Cat Rainbow Ball Toy Striped Cat Stick Replacement Head Feather Accessories Bell Kitten Catch Playing Interactive Pet Supplies,4.8,174,600+ sold,217,600.0,Brinquedos,5.1647859739235145,5.384495062789089,6.398594934535208,en,Cat Rainbow Ball Toy Striped Cat Stick Replacement Head Feather Accessories Bell Kitten Catch Playing Interactive Pet Supplies,Cat Rainbow Ball Toy,Gato
Pet Dog Bed Sofa Big Dog Bed For Small Medium Large Dog Mats Bench Lounger Cat Chihuahua Puppy Bed Kennel Cat Pet House Supplies,0.0,53043,6 sold,6154,6.0,Conforto,10.878877036797489,8.725020038618554,1.9459101490553128,en,Pet Dog Bed Sofa Big Dog Bed For Small Medium Large Dog Mats Bench Lounger Cat Chihuahua Puppy Bed Kennel Cat Pet House Supplies,Pet Dog Bed Sofa,Cachorro
Bathroom Puppy Big Dog Cat Bath Massage Gloves Brush Soft Safety Silicone Pet Accessories for Dogs Cats Tools Mascotas Products,4.7,242,500+ sold,323,500.0,Higiene,5.493061443340548,5.780743515792329,6.2166061010848646,en,Bathroom Puppy Big Dog Cat Bath Massage Gloves Brush Soft Safety Silicone Pet Accessories for Dogs Cats Tools Mascotas Products,Bathroom Puppy Big Dog,Cachorro
Outdoor Portable Pet Folding Bowl Silicone Dog Feeders with Hanging Hook Cat Dog Bowl Pet Items Dog Food Bowl Mascotas,4.6,630,137 sold,25,137.0,Alimentação,6.447305862541213,3.258096538021482,4.927253685157205,en,Outdoor Portable Pet Folding Bowl Silicone Dog Feeders with Hanging Hook Cat Dog Bowl Pet Items Dog Food Bowl Mascotas,Outdoor Portable Pet Folding,Cachorro
Dog Toys Pet Cotton Rope Slippers Sound Making Toys Dog Teeth Grinding Cleaning Teeth Built-in BB Airbag Round Ball Bell Various,4.7,48,424 sold,280,424.0,Brinquedos,3.8918202981106265,5.638354669333745,6.052089168924417,en,Dog Toys Pet Cotton Rope Slippers Sound Making Toys Dog Teeth Grinding Cleaning Teeth Built-in BB Airbag Round Ball Bell Various,Dog Toys Pet Cotton,Cachorro
Dog Plush Toys Screaming Chicken Funny Pets Interactive Squeaky Chew Toy For Small Large Dogs Supplies,5.0,4,61 sold,13,61.0,Brinquedos,1.6094379124341005,2.6390573296152584,4.127134385045092,en,Dog Plush Toys Screaming Chicken Funny Pets Interactive Squeaky Chew Toy For Small Large Dogs Supplies,Dog Plush Toys Screaming,Cachorro
Professional Pet Deshedding Brush Dog Hair Remover Pet Fur Knot Cutter Puppy Cat Comb Brushes Dogs Grooming Shedding Supplies,5.0,2543,125 sold,104,125.0,Higiene,7.841492924460013,4.653960350157523,4.836281906951478,en,Professional Pet Deshedding Brush Dog Hair Remover Pet Fur Knot Cutter Puppy Cat Comb Brushes Dogs Grooming Shedding Supplies,Professional Pet Deshedding Brush,Cachorro
20PCS Dog Bluk Bow tie Fashion Dog Supplies Small Dog Cat Bowties Pet  Accessories For Dogs Accessories Pet Supplies Dogs,4.8,51,217 sold,90,217.0,Outros,3.951243718581428,4.51085950651685,5.384495062789089,en,20PCS Dog Bluk Bow tie Fashion Dog Supplies Small Dog Cat Bowties Pet  Accessories For Dogs Accessories Pet Supplies Dogs,20PCS Dog Bluk Bow,Cachorro
5/10/30Roll Dog Poop Bags for dog Large Cat Waste Bags Doggie Outdoor Home Clean Refill Garbage Bag Pet Supplies 15 Bags/ Roll,4.8,40,500+ sold,142,500.0,Higiene,3.713572066704308,4.962844630259907,6.2166061010848646,en,5/10/30Roll Dog Poop Bags for dog Large Cat Waste Bags Doggie Outdoor Home Clean Refill Garbage Bag Pet Supplies 15 Bags/ Roll,5/10/30Roll Dog Poop Bags,Cachorro
Cat Bowl Pet Accessories Ceramic Diagonal High Feet Cute Protection Cervical Spine Dog Bowl Drink Water Bowl Pet Supplies,5.0,26,333 sold,931,333.0,Alimentação,3.295836866004329,6.837332814685591,5.811140992976701,en,Cat Bowl Pet Accessories Ceramic Diagonal High Feet Cute Protection Cervical Spine Dog Bowl Drink Water Bowl Pet Supplies,Cat Bowl Pet Accessories,Cachorro
Reflective Dog Harness No Pull Adjustable Dog Harness Vest Breathable Pet ​Harness For Small Medium Large Dog Pet Supplies,5.0,2983,17 sold,9,17.0,Acessórios,8.001019961323651,2.302585092994046,2.8903717578961645,en,Reflective Dog Harness No Pull Adjustable Dog Harness Vest Breathable Pet ​Harness For Small Medium Large Dog Pet Supplies,Reflective Dog Harness No,Cachorro
Donut Mand Dog Accessories for Large Dogs Cat's House Plush Pet Bed for Dog XXL Round Mat For Small Medium Animal Calming 100CM,4.8,102362,"1,000+ sold",16114,1000.0,Brinquedos,11.536280598167808,9.68750579424954,6.90875477931522,en,Donut Mand Dog Accessories for Large Dogs Cat's House Plush Pet Bed for Dog XXL Round Mat For Small Medium Animal Calming 100CM,Donut Mand Dog Accessories,Cachorro
Corner Pet Brush Comb Play Cat Toy Plastic Scratch Bristles Arch Massager Self Grooming Cat Scratcher,4.6,138,600+ sold,1178,600.0,Brinquedos,4.934473933130692,7.072421900537371,6.398594934535208,en,Corner Pet Brush Comb Play Cat Toy Plastic Scratch Bristles Arch Massager Self Grooming Cat Scratcher,Corner Pet Brush Comb,Gato
Pet Pills Applicator Cats Dogs Syringe Medicine Feeder Insect Repellent Supplies Can Clip Pills Cats and Dogs Pet Water Feeder,4.7,26,227 sold,237,227.0,Alimentação,3.295836866004329,5.472270673671475,5.429345628954441,en,Pet Pills Applicator Cats Dogs Syringe Medicine Feeder Insect Repellent Supplies Can Clip Pills Cats and Dogs Pet Water Feeder,Pet Pills Applicator Cats,Cachorro
Dog Poop Bag Outdoor Cleaning Poop Bag Outdoor Clean Pets Supplies for Dog Garbage Bag Pet Supplies,4.6,56,36 sold,7,36.0,Higiene,4.04305126783455,2.079441541679836,3.610917912644224,en,Dog Poop Bag Outdoor Cleaning Poop Bag Outdoor Clean Pets Supplies for Dog Garbage Bag Pet Supplies,Dog Poop Bag Outdoor,Cachorro
Dog Noise-proof Warm Earmuffs Pet Ears Cover Turban Outdoor Dog Cat Soothing Emotions Keep Pet Ears Clean Winter Cat Supplies,4.5,87,186 sold,367,186.0,Higiene,4.477336814478207,5.908082938168931,5.231108616854587,en,Dog Noise-proof Warm Earmuffs Pet Ears Cover Turban Outdoor Dog Cat Soothing Emotions Keep Pet Ears Clean Winter Cat Supplies,Dog Noise-proof Warm Earmuffs,Cachorro
Pet Needle Combs with Non-Slip Handle Small Medium Dog Hair Brushes Hair Removal Knotting Comb Grooming Supplies for Dogs Cats,4.9,91,104 sold,67,104.0,Higiene,4.5217885770490405,4.219507705176107,4.653960350157523,en,Pet Needle Combs with Non-Slip Handle Small Medium Dog Hair Brushes Hair Removal Knotting Comb Grooming Supplies for Dogs Cats,Pet Needle Combs with,Cachorro
3pcs Teaser Toy Cat Wand Rainbow Ribbon Cat Fun Stick Interactive Indoor Healthy Exercise Funny Cat Rod Pet Supplies Kitten Toy,4.8,28,233 sold,57,233.0,Brinquedos,3.367295829986474,4.060443010546419,5.455321115357702,en,3pcs Teaser Toy Cat Wand Rainbow Ribbon Cat Fun Stick Interactive Indoor Healthy Exercise Funny Cat Rod Pet Supplies Kitten Toy,3pcs Teaser Toy Cat,Gato
Large Dog Warmth Dog Nest and Pet Supplies Dog Nest Small Medium Internet Famous Pet Nest Dog Bed Dog Mat Dog Mat Cat Nest,5.0,1560,45 sold,28,45.0,Conforto,7.353081920515432,3.367295829986474,3.828641396489095,en,Large Dog Warmth Dog Nest and Pet Supplies Dog Nest Small Medium Internet Famous Pet Nest Dog Bed Dog Mat Dog Mat Cat Nest,Large Dog Warmth Dog,Cachorro
1/10/30 Rolls Printing Dog Poop Bag Pet Poop Bags Dog Cat Waste Pick Up Clean Bag For Puppy Dogs Random Color Pet Supplies,4.8,49,137 sold,15,137.0,Higiene,3.912023005428146,2.772588722239781,4.927253685157205,en,1/10/30 Rolls Printing Dog Poop Bag Pet Poop Bags Dog Cat Waste Pick Up Clean Bag For Puppy Dogs Random Color Pet Supplies,1/10/30 Rolls Printing Dog,Cachorro
Soft Plush Pet Bed with Cover Round Cat Bed Pet Mattress Warm Cat Dog 2 in 1 Sleeping Nest Cave for Small Dogs,4.8,8677,"10,000+ sold",32805,10000.0,Brinquedos,9.068546366358296,10.398366704472432,9.210440366976515,en,Soft Plush Pet Bed with Cover Round Cat Bed Pet Mattress Warm Cat Dog 2 in 1 Sleeping Nest Cave for Small Dogs,Soft Plush Pet Bed,Cachorro
1Pcs Bone Shaped Poop Bag Dispenser with Bags Pet Dog Waste Bag Holder Plastic Garbage Bag Dispenser Dog Cleaning Supplies,0.0,1097,3 sold,0,3.0,Higiene,7.001245622069476,0.0,1.3862943611198906,en,1Pcs Bone Shaped Poop Bag Dispenser with Bags Pet Dog Waste Bag Holder Plastic Garbage Bag Dispenser Dog Cleaning Supplies,1Pcs Bone Shaped Poop,Cachorro
Outdoor Portable Training Dog Snack Bag Pet Supplies Strong Wear Resistance Large Capacity Puppy Products Waist Bag Durable,5.0,1474,102 sold,444,102.0,Alimentação,7.29641326877392,6.09807428216624,4.634728988229636,en,Outdoor Portable Training Dog Snack Bag Pet Supplies Strong Wear Resistance Large Capacity Puppy Products Waist Bag Durable,Outdoor Portable Training Dog,Cachorro
Pet Placemat Cat Dogs Lick Silicone Mat Slow Food Bowl With Suction Dog Feeder Supplies Training Pets Bathing Distraction,4.4,5490,104 sold,61,104.0,Alimentação,8.610865667278873,4.127134385045092,4.653960350157523,en,Pet Placemat Cat Dogs Lick Silicone Mat Slow Food Bowl With Suction Dog Feeder Supplies Training Pets Bathing Distraction,Pet Placemat Cat Dogs,Cachorro
Dog Toys Funny Sausage Shape For Puppy Dog Chew Toys Interactive Training Bite-resistant Grinding Teeth Dogs Pet Supplies 1/3pcs,4.9,32,251 sold,780,251.0,Brinquedos,3.49650756146648,6.660575149839686,5.529429087511423,en,Dog Toys Funny Sausage Shape For Puppy Dog Chew Toys Interactive Training Bite-resistant Grinding Teeth Dogs Pet Supplies 1/3pcs,Dog Toys Funny Sausage,Cachorro
Lightweight Pet Harness with Handle Anti-Escape Dog Vest for Small Medium Dogs Puppy Chest Straps Chihuahua Pug Pet Supplies,4.7,283,191 sold,217,191.0,Acessórios,5.648974238161206,5.384495062789089,5.2574953720277815,en,Lightweight Pet Harness with Handle Anti-Escape Dog Vest for Small Medium Dogs Puppy Chest Straps Chihuahua Pug Pet Supplies,Lightweight Pet Harness with,Cachorro
Funny Cat Bed Warm Pet House Soft Long Plush Kitten Lounger Cushion Small Dogs Tent Cave Beds For Cozy Cat House Mat Supplies,4.7,2635,312 sold,459,312.0,Brinquedos,7.877017895622398,6.131226489483141,5.746203190540153,en,Funny Cat Bed Warm Pet House Soft Long Plush Kitten Lounger Cushion Small Dogs Tent Cave Beds For Cozy Cat House Mat Supplies,Funny Cat Bed Warm,Cachorro
20pcs Valentine's Day Pet Supplies Lace Rose Love Style Pet Cat Dog Collar Bowties Neckties Pet Cat Holiday Grooming Products,5.0,55,148 sold,86,148.0,Acessórios,4.02535169073515,4.465908118654584,5.003946305945459,en,20pcs Valentine's Day Pet Supplies Lace Rose Love Style Pet Cat Dog Collar Bowties Neckties Pet Cat Holiday Grooming Products,20pcs Valentine's Day Pet,Cachorro
Dog Squeaky Carrot Dog Toys Plush Stuffed Soft Puppy Chew Toys Interactive Pet Supplies for Small Medium Dogs Dental Care,4.8,149,157 sold,29,157.0,Brinquedos,5.010635294096256,3.4011973816621555,5.062595033026967,en,Dog Squeaky Carrot Dog Toys Plush Stuffed Soft Puppy Chew Toys Interactive Pet Supplies for Small Medium Dogs Dental Care,Dog Squeaky Carrot Dog,Cachorro
Pet Bathing Brush Pet Silicone Bath Cleaning Massage Brush Shampoo Shower Gel Bathing Brush Cat Dog Cleaning Grooming Supplies,4.8,158,65 sold,12,65.0,Higiene,5.068904202220232,2.5649493574615367,4.189654742026425,en,Pet Bathing Brush Pet Silicone Bath Cleaning Massage Brush Shampoo Shower Gel Bathing Brush Cat Dog Cleaning Grooming Supplies,Pet Bathing Brush Pet,Cachorro
New Hot Pet Dog Toy Squeak Plush Toys For Dogs Supplies Fit for All Puppy Pet Sound Funny Durable Chew Molar Cute Pets Supplies,0.0,163,11 sold,1,11.0,Brinquedos,5.099866427824199,0.6931471805599453,2.4849066497880004,en,New Hot Pet Dog Toy Squeak Plush Toys For Dogs Supplies Fit for All Puppy Pet Sound Funny Durable Chew Molar Cute Pets Supplies,New Hot Pet Dog,Cachorro
Ultrasonic Bark Arrester Lightweight with LED Flashlight Dog Repeller Portable Dog Bark Control Device for Pet Training Supplies,3.7,161,27 sold,11,27.0,Outros,5.087596335232384,2.4849066497880004,3.332204510175204,en,Ultrasonic Bark Arrester Lightweight with LED Flashlight Dog Repeller Portable Dog Bark Control Device for Pet Training Supplies,Ultrasonic Bark Arrester Lightweight,Cachorro
Macaron Pet Double Bowl Plastic Kitten Dog Food Drinking Tray Feeder Cat Feeding Pet Supplies Accessories,4.6,400,124 sold,534,124.0,Alimentação,5.993961427306569,6.282266746896006,4.8283137373023015,en,Macaron Pet Double Bowl Plastic Kitten Dog Food Drinking Tray Feeder Cat Feeding Pet Supplies Accessories,Macaron Pet Double Bowl,Cachorro
Windmill Cat Toy Interactive Pet Toys for Cats Puzzle Cat Game Toy With Whirligig Turntable for Kitten Brush Teeth Pet Supplies,4.8,51,128 sold,176,128.0,Brinquedos,3.951243718581428,5.176149732573829,4.859812404361672,en,Windmill Cat Toy Interactive Pet Toys for Cats Puzzle Cat Game Toy With Whirligig Turntable for Kitten Brush Teeth Pet Supplies,Windmill Cat Toy Interactive,Gato
Squeaky Dog Toys Oxford Cloth Chew Cleaning Teeth Toy Puppy Training Interactive Supplies Pet Snake Shape Bite Resistant Toys,4.7,129,266 sold,45,266.0,Brinquedos,4.867534450455582,3.828641396489095,5.58724865840025,en,Squeaky Dog Toys Oxford Cloth Chew Cleaning Teeth Toy Puppy Training Interactive Supplies Pet Snake Shape Bite Resistant Toys,Squeaky Dog Toys Oxford,Cachorro
20/30PCS Fashion Pet Hair Accessories Colourful Plush Ball Shape Pets Grooming Bows Products for Medium Small Dog Cats Supplies,5.0,56,134 sold,519,134.0,Brinquedos,4.04305126783455,6.253828811575473,4.90527477843843,en,20/30PCS Fashion Pet Hair Accessories Colourful Plush Ball Shape Pets Grooming Bows Products for Medium Small Dog Cats Supplies,20/30PCS Fashion Pet Hair,Cachorro
Cat Mice Game Intelligence Toy Bell Tent With 9 Hole Cats Playing Tunnel Foldable Mouse Hunt Toys Keeps Kitten Active Pets,4.7,48,"1,000+ sold",1608,1000.0,Brinquedos,3.8918202981106265,7.383368146992383,6.90875477931522,en,Cat Mice Game Intelligence Toy Bell Tent With 9 Hole Cats Playing Tunnel Foldable Mouse Hunt Toys Keeps Kitten Active Pets,Cat Mice Game Intelligence,Gato
"1 шт. очки для домашних животных, товары для собак, очки, солнцезащитные очки, УФ-защита, солнцезащитные очки для собак, солнцезащитные очки для кошек",4.0,55,5 продано,8,5.0,Outros,4.02535169073515,2.19722457733622,1.791759469228055,ru,"1 piece pet glasses, dog products, glasses, sunglasses, UV protection, dog sunglasses, cat sunglasses","1 piece pet glasses,",Cachorro
4PCS Pet Supplies Cat Teaser Wand Refill Funny Butterfly Kitten Teaser Stick Replacement Refill Attachment Plush Tassel Cat Toys,5.0,27,241 sold,296,241.0,Brinquedos,3.332204510175204,5.6937321388027,5.488937726156687,en,4PCS Pet Supplies Cat Teaser Wand Refill Funny Butterfly Kitten Teaser Stick Replacement Refill Attachment Plush Tassel Cat Toys,4PCS Pet Supplies Cat,Gato
550ml Portable Dog Water Bottle Outdoor Walking Travel Foldable Leakproof Drinking Bowl for Small Medium Big Dogs Pet Supplies,5.0,60,11 sold,13,11.0,Alimentação,4.110873864173311,2.6390573296152584,2.4849066497880004,no,550ml Portable Dog Water Bottle Outdoor Walking Travel Foldable Leakproof Drinking Bowl for Small Medium Big Dogs Pet Supplies,550ml Portable Dog Water,Cachorro
Cat Litter Shovel Scoop For Pet Filter Clean Toilet Garbage Picker Cat Supplies Accessory Cat Litter Box Self Cleaning,5.0,1,3 sold,7,3.0,Higiene,0.6931471805599453,2.079441541679836,1.3862943611198906,en,Cat Litter Shovel Scoop For Pet Filter Clean Toilet Garbage Picker Cat Supplies Accessory Cat Litter Box Self Cleaning,Cat Litter Shovel Scoop,Gato
Dog Toy Tumbler Leaky Food Ball Elliptical Track Rolling Ball Slowly Feeding Protects Stomach Increase Intelligence Pet Supplies,0.0,11,5 sold,3,5.0,Brinquedos,2.4849066497880004,1.3862943611198906,1.791759469228055,en,Dog Toy Tumbler Leaky Food Ball Elliptical Track Rolling Ball Slowly Feeding Protects Stomach Increase Intelligence Pet Supplies,Dog Toy Tumbler Leaky,Cachorro
Professional Pet Deshedding Brush Dog Hair Remover Pet Fur Knot Cutter Puppy Cat Comb Brushes Dogs Grooming Shedding Supplies,5.0,1278,144 sold,68,144.0,Higiene,7.153833801578843,4.23410650459726,4.976733742420574,en,Professional Pet Deshedding Brush Dog Hair Remover Pet Fur Knot Cutter Puppy Cat Comb Brushes Dogs Grooming Shedding Supplies,Professional Pet Deshedding Brush,Cachorro
Dog Cotton Rope Pet Dog Molar Rope Pet Dogs Durable Bite Resistant Rope Chew Toys Pets Teeth Cleaning Supplies For Small Meduim,4.8,288,42 sold,450,42.0,Brinquedos,5.666426688112432,6.111467339502679,3.7612001156935615,en,Dog Cotton Rope Pet Dog Molar Rope Pet Dogs Durable Bite Resistant Rope Chew Toys Pets Teeth Cleaning Supplies For Small Meduim,Dog Cotton Rope Pet,Cachorro
Pet Garbage Bag Clip Hands-free Clip Dog Cleaning Supplies Dog Poop Bags Dispenser Dog Products  Dog Poop Bag Holder,4.6,607,43 sold,99,43.0,Higiene,6.410174881966167,4.605170185988092,3.784189633918261,da,Pet Garbage Bag Clip Hands-free Clip Dog Cleaning Supplies Dog Poop Bags Dispenser Dog Products  Dog Poop Bag Holder,Pet Garbage Bag Clip,Cachorro
Adjustable Harness Dog Reflective Safety Training Walking Chest Vest Leads Collar For French Bulldog Pets Dogs Accessories,0.0,18856,7 sold,3,7.0,Acessórios,9.844639476726922,1.3862943611198906,2.079441541679836,en,Adjustable Harness Dog Reflective Safety Training Walking Chest Vest Leads Collar For French Bulldog Pets Dogs Accessories,Adjustable Harness Dog Reflective,Cachorro
448B Electric Anti Bark Collar Portable Outdoor Walking Dogs Pets Artifact Supplies,5.0,9973,18 sold,4,18.0,Acessórios,9.207736986106068,1.6094379124341005,2.9444389791664403,en,448B Electric Anti Bark Collar Portable Outdoor Walking Dogs Pets Artifact Supplies,448B Electric Anti Bark,Cachorro
1Pc Fashion Pet Dog Collar Puppy Nylon Glow In The Dark LED Glowing Collar Adjustable Cats Collar Pet Supplies Dog Accessories,4.5,39,75 sold,817,75.0,Acessórios,3.688879454113936,6.706862336602747,4.330733340286331,en,1Pc Fashion Pet Dog Collar Puppy Nylon Glow In The Dark LED Glowing Collar Adjustable Cats Collar Pet Supplies Dog Accessories,1Pc Fashion Pet Dog,Cachorro
3m 5m Dog Durable Leash For Small Medium Dogs Strong Retractable Nylon Puppy Traction Rope French Bulldog Yorkshire Pet Supplies,0.0,57,2 sold,2,2.0,Acessórios,4.060443010546419,1.0986122886681098,1.0986122886681098,en,3m 5m Dog Durable Leash For Small Medium Dogs Strong Retractable Nylon Puppy Traction Rope French Bulldog Yorkshire Pet Supplies,3m 5m Dog Durable,Cachorro
1/5 Roll Biodegradable Pet Dog Poop Bag Zero Waste Dog Pooper Bags  Dispenser Pets Products For Dogs Litter Poop Bag,4.7,4065,500+ sold,1871,500.0,Sanitário,8.310414994188292,7.534762657037537,6.2166061010848646,nl,1/5 Roll Biodegradable Pet Dog Poop Bag Zero Waste Dog Pooper Bags  Dispenser Pets Products For Dogs Litter Poop Bag,1/5 Roll Biodegradable Pet,Cachorro
Dog Cotton Rope Pet Dog Molar Rope Pet Dogs Durable Bite Resistant Rope Chew Toys Pets Teeth Cleaning Supplies For Small Meduim,4.6,51,124 sold,303,124.0,Brinquedos,3.951243718581428,5.717027701406222,4.8283137373023015,en,Dog Cotton Rope Pet Dog Molar Rope Pet Dogs Durable Bite Resistant Rope Chew Toys Pets Teeth Cleaning Supplies For Small Meduim,Dog Cotton Rope Pet,Cachorro
Biodegradable Eco Friendly Compostable Dog Poop Bag Pet Shit Bag Clip Silicone Poop Bag Holder Dispenser,4.8,47,111 sold,119,111.0,Outros,3.871201010907891,4.787491742782046,4.718498871295094,en,Biodegradable Eco Friendly Compostable Dog Poop Bag Pet Shit Bag Clip Silicone Poop Bag Holder Dispenser,Biodegradable Eco Friendly Compostable,Cachorro
120ML Pet Eye Drops for Cats and Dogs Health Cleaning Supplies to Remove Tears Protect Relieve Redness and Swelling,0.0,991,2 sold,0,2.0,Higiene,6.899723107284872,0.0,1.0986122886681098,en,120ML Pet Eye Drops for Cats and Dogs Health Cleaning Supplies to Remove Tears Protect Relieve Redness and Swelling,120ML Pet Eye Drops,Cachorro
Pet Dog Snack Bag Treat Food Obedience Outdoor Pouch Bag Large Capacity Convenient Practical Fashion Dogs Training Pack,4.8,57,396 sold,291,396.0,Alimentação,4.060443010546419,5.676753802268282,5.983936280687191,en,Pet Dog Snack Bag Treat Food Obedience Outdoor Pouch Bag Large Capacity Convenient Practical Fashion Dogs Training Pack,Pet Dog Snack Bag,Cachorro
9pcs Dog Bite Rope Teeth Grinding Ball Dog Chew Toy Bite Resistant Rope Knot Teeth Grinding Cleaning Pet Training Supplies,4.9,24,327 sold,293,327.0,Brinquedos,3.218875824868201,5.683579767338681,5.793013608384144,en,9pcs Dog Bite Rope Teeth Grinding Ball Dog Chew Toy Bite Resistant Rope Knot Teeth Grinding Cleaning Pet Training Supplies,9pcs Dog Bite Rope,Cachorro
Foldable cat tunnel tube toy pet indoor sports hiding training interactive game cat supplies,4.8,10,67 sold,69,67.0,Brinquedos,2.3978952727983707,4.248495242049359,4.219507705176107,en,Foldable cat tunnel tube toy pet indoor sports hiding training interactive game cat supplies,Foldable cat tunnel tube,Gato
"Dog Harness Easy On and Off Adjustable Medium Large Dogs,Reflective no Pull Training Vest for pet Dogs walking harness",4.6,93,56 sold,11942,56.0,Acessórios,4.543294782270004,9.387900611668426,4.04305126783455,en,"Dog Harness Easy On and Off Adjustable Medium Large Dogs,Reflective no Pull Training Vest for pet Dogs walking harness",Dog Harness Easy On,Cachorro
Funny Cat Toy Feather Bell With Catnip Cat Animal Shape Doll Pet Hemp Rope Molar Rod Pet Kitten Supplies Teeth Chewing Toy,5.0,80,219 sold,383,219.0,Brinquedos,4.394449154672439,5.950642552587727,5.393627546352362,en,Funny Cat Toy Feather Bell With Catnip Cat Animal Shape Doll Pet Hemp Rope Molar Rod Pet Kitten Supplies Teeth Chewing Toy,Funny Cat Toy Feather,Gato
Portable Dog Poop Bags Pet Dog Poop Bags Dispenser Puppy Pick Up Poop Bag Holder Pet Dog Accessories Dog Bags,4.8,23,52 sold,649,52.0,Outros,3.1780538303479458,6.476972362889683,3.970291913552122,af,Portable Dog Poop Bags Pet Dog Poop Bags Dispenser Puppy Pick Up Poop Bag Holder Pet Dog Accessories Dog Bags,Portable Dog Poop Bags,Cachorro
300ml Portable Pet Water Bottle Outdoor Travel Drinking Cup Feeding Bowl With Lanyard For Small Medium Cats Dogs Pet Supplies,5.0,21,18 sold,11,18.0,Alimentação,3.091042453358316,2.4849066497880004,2.9444389791664403,en,300ml Portable Pet Water Bottle Outdoor Travel Drinking Cup Feeding Bowl With Lanyard For Small Medium Cats Dogs Pet Supplies,300ml Portable Pet Water,Cachorro
Dog collar cute lace bow pet dog cat collar adjustable cat necklace jewelry Sweet neck decorative pet accessories Pet supplies,4.6,197,389 sold,1394,389.0,Acessórios,5.288267030694535,7.240649694255466,5.966146739123692,en,Dog collar cute lace bow pet dog cat collar adjustable cat necklace jewelry Sweet neck decorative pet accessories Pet supplies,Dog collar cute lace,Cachorro
Dog Mat Cooling Summer Pad Mat For Dogs Cat Blanket Sofa Breathable Pet Dog Bed Summer Washable For Small Medium Large Dogs Car,4.7,762,"3,000+ sold",4512,3000.0,Conforto,6.637258031284457,8.414717399827001,8.006700845440367,en,Dog Mat Cooling Summer Pad Mat For Dogs Cat Blanket Sofa Breathable Pet Dog Bed Summer Washable For Small Medium Large Dogs Car,Dog Mat Cooling Summer,Cachorro
Creative Soft Warm Pet Bed Nest Dual-Use Adjustable Drawstring Pet Nest Bed Pet Cushion For Cats Puppies Pet Supplies,4.1,949,373 sold,444,373.0,Conforto,6.856461984594587,6.09807428216624,5.924255797414532,en,Creative Soft Warm Pet Bed Nest Dual-Use Adjustable Drawstring Pet Nest Bed Pet Cushion For Cats Puppies Pet Supplies,Creative Soft Warm Pet,Gato
Cat Litter Shovel Scoop with Refill Bag For Pet Filter Clean Toilet Garbage Picker Cat Supplies Cat Litter Box Self Cleaning,1.0,69,21 sold,12,21.0,Higiene,4.248495242049359,2.5649493574615367,3.091042453358316,en,Cat Litter Shovel Scoop with Refill Bag For Pet Filter Clean Toilet Garbage Picker Cat Supplies Cat Litter Box Self Cleaning,Cat Litter Shovel Scoop,Gato
1PC Super Large Pet Dog Cat Baby Handprint or Footprint Contactless Stamp Pad 100% Non-toxic and Mess-free,4.5,246,58 sold,16,58.0,Sanitário,5.5093883366279774,2.833213344056216,4.07753744390572,en,1PC Super Large Pet Dog Cat Baby Handprint or Footprint Contactless Stamp Pad 100% Non-toxic and Mess-free,1PC Super Large Pet,Cachorro
Pet Night Walking Luminous Pendant Led Teddy Dog Outgoing Prevent Getting Lost Ball Glow Collar Pendant Pet Supplies,5.0,71,84 sold,21,84.0,Brinquedos,4.276666119016055,3.091042453358316,4.442651256490317,en,Pet Night Walking Luminous Pendant Led Teddy Dog Outgoing Prevent Getting Lost Ball Glow Collar Pendant Pet Supplies,Pet Night Walking Luminous,Cachorro
Pet Dog Flying Disk Toy Silicone Material Environmentally Puppy Interactive Training Pet Supplies,4.4,191,147 sold,49,147.0,Brinquedos,5.2574953720277815,3.912023005428146,4.997212273764115,en,Pet Dog Flying Disk Toy Silicone Material Environmentally Puppy Interactive Training Pet Supplies,Pet Dog Flying Disk,Cachorro
Dog Toys Pet Puppy Interactive Suction Cup Push TPR Ball Toys Molar Bite Toy Elastic Ropes Dog Tooth Cleaning Chewing Supplies,4.3,30,125 sold,49,125.0,Brinquedos,3.4339872044851463,3.912023005428146,4.836281906951478,en,Dog Toys Pet Puppy Interactive Suction Cup Push TPR Ball Toys Molar Bite Toy Elastic Ropes Dog Tooth Cleaning Chewing Supplies,Dog Toys Pet Puppy,Cachorro
Bathroom Dog Cats Bath Brush Massage Gloves Soft Rubber Comb Pet Accessories For Cats Shower Cleaning Tools Suppliers,0.0,5,15 sold,5,15.0,Higiene,1.791759469228055,1.791759469228055,2.772588722239781,en,Bathroom Dog Cats Bath Brush Massage Gloves Soft Rubber Comb Pet Accessories For Cats Shower Cleaning Tools Suppliers,Bathroom Dog Cats Bath,Cachorro
Automatic Pet Water Fountain Transparent USB Power Cat Water Dispenser 1500ml for Indoor Dog and Cat Water Feeding Supplies,0.0,1310,16 sold,61,16.0,Conforto,7.1785454837637,4.127134385045092,2.833213344056216,en,Automatic Pet Water Fountain Transparent USB Power Cat Water Dispenser 1500ml for Indoor Dog and Cat Water Feeding Supplies,Automatic Pet Water Fountain,Cachorro
"Large Dog Kennel Outdoor,Heavy Duty Dog Cage with Cover and Secure Lock,Dog Pen Run,Chain Link Dog Crate with Waterproof UV-Resi",0.0,50,0 sold,1,0.0,Outros,3.9318256327243257,0.6931471805599453,0.0,en,"Large Dog Kennel Outdoor,Heavy Duty Dog Cage with Cover and Secure Lock,Dog Pen Run,Chain Link Dog Crate with Waterproof UV-Resi","Large Dog Kennel Outdoor,Heavy",Cachorro
3PCS/SET Pet Flea Removal Tool Kit Plastic Scratching Hook Remover Pet Cat Dog Grooming Supplies Tick Removal Tool Tweezers Clip,4.8,354,115 sold,45,115.0,Higiene,5.872117789475416,3.828641396489095,4.7535901911063645,en,3PCS/SET Pet Flea Removal Tool Kit Plastic Scratching Hook Remover Pet Cat Dog Grooming Supplies Tick Removal Tool Tweezers Clip,3PCS/SET Pet Flea Removal,Cachorro
Dog Cat Food Pail Plastic Storage Tank with Measuring Cup Container Moisture-proof Sealed Jar Pet Supplies Accessories,4.8,228,25 sold,15,25.0,Alimentação,5.43372200355424,2.772588722239781,3.258096538021482,en,Dog Cat Food Pail Plastic Storage Tank with Measuring Cup Container Moisture-proof Sealed Jar Pet Supplies Accessories,Dog Cat Food Pail,Cachorro
Electric Cat Toy USB Charging 360 Rotating Interactive Puzzle Intelligent Pet Items Cat Teasing Feather Cat Supplies Accessories,4.7,2936,72 sold,183,72.0,Brinquedos,7.98514393119862,5.214935757608986,4.290459441148391,en,Electric Cat Toy USB Charging 360 Rotating Interactive Puzzle Intelligent Pet Items Cat Teasing Feather Cat Supplies Accessories,Electric Cat Toy USB,Gato
Pet Cleaning Wipes Remove Dirt From Eyes And Ears Wipes Dog Cat Earwax Clean Ears Odor Remover Pets Wet Tissue Cleaning Tools,4.3,1010,32 sold,54,32.0,Higiene,6.918695219020472,4.007333185232471,3.49650756146648,en,Pet Cleaning Wipes Remove Dirt From Eyes And Ears Wipes Dog Cat Earwax Clean Ears Odor Remover Pets Wet Tissue Cleaning Tools,Pet Cleaning Wipes Remove,Cachorro
Bone Leather Durable Pet Dog Collar Pet Supplies Accessories Neck Strap Collar For Dog Puppy Pug Collars For Small Large Dogs,4.8,50,412 sold,5712,412.0,Acessórios,3.9318256327243257,8.650499558724462,6.023447592961033,en,Bone Leather Durable Pet Dog Collar Pet Supplies Accessories Neck Strap Collar For Dog Puppy Pug Collars For Small Large Dogs,Bone Leather Durable Pet,Cachorro
Hot Selling Pet Package Logo Cat Bag Pet Box Portable Cat Dog out Backpack,5.0,51,155 sold,386,155.0,Outros,3.951243718581428,5.958424693029782,5.049856007249537,en,Hot Selling Pet Package Logo Cat Bag Pet Box Portable Cat Dog out Backpack,Hot Selling Pet Package,Cachorro
Dinosaur Plush Dog Squeaky Interactive Toys For Small Large Dogs Bite Resistant Chew Toy Pets Accessories,4.5,91,313 sold,89,313.0,Brinquedos,4.5217885770490405,4.499809670330265,5.749392985908253,en,Dinosaur Plush Dog Squeaky Interactive Toys For Small Large Dogs Bite Resistant Chew Toy Pets Accessories,Dinosaur Plush Dog Squeaky,Cachorro
Sturdy Big Dog Chew Rope Toy Bite Resistant Pet Toys for Medium Large Dogs Golden Retriever Pitbull Labrador mascotas Supplies,4.7,1955,144 sold,623,144.0,Brinquedos,7.578656850594762,6.436150368369428,4.976733742420574,en,Sturdy Big Dog Chew Rope Toy Bite Resistant Pet Toys for Medium Large Dogs Golden Retriever Pitbull Labrador mascotas Supplies,Sturdy Big Dog Chew,Cachorro
Pet Puppy Cat Elizabeth Circle Flower E-Collar Recovery Cone Adjustable Neck Recover Collar Pet Protection Collar for Pet S/M/L,4.5,44,41 sold,146,41.0,Acessórios,3.80666248977032,4.990432586778736,3.737669618283368,en,Pet Puppy Cat Elizabeth Circle Flower E-Collar Recovery Cone Adjustable Neck Recover Collar Pet Protection Collar for Pet S/M/L,Pet Puppy Cat Elizabeth,Cachorro
Cute Mouse Cat Toys Cat Supplies Plush Toy Shake Movement Mouse Pet Kitten Funny Plush Little Mouse Interactive Cat Toys,4.4,19505,800+ sold,533,800.0,Brinquedos,9.87847738953196,6.280395838960195,6.68586094706836,en,Cute Mouse Cat Toys Cat Supplies Plush Toy Shake Movement Mouse Pet Kitten Funny Plush Little Mouse Interactive Cat Toys,Cute Mouse Cat Toys,Gato
3m 5m Retractable Dog Leash For Small Medium Dogs Candy Color Nylon Strong Durable Puppy Traction Rope Chihuahua Pet Supplies,0.0,119,3 sold,0,3.0,Acessórios,4.787491742782046,0.0,1.3862943611198906,en,3m 5m Retractable Dog Leash For Small Medium Dogs Candy Color Nylon Strong Durable Puppy Traction Rope Chihuahua Pet Supplies,3m 5m Retractable Dog,Cachorro
Dr.DC Wire Teasing Cat Stick Insect Dragonfly Feather Cat Supplies Cat Pet Moth Toy Interactive Fun Pet Cat Toy Pole,4.7,45,220 sold,83,220.0,Brinquedos,3.828641396489095,4.430816798843313,5.3981627015177525,en,Dr.DC Wire Teasing Cat Stick Insect Dragonfly Feather Cat Supplies Cat Pet Moth Toy Interactive Fun Pet Cat Toy Pole,Dr.DC Wire Teasing Cat,Gato
Round Pet Beds for Dogs Cats Universal for all seasons Soft Cloth Pet Mat with Pillow Pet Sleeping Cushions Sofa dog Accessoires,4.3,35,66 sold,111,66.0,Conforto,3.58351893845611,4.718498871295094,4.204692619390966,en,Round Pet Beds for Dogs Cats Universal for all seasons Soft Cloth Pet Mat with Pillow Pet Sleeping Cushions Sofa dog Accessoires,Round Pet Beds for,Cachorro
Plush Dog Toy Dinosaur Shaped Interactive Squeaky Toys for Small Large Pets Tooth Cleaning Chew Toy  Accessories,4.6,44,263 sold,95,263.0,Brinquedos,3.80666248977032,4.564348191467836,5.575949103146316,en,Plush Dog Toy Dinosaur Shaped Interactive Squeaky Toys for Small Large Pets Tooth Cleaning Chew Toy  Accessories,Plush Dog Toy Dinosaur,Cachorro
Pet Cat Toys Kitten Toys Variety Pack Combination Set Cat Toy Funny Cat Stick Sisal Mouse Bell Ball Cat Supplies,0.0,295,5 sold,2,5.0,Brinquedos,5.69035945432406,1.0986122886681098,1.791759469228055,en,Pet Cat Toys Kitten Toys Variety Pack Combination Set Cat Toy Funny Cat Stick Sisal Mouse Bell Ball Cat Supplies,Pet Cat Toys Kitten,Gato
Pet Food Bowl Double Bowl Macaron Color Plastic Cat Bowl Dog Food Drinking Tray Feeding Cat Feeding Pet Supplies Dog Accessories,4.5,18,27 sold,91,27.0,Alimentação,2.9444389791664403,4.5217885770490405,3.332204510175204,en,Pet Food Bowl Double Bowl Macaron Color Plastic Cat Bowl Dog Food Drinking Tray Feeding Cat Feeding Pet Supplies Dog Accessories,Pet Food Bowl Double,Cachorro
Press type Silicone Dog Brush Control flow rate Shampoo Puppycat Washing Dispenser Pet Grooming Brush Massage Shower Bath Brush,4.8,70,150 sold,109,150.0,Higiene,4.262679877041316,4.700480365792417,5.017279836814924,en,Press type Silicone Dog Brush Control flow rate Shampoo Puppycat Washing Dispenser Pet Grooming Brush Massage Shower Bath Brush,Press type Silicone Dog,Cachorro
300ml Portable Pet Water Bottle Outdoor Travel Drinking Cup Feeding Bowl With Lanyard For Small Medium Cats Dogs Pet Supplies,4.8,93,321 sold,625,321.0,Alimentação,4.543294782270004,6.439350371100098,5.7745515455444085,en,300ml Portable Pet Water Bottle Outdoor Travel Drinking Cup Feeding Bowl With Lanyard For Small Medium Cats Dogs Pet Supplies,300ml Portable Pet Water,Cachorro
Adjustable Grooming Ring Seatless Hanging Bracket Dog Harness For Nail Trimming Handy Sling Pet Holding Rope Pet Supplies,5.0,60,55 sold,46,55.0,Acessórios,4.110873864173311,3.8501476017100575,4.02535169073515,en,Adjustable Grooming Ring Seatless Hanging Bracket Dog Harness For Nail Trimming Handy Sling Pet Holding Rope Pet Supplies,Adjustable Grooming Ring Seatless,Cachorro
Dog Cat Collar Spiked Studded Pet Necklace For Small Medium Dogs Bulldog Adjustable Anti-Bite Collar Pet supplies accessories,5.0,286,56 sold,86,56.0,Acessórios,5.659482215759621,4.465908118654584,4.04305126783455,en,Dog Cat Collar Spiked Studded Pet Necklace For Small Medium Dogs Bulldog Adjustable Anti-Bite Collar Pet supplies accessories,Dog Cat Collar Spiked,Cachorro
Cat Lift Bowl With Metal Stand Pet Ceramic Food Snacks Feeding Elevated Feeder Kitten Puppy Dish Dog Supplies Accessories,5.0,371,24 sold,19,24.0,Alimentação,5.918893854273146,2.995732273553991,3.218875824868201,en,Cat Lift Bowl With Metal Stand Pet Ceramic Food Snacks Feeding Elevated Feeder Kitten Puppy Dish Dog Supplies Accessories,Cat Lift Bowl With,Cachorro
Cat Bowl High Foot Dog Bowl Neck Protector Cat Pet Food Water Bowl Anti-tip Binaural Pet Feeding Cat Accessorie Pet Dessert Bowl,5.0,43,125 sold,591,125.0,Alimentação,3.784189633918261,6.3835066348840055,4.836281906951478,en,Cat Bowl High Foot Dog Bowl Neck Protector Cat Pet Food Water Bowl Anti-tip Binaural Pet Feeding Cat Accessorie Pet Dessert Bowl,Cat Bowl High Foot,Cachorro
Pet Blanket Dog Bed Mats Soft Flannel Fleece Warm Sleeping Beds Cover Mat For Puppy Cat Supplies Dog Sofa Cushion,3.9,657,60 sold,80,60.0,Conforto,6.489204931325317,4.394449154672439,4.110873864173311,en,Pet Blanket Dog Bed Mats Soft Flannel Fleece Warm Sleeping Beds Cover Mat For Puppy Cat Supplies Dog Sofa Cushion,Pet Blanket Dog Bed,Cachorro
Gigwi Dog Toy G-BLINK Series Bite Resistance Bouncy Pet Chew Toy Small/Medium Dog Molar Bite Resistant Sounding Toy Pet Supplies,4.7,60,36 sold,29,36.0,Brinquedos,4.110873864173311,3.4011973816621555,3.610917912644224,en,Gigwi Dog Toy G-BLINK Series Bite Resistance Bouncy Pet Chew Toy Small/Medium Dog Molar Bite Resistant Sounding Toy Pet Supplies,Gigwi Dog Toy G-BLINK,Cachorro
24CM Giant Tennis Ball For Dog Chew Toy Pet Dog Interactive Toys Big Inflatable Tennis Ball Pet Supplies Outdoor Cricket Dog Toy,4.6,482,103 sold,122,103.0,Brinquedos,6.180016653652572,4.812184355372417,4.6443908991413725,en,24CM Giant Tennis Ball For Dog Chew Toy Pet Dog Interactive Toys Big Inflatable Tennis Ball Pet Supplies Outdoor Cricket Dog Toy,24CM Giant Tennis Ball,Cachorro
With 4 Way Lock Security Flap Door Dog Cat Flap Door For Dog Cat Kitten Cat Puppy Safety Gate Small Pet Supplies ABS Plastic,4.9,50,"1,000+ sold",1565,1000.0,Outros,3.9318256327243257,7.356279876550748,6.90875477931522,en,With 4 Way Lock Security Flap Door Dog Cat Flap Door For Dog Cat Kitten Cat Puppy Safety Gate Small Pet Supplies ABS Plastic,With 4 Way Lock,Cachorro
Rope Pet Toys for Dog Chew Toys Bite Resistant Pet Toy Outdoor Training Pet Supplies Dogs Clean Teeth Toy Jouet Chien Peluche,4.8,2987,126 sold,1687,126.0,Brinquedos,8.002359546252707,7.431299675155903,4.844187086458591,en,Rope Pet Toys for Dog Chew Toys Bite Resistant Pet Toy Outdoor Training Pet Supplies Dogs Clean Teeth Toy Jouet Chien Peluche,Rope Pet Toys for,Cachorro
1PC Popular Adjustable Colorful Pet Collars Kitten Cat Collar PU Leather Neck Strap Safe for Dogs Soft Pet Supplies,4.7,304868,231 sold,4233,231.0,Acessórios,12.62763745512776,8.350902451694811,5.44673737166631,en,1PC Popular Adjustable Colorful Pet Collars Kitten Cat Collar PU Leather Neck Strap Safe for Dogs Soft Pet Supplies,1PC Popular Adjustable Colorful,Cachorro
Pet Interactive Mini Electric Bug Cat Toy Kitten Escape Obstacle Automatic Flip Toy Battery Operated Vibration Beetle Supplies,4.6,535,375 sold,507,375.0,Brinquedos,6.284134161070802,6.230481447578482,5.929589143389895,en,Pet Interactive Mini Electric Bug Cat Toy Kitten Escape Obstacle Automatic Flip Toy Battery Operated Vibration Beetle Supplies,Pet Interactive Mini Electric,Gato
Flexible Dog Lead Leash Pet Supplies Puppy Walking Training Traction Rope Cats Dogs Harness Collar Leash Strap Belt,5.0,145,49 sold,22,49.0,Acessórios,4.983606621708336,3.1354942159291497,3.912023005428146,en,Flexible Dog Lead Leash Pet Supplies Puppy Walking Training Traction Rope Cats Dogs Harness Collar Leash Strap Belt,Flexible Dog Lead Leash,Cachorro
Pet supplies Slow Food  Bowl Cat Anti-Knockover Anti-Slip Food Bowl Puppy Anti-choking Silicone Toy Food Plate,4.8,270,600+ sold,1795,600.0,Brinquedos,5.602118820879701,7.493317248862145,6.398594934535208,en,Pet supplies Slow Food  Bowl Cat Anti-Knockover Anti-Slip Food Bowl Puppy Anti-choking Silicone Toy Food Plate,Pet supplies Slow Food,Cachorro
New Funny Cat Toy Interactive Play Pet Training Toy Mini Flying Disc Windmill Catapult Pet Toys Cat Dog Chewing Playing Supplies,4.6,37,233 sold,118,233.0,Brinquedos,3.6375861597263857,4.77912349311153,5.455321115357702,en,New Funny Cat Toy Interactive Play Pet Training Toy Mini Flying Disc Windmill Catapult Pet Toys Cat Dog Chewing Playing Supplies,New Funny Cat Toy,Cachorro
Dog Hair Remover Deshedding Brush Comb Glove For Animals Dogs Cats Grooming Tools Pet Supplies Puppy Cleaning Massage Products,5.0,224,44 sold,62,44.0,Higiene,5.41610040220442,4.143134726391533,3.80666248977032,en,Dog Hair Remover Deshedding Brush Comb Glove For Animals Dogs Cats Grooming Tools Pet Supplies Puppy Cleaning Massage Products,Dog Hair Remover Deshedding,Cachorro
1PC Cute Rubber Sound Pig Grunting Squeak Latex Pet Chew Toys for Dog Squeaker Chew Training Puppy Supplies Pet Products,4.6,19,56 sold,22,56.0,Brinquedos,2.995732273553991,3.1354942159291497,4.04305126783455,en,1PC Cute Rubber Sound Pig Grunting Squeak Latex Pet Chew Toys for Dog Squeaker Chew Training Puppy Supplies Pet Products,1PC Cute Rubber Sound,Cachorro
2 In 1 Dog Water Bottle For Small Large Dogs Cats Leak Proof Portable Puppy Drinking Food Feeder Schnauzer Beagle Pet Supplies,0.0,389,4 sold,0,4.0,Alimentação,5.966146739123692,0.0,1.6094379124341005,en,2 In 1 Dog Water Bottle For Small Large Dogs Cats Leak Proof Portable Puppy Drinking Food Feeder Schnauzer Beagle Pet Supplies,2 In 1 Dog,Cachorro
Pet Tick Removal Stainless Steel Tweezers Flea Remover Hook Rustproof Tick Puller Mite Flea Extractor Pet Grooming Supplies,5.0,100,15 sold,6,15.0,Higiene,4.61512051684126,1.9459101490553128,2.772588722239781,en,Pet Tick Removal Stainless Steel Tweezers Flea Remover Hook Rustproof Tick Puller Mite Flea Extractor Pet Grooming Supplies,Pet Tick Removal Stainless,Outros
Dog Plush Toys Pet Squeaky Champagne Wine Bottle Shape Toy Dog Bite-Resistant Clean Teeth Chew Toy Interactive Toy Pet Supplies,4.8,92,159 sold,138,159.0,Brinquedos,4.532599493153256,4.934473933130692,5.075173815233827,en,Dog Plush Toys Pet Squeaky Champagne Wine Bottle Shape Toy Dog Bite-Resistant Clean Teeth Chew Toy Interactive Toy Pet Supplies,Dog Plush Toys Pet,Cachorro
New Pet Hammock Cat Swing Hand Woven Cotton Rope Cats Hanging Basket  Kitten Hanging String Den Indoor Pend Nest Pets Supplies,3.0,1934,61 sold,537,61.0,Outros,7.567862605463882,6.2878585601617845,4.127134385045092,en,New Pet Hammock Cat Swing Hand Woven Cotton Rope Cats Hanging Basket  Kitten Hanging String Den Indoor Pend Nest Pets Supplies,New Pet Hammock Cat,Gato
HOOPET Dog Toy Rubber Ball Bite-resistant Ball Toy for Dogs Puppy Teddy Pitbull Red Color Solid Ball S-XL Pet Supplies,5.0,1272,"1,000+ sold",4,1000.0,Brinquedos,7.149131598557407,1.6094379124341005,6.90875477931522,en,HOOPET Dog Toy Rubber Ball Bite-resistant Ball Toy for Dogs Puppy Teddy Pitbull Red Color Solid Ball S-XL Pet Supplies,HOOPET Dog Toy Rubber,Cachorro
Dog Bag Dispenser for Dog  Hands Free Waste Carrier Pet Dog Cleaning Supplies Dog Leash Dispenser Poop Bag Holder,5.0,180,36 sold,43,36.0,Acessórios,5.198497031265826,3.784189633918261,3.610917912644224,en,Dog Bag Dispenser for Dog  Hands Free Waste Carrier Pet Dog Cleaning Supplies Dog Leash Dispenser Poop Bag Holder,Dog Bag Dispenser for,Cachorro
Pet Poop Bags Disposable Dog Waste Bags Bulk Poop Bags with Leash Clip and Bone Bag Dispenser 5Roll(75Pcs) Bags with Paw Prints,4.9,2072,219 sold,27,219.0,Acessórios,7.636752112435779,3.332204510175204,5.393627546352362,en,Pet Poop Bags Disposable Dog Waste Bags Bulk Poop Bags with Leash Clip and Bone Bag Dispenser 5Roll(75Pcs) Bags with Paw Prints,Pet Poop Bags Disposable,Cachorro
Interactive Cat Toys Funny Feather Teaser Stick with Bell Pets Collar Kitten Playing Teaser Wand Training Toys for Cats Supplies,4.2,97,86 sold,26,86.0,Brinquedos,4.584967478670572,3.295836866004329,4.465908118654584,en,Interactive Cat Toys Funny Feather Teaser Stick with Bell Pets Collar Kitten Playing Teaser Wand Training Toys for Cats Supplies,Interactive Cat Toys Funny,Gato
3in1 Water Dog Brush Electric Spray Pet Steam Brush Soft Silicone Hair Removal Water Brush Dog Grooming Supplies Pet Accessories,5.0,84,89 sold,97,89.0,Higiene,4.442651256490317,4.584967478670572,4.499809670330265,en,3in1 Water Dog Brush Electric Spray Pet Steam Brush Soft Silicone Hair Removal Water Brush Dog Grooming Supplies Pet Accessories,3in1 Water Dog Brush,Cachorro
1PC Super Large Pet Dog Cat Baby Handprint Footprint Contactless Stamp Pad Non-toxic Mess-free Baby DIY Hand Footprint Kit Ink,4.5,644,"1,000+ sold",2295,1000.0,Sanitário,6.4692503167957724,7.738923757439457,6.90875477931522,en,1PC Super Large Pet Dog Cat Baby Handprint Footprint Contactless Stamp Pad Non-toxic Mess-free Baby DIY Hand Footprint Kit Ink,1PC Super Large Pet,Cachorro
12pcs Cat Water Fountain Replacement Activated Carbon Filters For Drinkwell Platinum Pets Dogs Water Drinking Fountain Dispenser,5.0,16,34 sold,104,34.0,Outros,2.833213344056216,4.653960350157523,3.555348061489413,en,12pcs Cat Water Fountain Replacement Activated Carbon Filters For Drinkwell Platinum Pets Dogs Water Drinking Fountain Dispenser,12pcs Cat Water Fountain,Cachorro
Pet Dog Cat Car Seat Belt Adjustable Harness Seatbelt Leash for Small Medium Dogs Travel Clip Pet Supplies French Bulldog,5.0,55921,69 sold,17,69.0,Acessórios,10.931713141647238,2.8903717578961645,4.248495242049359,en,Pet Dog Cat Car Seat Belt Adjustable Harness Seatbelt Leash for Small Medium Dogs Travel Clip Pet Supplies French Bulldog,Pet Dog Cat Car,Cachorro
Pet Automatic Water Feeders Elevated Bowls for Cats and Dogs Durable Double Bowl Elevated Cat Feeding and Drinking Pet Supplies,4.6,38,72 sold,742,72.0,Alimentação,3.6635616461296463,6.610696044717759,4.290459441148391,en,Pet Automatic Water Feeders Elevated Bowls for Cats and Dogs Durable Double Bowl Elevated Cat Feeding and Drinking Pet Supplies,Pet Automatic Water Feeders,Cachorro
Pet Dog Cat Necklace Adjustable Strap for Cat Collar Dogs Accessories pet dog bow tie puppy bow ties dog Pet supplies,4.7,168008,485 sold,11134,485.0,Acessórios,12.03177282837907,9.317848579691468,6.186208623900494,en,Pet Dog Cat Necklace Adjustable Strap for Cat Collar Dogs Accessories pet dog bow tie puppy bow ties dog Pet supplies,Pet Dog Cat Necklace,Cachorro
350ml Collapsible Dog Pet Folding Silicone Bowl Outdoor Travel Portable Puppy Food Container Feeder Dish Bowl Pet supplies,4.0,154,23 sold,0,23.0,Alimentação,5.043425116919247,0.0,3.1780538303479458,en,350ml Collapsible Dog Pet Folding Silicone Bowl Outdoor Travel Portable Puppy Food Container Feeder Dish Bowl Pet supplies,350ml Collapsible Dog Pet,Cachorro
Pet Dog Cats Birds Training Whistle Dual-tube Survival Whistle Portable Aluminum Safety Whistle Pet Supplies dog training,5.0,40,3 sold,2,3.0,Outros,3.713572066704308,1.0986122886681098,1.3862943611198906,en,Pet Dog Cats Birds Training Whistle Dual-tube Survival Whistle Portable Aluminum Safety Whistle Pet Supplies dog training,Pet Dog Cats Birds,Cachorro
Pet Plush Toy Cat Dog Puzzle Toy Cute Bite Resistant Interactive Squeaky Pet Dog Teeth Cleaning Chew Toy Pet Supplies,4.9,10,345 sold,323,345.0,Brinquedos,2.3978952727983707,5.780743515792329,5.846438775057725,en,Pet Plush Toy Cat Dog Puzzle Toy Cute Bite Resistant Interactive Squeaky Pet Dog Teeth Cleaning Chew Toy Pet Supplies,Pet Plush Toy Cat,Cachorro
Dog Toothbrush Double-headed Cat Tooth Multi-angle Cleaning Tool Massage Care Tooth Finger Brush for Dog Cat Pet Supplies,4.7,318,600+ sold,672,600.0,Higiene,5.765191102784844,6.511745329644728,6.398594934535208,en,Dog Toothbrush Double-headed Cat Tooth Multi-angle Cleaning Tool Massage Care Tooth Finger Brush for Dog Cat Pet Supplies,Dog Toothbrush Double-headed Cat,Cachorro
Pet Kennel Dog Mat Dog Bed Pet Supplies Cat Kennel Dog Kennel Plush Round Winter Warm Mat,4.3,3568,21 sold,8,21.0,Brinquedos,8.18004072349016,2.19722457733622,3.091042453358316,no,Pet Kennel Dog Mat Dog Bed Pet Supplies Cat Kennel Dog Kennel Plush Round Winter Warm Mat,Pet Kennel Dog Mat,Cachorro
Pet Dog Sunglasses Summer Windproof Foldable Sunscreen Anti-Uv Goggles Pet Supplies Puppy Dog Accessories,4.5,197,119 sold,311,119.0,Outros,5.288267030694535,5.7430031878094825,4.787491742782046,en,Pet Dog Sunglasses Summer Windproof Foldable Sunscreen Anti-Uv Goggles Pet Supplies Puppy Dog Accessories,Pet Dog Sunglasses Summer,Cachorro
350/1000ml Large Collapsible Dog Pet Folding Silicone Bowl Outdoor Travel Portable Puppy Food Container Feeder Dish Bowl,4.9,1563,"1,000+ sold",442,1000.0,Alimentação,7.355001921105257,6.093569770045136,6.90875477931522,en,350/1000ml Large Collapsible Dog Pet Folding Silicone Bowl Outdoor Travel Portable Puppy Food Container Feeder Dish Bowl,350/1000ml Large Collapsible Dog,Cachorro
Cat Canvas Hammock Bed Pet Cats Dogs Beds Double-Sided Hanging Bed Pet Swing Beds Hamster Squirrel Cat Rest Sleep Supplies,4.9,2317,233 sold,826,233.0,Conforto,7.748460023899697,6.717804695023691,5.455321115357702,en,Cat Canvas Hammock Bed Pet Cats Dogs Beds Double-Sided Hanging Bed Pet Swing Beds Hamster Squirrel Cat Rest Sleep Supplies,Cat Canvas Hammock Bed,Cachorro
10pcs Dogs  Accessories Small Dog Pet Bow Tie Summer Pet Supplies Sumflwer Style Dog Neckties For Dogs Supplies Pet Dog Products,0.0,484,9 sold,2,9.0,Outros,6.184148890937483,1.0986122886681098,2.302585092994046,en,10pcs Dogs  Accessories Small Dog Pet Bow Tie Summer Pet Supplies Sumflwer Style Dog Neckties For Dogs Supplies Pet Dog Products,10pcs Dogs Accessories Small,Cachorro
"10PCs/Lot Plastic Playing Balls for Cats, Pet Training, Interactive Game Products, Cat, Kitten, Golf, Feather Ball Pet Supplies",5.0,22,18 sold,6,18.0,Brinquedos,3.1354942159291497,1.9459101490553128,2.9444389791664403,en,"10PCs/Lot Plastic Playing Balls for Cats, Pet Training, Interactive Game Products, Cat, Kitten, Golf, Feather Ball Pet Supplies",10PCs/Lot Plastic Playing Balls,Gato
Silicone Dog Treat Bag Pet Portable Dog Training Waist Bag Outdoor Feeder Puppy Snack Pouch Food Reward Storage Bag Pet Supplies,4.7,71,498 sold,163,498.0,Alimentação,4.276666119016055,5.099866427824199,6.212606095751519,en,Silicone Dog Treat Bag Pet Portable Dog Training Waist Bag Outdoor Feeder Puppy Snack Pouch Food Reward Storage Bag Pet Supplies,Silicone Dog Treat Bag,Cachorro
Pet Cat Dog Food Shovel with Sealing Bag Clip Spoon Multifunction Thicken Feeding Scoop Tool Creative Measuring Cup Pet Supplies,5.0,5018,78 sold,54,78.0,Alimentação,8.520985989654934,4.007333185232471,4.3694478524670215,en,Pet Cat Dog Food Shovel with Sealing Bag Clip Spoon Multifunction Thicken Feeding Scoop Tool Creative Measuring Cup Pet Supplies,Pet Cat Dog Food,Cachorro
Super Soft Pet Finger Toothbrush Dog Brush Bad Breath Tartar Teeth Tool Cat Toothbrush Dog Supplies Pet Accessories,4.7,1113,142 sold,242,142.0,Higiene,7.01571242048723,5.493061443340548,4.962844630259907,en,Super Soft Pet Finger Toothbrush Dog Brush Bad Breath Tartar Teeth Tool Cat Toothbrush Dog Supplies Pet Accessories,Super Soft Pet Finger,Cachorro
Pet Bath Brush Cleaning Bath Massage Brush Silicone Large Capacity Body Wash Storage Cats Dogs Cleaning Grooming Supplies,4.4,86,246 sold,588,246.0,Higiene,4.465908118654584,6.3784261836515865,5.5093883366279774,en,Pet Bath Brush Cleaning Bath Massage Brush Silicone Large Capacity Body Wash Storage Cats Dogs Cleaning Grooming Supplies,Pet Bath Brush Cleaning,Cachorro
New Catnip Toys for Cats 360 Degree Teeth Cleaning Accessories Pet Toy Interactive Games Rubber Toothbursh Chew Pet Cat Supplies,4.7,59,386 sold,483,386.0,Brinquedos,4.0943445622221,6.182084906716632,5.958424693029782,en,New Catnip Toys for Cats 360 Degree Teeth Cleaning Accessories Pet Toy Interactive Games Rubber Toothbursh Chew Pet Cat Supplies,New Catnip Toys for,Gato
Custom Large Dog Collar Cute Print Personalized Pet Collar Nylon Puppy Dogs ID Collars Engraved Name for Small Medium Large Dog,4.8,46192,"1,000+ sold",7674,1000.0,Acessórios,10.740583550438735,8.945723572455398,6.90875477931522,en,Custom Large Dog Collar Cute Print Personalized Pet Collar Nylon Puppy Dogs ID Collars Engraved Name for Small Medium Large Dog,Custom Large Dog Collar,Cachorro
100pcs Bulk Pet Dog Hair Accessories Dog Hair Bows with Diomand Lace Rubber Band Grooming for Small Dogs Puppy Bows Pet Supplies,0.0,24,26 sold,25,26.0,Higiene,3.218875824868201,3.258096538021482,3.295836866004329,en,100pcs Bulk Pet Dog Hair Accessories Dog Hair Bows with Diomand Lace Rubber Band Grooming for Small Dogs Puppy Bows Pet Supplies,100pcs Bulk Pet Dog,Cachorro
10PCS/Lot Halloween Pet Porducts  Cute Pet Dog Cat Bow Ties Adjustable Dog Bowties Grooming Accessories Dog Collar Pet Supplies,5.0,14,57 sold,29,57.0,Acessórios,2.70805020110221,3.4011973816621555,4.060443010546419,en,10PCS/Lot Halloween Pet Porducts  Cute Pet Dog Cat Bow Ties Adjustable Dog Bowties Grooming Accessories Dog Collar Pet Supplies,10PCS/Lot Halloween Pet Porducts,Cachorro
Cat Toys Sound Carrot Cuddle cat stick since fun fun cat teething stick anti-bite cat scratch board pet supplies,5.0,188,7 sold,5,7.0,Brinquedos,5.241747015059643,1.791759469228055,2.079441541679836,en,Cat Toys Sound Carrot Cuddle cat stick since fun fun cat teething stick anti-bite cat scratch board pet supplies,Cat Toys Sound Carrot,Gato
2pcs Pet Cat Toy Color Winding Mouse Cat Toy Pet Supplies Cat Interactive Chew Toy Pet Accessories,5.0,30,54 sold,15,54.0,Brinquedos,3.4339872044851463,2.772588722239781,4.007333185232471,en,2pcs Pet Cat Toy Color Winding Mouse Cat Toy Pet Supplies Cat Interactive Chew Toy Pet Accessories,2pcs Pet Cat Toy,Gato
Lightweight Dog Pooper Scooper Portable Claw Poop Scooper with Built-In Poop Bag Dispenser Lightweight Pet Waste Pick-up Cleaner,3.0,93,9 sold,22,9.0,Higiene,4.543294782270004,3.1354942159291497,2.302585092994046,en,Lightweight Dog Pooper Scooper Portable Claw Poop Scooper with Built-In Poop Bag Dispenser Lightweight Pet Waste Pick-up Cleaner,Lightweight Dog Pooper Scooper,Cachorro
Double Sided Dog Bed Big Size Extra Large Dogs House Sofa Kennel Soft Fleece Pet Dog Cat Warm Bed S-L Pet Accessories Dog Kennel,4.8,283,121 sold,282,121.0,Conforto,5.648974238161206,5.645446897643238,4.804021044733257,da,Double Sided Dog Bed Big Size Extra Large Dogs House Sofa Kennel Soft Fleece Pet Dog Cat Warm Bed S-L Pet Accessories Dog Kennel,Double Sided Dog Bed,Cachorro
Portable Dog Water Bottle Foldable Pet Feeder Bowl Water Bottle Pets Outdoor Travel Drinking Dog Bowls Drink Bowl Dogs BPA Free,4.6,21,249 sold,324,249.0,Alimentação,3.091042453358316,5.783825182329737,5.521460917862246,no,Portable Dog Water Bottle Foldable Pet Feeder Bowl Water Bottle Pets Outdoor Travel Drinking Dog Bowls Drink Bowl Dogs BPA Free,Portable Dog Water Bottle,Cachorro
Dog Toys for Small Large Dogs Animal Plush Dog Squeaky Toy Puppy Chew Toys Bite Resistant Pet Toy With Sounding Collision Color,4.7,27,500+ sold,969,500.0,Brinquedos,3.332204510175204,6.877296071497429,6.2166061010848646,en,Dog Toys for Small Large Dogs Animal Plush Dog Squeaky Toy Puppy Chew Toys Bite Resistant Pet Toy With Sounding Collision Color,Dog Toys for Small,Cachorro
1/3pc Dog Toys Funny Sausage Shape Interactive Training for Puppy Dog Chew Toys Bite-resistant Dogs Grinding Teeth Pet Supplies,5.0,89,118 sold,107,118.0,Brinquedos,4.499809670330265,4.68213122712422,4.77912349311153,en,1/3pc Dog Toys Funny Sausage Shape Interactive Training for Puppy Dog Chew Toys Bite-resistant Dogs Grinding Teeth Pet Supplies,1/3pc Dog Toys Funny,Cachorro
Adjustable Leather Pet Dog Collar Neck Strap Supplies PU Leather Punk Rivet Spiked Dog Collar Pet Collars for Small Dog Cat,5.0,25,24 sold,32,24.0,Acessórios,3.258096538021482,3.49650756146648,3.218875824868201,en,Adjustable Leather Pet Dog Collar Neck Strap Supplies PU Leather Punk Rivet Spiked Dog Collar Pet Collars for Small Dog Cat,Adjustable Leather Pet Dog,Cachorro
Dog Plush Toys Pet Squeaky Printed Beer Bottle Shape Toy Dog Bite-Resistant Clean Teeth Chew Toy Pet Supplies Interactive Toys,4.9,43,500+ sold,183,500.0,Brinquedos,3.784189633918261,5.214935757608986,6.2166061010848646,en,Dog Plush Toys Pet Squeaky Printed Beer Bottle Shape Toy Dog Bite-Resistant Clean Teeth Chew Toy Pet Supplies Interactive Toys,Dog Plush Toys Pet,Cachorro
Two-sided Dog Comb Hair Removal Brush Flea Comb Cats Pet Supplies Grooming Fine-toothed Pet Comb Cleaning Tool Dogs Lice Brush,5.0,966,40 sold,106,40.0,Higiene,6.874198495453294,4.672828834461906,3.713572066704308,en,Two-sided Dog Comb Hair Removal Brush Flea Comb Cats Pet Supplies Grooming Fine-toothed Pet Comb Cleaning Tool Dogs Lice Brush,Two-sided Dog Comb Hair,Cachorro
Pet Dog Squeaky Plush Dinosaur Toys Interactive Dog Chew Toys Plush Stuffing Pet Supplies Small Dog Chew Molar Toys,5.0,41,64 sold,86,64.0,Brinquedos,3.737669618283368,4.465908118654584,4.174387269895637,en,Pet Dog Squeaky Plush Dinosaur Toys Interactive Dog Chew Toys Plush Stuffing Pet Supplies Small Dog Chew Molar Toys,Pet Dog Squeaky Plush,Cachorro
Cozy Lambswool Kennel for Small and Large Pets pet bed  pets  pet  dog  dog bed,4.0,12526,400 sold,238,400.0,Conforto,9.435641593844192,5.476463551931511,5.993961427306569,no,Cozy Lambswool Kennel for Small and Large Pets pet bed  pets  pet  dog  dog bed,Cozy Lambswool Kennel for,Cachorro
Cat Litter Mat Pet Toilet Waterproof Double Layer Pet Litter Box Mat Nonslip Sand Cat Washable Mat Clean Pad Pet Clean Supplies,4.8,1404,173 sold,327,173.0,Conforto,7.247792581767846,5.793013608384144,5.159055299214529,en,Cat Litter Mat Pet Toilet Waterproof Double Layer Pet Litter Box Mat Nonslip Sand Cat Washable Mat Clean Pad Pet Clean Supplies,Cat Litter Mat Pet,Gato
"Coussin de glace respirant lavable en machine pour animaux de compagnie, coussin de refroidissement pour chien et chat, fournitures pour animaux de compagnie, grand et petit, 55x70cm, été",4.4,23935,56 Vendus,55,56.0,Sanitário,10.083138880774204,4.02535169073515,4.04305126783455,fr,Summer Breathable Machine Washable Pet Ice Pad Dog Cat Cooling Pad Pet Supplies Large Small 55x70cm,Summer Breathable Machine Washable,Cachorro
Automatic Retractable Dog Rope Nylon Leash Pet Cat Walking Running For Small Medium Dogs  Perfect for Outdoor,4.6,212,38 sold,7,38.0,Acessórios,5.3612921657094255,2.079441541679836,3.6635616461296463,en,Automatic Retractable Dog Rope Nylon Leash Pet Cat Walking Running For Small Medium Dogs  Perfect for Outdoor,Automatic Retractable Dog Rope,Cachorro
HOOPET Pet Dog Toys Toy Funny Interactive Ball Dog Chew Toy For Dog Ball Of Food Rubber Balls Pets Supplies,4.8,1470,190 sold,127,190.0,Brinquedos,7.293697720601438,4.852030263919617,5.25227342804663,en,HOOPET Pet Dog Toys Toy Funny Interactive Ball Dog Chew Toy For Dog Ball Of Food Rubber Balls Pets Supplies,HOOPET Pet Dog Toys,Cachorro
High-quality Nylon Plaid Christmas Series Pet Harness Set Small and Medium-sized Dog Leash,5.0,1094,26 sold,22,26.0,Acessórios,6.9985096422506015,3.1354942159291497,3.295836866004329,en,High-quality Nylon Plaid Christmas Series Pet Harness Set Small and Medium-sized Dog Leash,High-quality Nylon Plaid Christmas,Cachorro
Pet Lick Silicone Mat for Dogs Pet Slow Food Plate Dog Bathing Distraction Silicone Dog Sucker Food Training Dog Feeder Supplies,0.0,1995,3 sold,3,3.0,Alimentação,7.59890045687141,1.3862943611198906,1.3862943611198906,en,Pet Lick Silicone Mat for Dogs Pet Slow Food Plate Dog Bathing Distraction Silicone Dog Sucker Food Training Dog Feeder Supplies,Pet Lick Silicone Mat,Cachorro
30pcs Cute Pet Dog Hair Bows Solid Grooming Bows with Rubber Band Gifts for Small Dogs Hand-made Headwear Dog Supplies,4.7,38,148 sold,48,148.0,Higiene,3.6635616461296463,3.8918202981106265,5.003946305945459,en,30pcs Cute Pet Dog Hair Bows Solid Grooming Bows with Rubber Band Gifts for Small Dogs Hand-made Headwear Dog Supplies,30pcs Cute Pet Dog,Cachorro
Super Absorbent Pet Diaper Dog Thick Pee Pads Quickdry Disposable Urine Nappy Mat For Cats Dog Diapers Deodorant Pet Supplies,3.5,91,24 sold,9,24.0,Conforto,4.5217885770490405,2.302585092994046,3.218875824868201,en,Super Absorbent Pet Diaper Dog Thick Pee Pads Quickdry Disposable Urine Nappy Mat For Cats Dog Diapers Deodorant Pet Supplies,Super Absorbent Pet Diaper,Cachorro
100PCS/Set Pets Dogs Cats Cleaning Paper Towel Eyes Wet Wipes Tear Stain Remover Non-intivating Wipes Grooming Supplies,0.0,10,13 sold,27,13.0,Higiene,2.3978952727983707,3.332204510175204,2.6390573296152584,en,100PCS/Set Pets Dogs Cats Cleaning Paper Towel Eyes Wet Wipes Tear Stain Remover Non-intivating Wipes Grooming Supplies,100PCS/Set Pets Dogs Cats,Cachorro
Portable Car Pet Fence Dog Safety Isolation Net Children Travel Rail Barrier Mesh Puppy Stockade Anti-collision Net Pet Supplies,4.8,70,70 sold,64,70.0,Outros,4.262679877041316,4.174387269895637,4.262679877041316,en,Portable Car Pet Fence Dog Safety Isolation Net Children Travel Rail Barrier Mesh Puppy Stockade Anti-collision Net Pet Supplies,Portable Car Pet Fence,Cachorro
Pet Supplies Nylon Printing Washable Duck Diaper Chicken Goose Adjustable Nappy Clothes Bowknot Design With Elastic Band,3.3,169,53 sold,32,53.0,Acessórios,5.135798437050262,3.49650756146648,3.9889840465642745,en,Pet Supplies Nylon Printing Washable Duck Diaper Chicken Goose Adjustable Nappy Clothes Bowknot Design With Elastic Band,Pet Supplies Nylon Printing,Outros
Dog Toys Funny  Recordable Pet Travel Talking Pet Starters Pet Speaking Buttons Portable Cute Pet Supplies Communication Dog,4.9,966,44 sold,19,44.0,Brinquedos,6.874198495453294,2.995732273553991,3.80666248977032,en,Dog Toys Funny  Recordable Pet Travel Talking Pet Starters Pet Speaking Buttons Portable Cute Pet Supplies Communication Dog,Dog Toys Funny Recordable,Cachorro
Multifunction Pet Slow Feeder Bowls Dog Licking Mat With Suction Cups For Anxiety Relief Dog Cat Water Drinking Eating Food,4.8,44,224 sold,765,224.0,Alimentação,3.80666248977032,6.641182169740591,5.41610040220442,en,Multifunction Pet Slow Feeder Bowls Dog Licking Mat With Suction Cups For Anxiety Relief Dog Cat Water Drinking Eating Food,Multifunction Pet Slow Feeder,Cachorro
Creative  Pet Toys For Dog Funny Chew Knot Cotton Bone Rope Puppy Dog Toy Pets Dogs Pet Supplies Pet Chewing Twist Rope,5.0,43,18 sold,6,18.0,Brinquedos,3.784189633918261,1.9459101490553128,2.9444389791664403,en,Creative  Pet Toys For Dog Funny Chew Knot Cotton Bone Rope Puppy Dog Toy Pets Dogs Pet Supplies Pet Chewing Twist Rope,Creative Pet Toys For,Cachorro
Pet Training Clicker Professional Grooming Tools Dog Trainer Obedience Agility Tool Wrist Strap Animal Supplies,0.0,100,17 sold,9,17.0,Conforto,4.61512051684126,2.302585092994046,2.8903717578961645,en,Pet Training Clicker Professional Grooming Tools Dog Trainer Obedience Agility Tool Wrist Strap Animal Supplies,Pet Training Clicker Professional,Cachorro
New Folding 550ml Pet Outdoor Walking Mug Portable Travel Water Bottle Puppy Cats Dogs Drinking Water Dispenser Cup Supplies,4.6,11,44 sold,105,44.0,Outros,2.4849066497880004,4.663439094112067,3.80666248977032,en,New Folding 550ml Pet Outdoor Walking Mug Portable Travel Water Bottle Puppy Cats Dogs Drinking Water Dispenser Cup Supplies,New Folding 550ml Pet,Cachorro
1PC Teaser Feather Toys Kitten Funny Colorful Rod Cat Wand Toys Wood Pet Cat Toys Interactive Stick Pet Cat Supplies,4.8,107,396 sold,253,396.0,Brinquedos,4.68213122712422,5.537334267018537,5.983936280687191,en,1PC Teaser Feather Toys Kitten Funny Colorful Rod Cat Wand Toys Wood Pet Cat Toys Interactive Stick Pet Cat Supplies,1PC Teaser Feather Toys,Gato
Interactive Cat Toys Funny Feather Teaser Stick with Bell Pets Collar Kitten Playing Teaser Wand Training Toys for Cats Supplies,4.7,143,900+ sold,718,900.0,Brinquedos,4.969813299576001,6.577861357721047,6.803505257608338,en,Interactive Cat Toys Funny Feather Teaser Stick with Bell Pets Collar Kitten Playing Teaser Wand Training Toys for Cats Supplies,Interactive Cat Toys Funny,Gato
Dogs Pee Training Spray 30ml Inducer Pet Toilet Positioning Defecation Puppy Potty Spray Urinate Aids Useful Supplies,0.0,2,3 sold,6,3.0,Outros,1.0986122886681098,1.9459101490553128,1.3862943611198906,en,Dogs Pee Training Spray 30ml Inducer Pet Toilet Positioning Defecation Puppy Potty Spray Urinate Aids Useful Supplies,Dogs Pee Training Spray,Cachorro
"A mini cartoon cow plush toy for pet grinding teeth cleaning teeth play plush toy, there is no sound inside, suitable for pets t",5.0,82,16 sold,14,16.0,Brinquedos,4.418840607796598,2.70805020110221,2.833213344056216,en,"A mini cartoon cow plush toy for pet grinding teeth cleaning teeth play plush toy, there is no sound inside, suitable for pets t",A mini cartoon cow,Outros
Smart Cat Toys Interactive Ball Plush Electric Catnip Training Toy Kitten Touch Sounding Pet Product Squeak Toy Ball Cat Supplie,4.8,483,"2,000+ sold",17264,2000.0,Brinquedos,6.182084906716632,9.756436609824092,7.601402334583733,en,Smart Cat Toys Interactive Ball Plush Electric Catnip Training Toy Kitten Touch Sounding Pet Product Squeak Toy Ball Cat Supplie,Smart Cat Toys Interactive,Gato
Cat toy Ball Feather Funny Cat Toy Star Ball Plus Feather Foam Ball Throwing Toys Interactive Plush Toys Pet Supplies,4.7,102,12 sold,9,12.0,Brinquedos,4.634728988229636,2.302585092994046,2.5649493574615367,en,Cat toy Ball Feather Funny Cat Toy Star Ball Plus Feather Foam Ball Throwing Toys Interactive Plush Toys Pet Supplies,Cat toy Ball Feather,Gato
10PCS Puppy Hair Bowknot Spring New Pet Headwear Small Dog Bows Rubber Bands Pet Supplies Pet Dog Grooming Accessories,0.0,28,12 sold,3,12.0,Higiene,3.367295829986474,1.3862943611198906,2.5649493574615367,en,10PCS Puppy Hair Bowknot Spring New Pet Headwear Small Dog Bows Rubber Bands Pet Supplies Pet Dog Grooming Accessories,10PCS Puppy Hair Bowknot,Cachorro
Kitten Touch Sounding Pet Product Squeak Toy Ball Cat Supplie Smart Cat Toys Interactive Ball Plush Electric Catnip Training Toy,4.9,59875,151 sold,379,151.0,Brinquedos,11.000031036035129,5.940171252720432,5.0238805208462765,en,Kitten Touch Sounding Pet Product Squeak Toy Ball Cat Supplie Smart Cat Toys Interactive Ball Plush Electric Catnip Training Toy,Kitten Touch Sounding Pet,Gato
"Funny Screaming Chicken Toys, Squeezing Sound, Teeth Grinding, Suitable for Small to Medium Dogs, Pet Products, Home Supplies",4.2,1290,145 sold,18,145.0,Brinquedos,7.1631723908466425,2.9444389791664403,4.983606621708336,en,"Funny Screaming Chicken Toys, Squeezing Sound, Teeth Grinding, Suitable for Small to Medium Dogs, Pet Products, Home Supplies","Funny Screaming Chicken Toys,",Cachorro
1000ml Large Collapsible Dog Pet Folding Silicone Bowl Outdoor Travel Portable Puppy Food Container Feeder Dish Bowl,4.8,10789,"2,000+ sold",20672,2000.0,Alimentação,9.28637505825218,9.936583780025318,7.601402334583733,en,1000ml Large Collapsible Dog Pet Folding Silicone Bowl Outdoor Travel Portable Puppy Food Container Feeder Dish Bowl,1000ml Large Collapsible Dog,Cachorro
Dog Toys Wholesale Latex Sound Toys Bite Resistant Pet Toys Wholesale Teething Pet Supplies Dog Toys,4.3,247,71 sold,48,71.0,Brinquedos,5.513428746164983,3.8918202981106265,4.276666119016055,en,Dog Toys Wholesale Latex Sound Toys Bite Resistant Pet Toys Wholesale Teething Pet Supplies Dog Toys,Dog Toys Wholesale Latex,Cachorro
"Pet supplies Color Slow Feeder Cat Bowl Anti-choking Plastic Dog Puzzle Food Bowl, Dog Water Basin For Anxiety Relief",4.6,126,120 sold,96,120.0,Alimentação,4.844187086458591,4.574710978503383,4.795790545596741,en,"Pet supplies Color Slow Feeder Cat Bowl Anti-choking Plastic Dog Puzzle Food Bowl, Dog Water Basin For Anxiety Relief",Pet supplies Color Slow,Cachorro
Rubber Dog Molar Toothbrush Toys Chew Cleaning Teeth Safe Puppy Dental Care Soft Pet Cleaning Toy Supplies Pet accessories,4.6,558,36 sold,14,36.0,Brinquedos,6.326149473155099,2.70805020110221,3.610917912644224,en,Rubber Dog Molar Toothbrush Toys Chew Cleaning Teeth Safe Puppy Dental Care Soft Pet Cleaning Toy Supplies Pet accessories,Rubber Dog Molar Toothbrush,Cachorro
120cm Pet Dog Metal Wear Resistant Chain For Small Medium Dog Chain Leads Iron Chain Anti-Bite Metal Pet Dog Chain Supplies,4.9,62,33 sold,38,33.0,Outros,4.143134726391533,3.6635616461296463,3.5263605246161616,en,120cm Pet Dog Metal Wear Resistant Chain For Small Medium Dog Chain Leads Iron Chain Anti-Bite Metal Pet Dog Chain Supplies,120cm Pet Dog Metal,Cachorro
HOOPET Summer Dog Bed Cat Cool Mat Breathable Pet Sleep Ice Cushion for Small Medium Large Dog Cat Pet Cooling Mat Supplies,4.5,820,34 sold,43,34.0,Conforto,6.710523109452428,3.784189633918261,3.555348061489413,en,HOOPET Summer Dog Bed Cat Cool Mat Breathable Pet Sleep Ice Cushion for Small Medium Large Dog Cat Pet Cooling Mat Supplies,HOOPET Summer Dog Bed,Cachorro
"1pc Random Color Turtle Design Pet Grinding Teeth Squeaky Plush Toy, Durable Chew Toy For Dog Interactive Supply",4.6,35,87 sold,60,87.0,Brinquedos,3.58351893845611,4.110873864173311,4.477336814478207,en,"1pc Random Color Turtle Design Pet Grinding Teeth Squeaky Plush Toy, Durable Chew Toy For Dog Interactive Supply",1pc Random Color Turtle,Cachorro
Pet Facial Cleaning Comb Removes Tear Stains Eye-poop Comb Dog Hair Repair Scissors Cat Hair Comb Pet Clean Supplies Accessories,4.9,89,74 sold,25,74.0,Higiene,4.499809670330265,3.258096538021482,4.31748811353631,en,Pet Facial Cleaning Comb Removes Tear Stains Eye-poop Comb Dog Hair Repair Scissors Cat Hair Comb Pet Clean Supplies Accessories,Pet Facial Cleaning Comb,Cachorro
1pc Cat Toy Funny Pet Toy for Cats Interactive Cat Stick Feather Kitten Toys Random Color Pet supplies,4.8,65,49 sold,18,49.0,Brinquedos,4.189654742026425,2.9444389791664403,3.912023005428146,en,1pc Cat Toy Funny Pet Toy for Cats Interactive Cat Stick Feather Kitten Toys Random Color Pet supplies,1pc Cat Toy Funny,Gato
Lightweight Pet Water Bottle Dispenser With Lanyard Mushroom Cups Pet Supplies Perfect For Hiking Walking Traveling,4.9,51,70 sold,37,70.0,Outros,3.951243718581428,3.6375861597263857,4.262679877041316,en,Lightweight Pet Water Bottle Dispenser With Lanyard Mushroom Cups Pet Supplies Perfect For Hiking Walking Traveling,Lightweight Pet Water Bottle,Pássaro
Pet Dog Toy Rubber Chicken Leg Puppy Sound Squeaker Chew Toys for Dogs Puppy Cat Interactive Pet Supplies Dog Products Gift,4.8,36,85 sold,537,85.0,Brinquedos,3.610917912644224,6.2878585601617845,4.454347296253507,en,Pet Dog Toy Rubber Chicken Leg Puppy Sound Squeaker Chew Toys for Dogs Puppy Cat Interactive Pet Supplies Dog Products Gift,Pet Dog Toy Rubber,Cachorro
Pet Blanket Nest Small Pet Plush Dog Kennel Thick Pet Mat Dual Purpose Folding Dog Kennel Washable Universal Cat Kennel,4.7,1009,222 sold,358,222.0,Brinquedos,6.917705609835305,5.883322388488279,5.407171771460119,en,Pet Blanket Nest Small Pet Plush Dog Kennel Thick Pet Mat Dual Purpose Folding Dog Kennel Washable Universal Cat Kennel,Pet Blanket Nest Small,Cachorro
pet kennel cat kennel warm pet supplies dog bed pet bed pet mat Dog kennel removable and washable round plush,0.0,14393,7 sold,13,7.0,Brinquedos,9.57456673206775,2.6390573296152584,2.079441541679836,no,pet kennel cat kennel warm pet supplies dog bed pet bed pet mat Dog kennel removable and washable round plush,pet kennel cat kennel,Cachorro
Dog Treat Leaking Toy Pet Puzzle Interactive Tumbler Toy Puppy Cat Slow Food Feeder Dispenser Dog Training Supplies,5.0,64,15 sold,17,15.0,Brinquedos,4.174387269895637,2.8903717578961645,2.772588722239781,en,Dog Treat Leaking Toy Pet Puzzle Interactive Tumbler Toy Puppy Cat Slow Food Feeder Dispenser Dog Training Supplies,Dog Treat Leaking Toy,Cachorro
Pet Toy Food Leakage Tumbler Feeder Treat Ball Cute Little Mouse Toys Interactive Toy for Cat Food Slow Feeding Supplies,4.4,23,88 sold,79,88.0,Brinquedos,3.1780538303479458,4.382026634673881,4.48863636973214,en,Pet Toy Food Leakage Tumbler Feeder Treat Ball Cute Little Mouse Toys Interactive Toy for Cat Food Slow Feeding Supplies,Pet Toy Food Leakage,Gato
Pet Cat Dog Bow Tie Lots Mix Colors Grooming Accessories Adjustable Puppy Bow Tie Products Pet Bowtie Supplies 5pc/lot,5.0,14,42 sold,17,42.0,Higiene,2.70805020110221,2.8903717578961645,3.7612001156935615,en,Pet Cat Dog Bow Tie Lots Mix Colors Grooming Accessories Adjustable Puppy Bow Tie Products Pet Bowtie Supplies 5pc/lot,Pet Cat Dog Bow,Cachorro
Pet Dog Muzzles Adjustable French Bulldog Muzzle Dog Mouth Mask Breathable Muzzle for Anti Stop Barking Supplies Prevent Biting,4.6,2846,490 sold,594,490.0,Outros,7.954021087278037,6.38856140554563,6.19644412779452,en,Pet Dog Muzzles Adjustable French Bulldog Muzzle Dog Mouth Mask Breathable Muzzle for Anti Stop Barking Supplies Prevent Biting,Pet Dog Muzzles Adjustable,Cachorro
Dog Super Soft Double Finger Toothbrush Pet Teeth Clean Bad Breath Care TPR Tooth Brush Clean Tool Dog Toothbrush Accessories,4.7,45,57 sold,28,57.0,Higiene,3.828641396489095,3.367295829986474,4.060443010546419,en,Dog Super Soft Double Finger Toothbrush Pet Teeth Clean Bad Breath Care TPR Tooth Brush Clean Tool Dog Toothbrush Accessories,Dog Super Soft Double,Cachorro
"1pc Hot Dog Design Pet Grinding Teeth Squeaky Plush Toy, Durable Chew Toy For Dog Interactive Supply",4.5,37,47 sold,47,47.0,Brinquedos,3.6375861597263857,3.871201010907891,3.871201010907891,en,"1pc Hot Dog Design Pet Grinding Teeth Squeaky Plush Toy, Durable Chew Toy For Dog Interactive Supply",1pc Hot Dog Design,Cachorro
Portable 450ml Dog Pet Bowl Outdoor Travel Dog Accessories Dog Water Bottle Bowls Pet Supplies for Dogs,0.0,44,15 sold,19,15.0,Alimentação,3.80666248977032,2.995732273553991,2.772588722239781,en,Portable 450ml Dog Pet Bowl Outdoor Travel Dog Accessories Dog Water Bottle Bowls Pet Supplies for Dogs,Portable 450ml Dog Pet,Cachorro
Chew Bone Dog Toy Food Treats Oral Care Brown Buffalo Leather Teeth Cleaning Puppy Chew Training Molar Stick Pet Supplies,4.8,19,85 sold,15,85.0,Brinquedos,2.995732273553991,2.772588722239781,4.454347296253507,en,Chew Bone Dog Toy Food Treats Oral Care Brown Buffalo Leather Teeth Cleaning Puppy Chew Training Molar Stick Pet Supplies,Chew Bone Dog Toy,Cachorro
Dog stuffed animal beggar bear gnawing toy Grinding teeth cleaning pet supplies,4.9,105,53 sold,13,53.0,Brinquedos,4.663439094112067,2.6390573296152584,3.9889840465642745,en,Dog stuffed animal beggar bear gnawing toy Grinding teeth cleaning pet supplies,Dog stuffed animal beggar,Cachorro
10PCS/lot MixColors Wholesale Pet Dog Toys For Small Dogs Cute Puppy Cat Chew Squeaker Squeaky Plush Toy Pet Supplies,4.9,9753,149 sold,278,149.0,Brinquedos,9.185432736269998,5.631211781821365,5.010635294096256,en,10PCS/lot MixColors Wholesale Pet Dog Toys For Small Dogs Cute Puppy Cat Chew Squeaker Squeaky Plush Toy Pet Supplies,10PCS/lot MixColors Wholesale Pet,Cachorro
Pet Flea and Tick Collar for Dogs Cats Up To 8 Month Flea Tick Prevention Collar Anti-mosquito & Insect Repellent Pet Supplies,4.7,361,211 sold,96,211.0,Acessórios,5.891644211825772,4.574710978503383,5.356586274672012,en,Pet Flea and Tick Collar for Dogs Cats Up To 8 Month Flea Tick Prevention Collar Anti-mosquito & Insect Repellent Pet Supplies,Pet Flea and Tick,Cachorro
Pet Waste Picker Travel Outdoor Poop Spoon Cleaning Pickup Removal Jig Cleaning Tools Pet Cleaning Supplies,5.0,28,23 sold,81,23.0,Higiene,3.367295829986474,4.406719247264253,3.1780538303479458,en,Pet Waste Picker Travel Outdoor Poop Spoon Cleaning Pickup Removal Jig Cleaning Tools Pet Cleaning Supplies,Pet Waste Picker Travel,Pássaro
1PC Pet cat toys suction cups steel wire feather cat teaser rod long pole with bell cat self high boredom relief supplies,4.5,41,96 sold,14,96.0,Brinquedos,3.737669618283368,2.70805020110221,4.574710978503383,en,1PC Pet cat toys suction cups steel wire feather cat teaser rod long pole with bell cat self high boredom relief supplies,1PC Pet cat toys,Gato
Dog Anti Lost Safety Glowing Collar Outdoor Waterproof Warning LED Flashing Light Strip for Pet Leash Harness Dog Accessories,4.7,39,397 sold,497,397.0,Acessórios,3.688879454113936,6.210600077024653,5.986452005284438,en,Dog Anti Lost Safety Glowing Collar Outdoor Waterproof Warning LED Flashing Light Strip for Pet Leash Harness Dog Accessories,Dog Anti Lost Safety,Cachorro
"Dog Training Portable Dog Click Trainer Aid Tool Pet Training Click Sound, Guide Obedience Dog Supplies",4.8,23,122 sold,48,122.0,Conforto,3.1780538303479458,3.8918202981106265,4.812184355372417,en,"Dog Training Portable Dog Click Trainer Aid Tool Pet Training Click Sound, Guide Obedience Dog Supplies",Dog Training Portable Dog,Cachorro
Portable Dog Treat Bag Tactical Durable Lightweight Food Pet Pouch With Rotatable Carabiner For Puppy Pet Supplies,5.0,299,182 sold,349,182.0,Alimentação,5.703782474656201,5.857933154483459,5.209486152841421,en,Portable Dog Treat Bag Tactical Durable Lightweight Food Pet Pouch With Rotatable Carabiner For Puppy Pet Supplies,Portable Dog Treat Bag,Cachorro
Suitable for All Seasons Summer Dog Bed Closed Mattress Pet Bed Dog Bed Dog Mat Pet Mat Removable and Washable Cat Bed,0.0,3000,0 sold,0,0.0,Conforto,8.006700845440367,0.0,0.0,en,Suitable for All Seasons Summer Dog Bed Closed Mattress Pet Bed Dog Bed Dog Mat Pet Mat Removable and Washable Cat Bed,Suitable for All Seasons,Cachorro
"Creative pet toys with eight ball shaped knots, cat and dog teeth grinding, relieving stress, cotton rope toy supplies",5.0,179,19 sold,11,19.0,Brinquedos,5.19295685089021,2.4849066497880004,2.995732273553991,en,"Creative pet toys with eight ball shaped knots, cat and dog teeth grinding, relieving stress, cotton rope toy supplies",Creative pet toys with,Cachorro
500ml Clear Plastic Bottle Fittings for Pet Puppy Kitten Automatic Refill Bowl Bottle Replacement Pet Supplies Feeder Accesorios,4.7,27,129 sold,178,129.0,Alimentação,3.332204510175204,5.187385805840755,4.867534450455582,en,500ml Clear Plastic Bottle Fittings for Pet Puppy Kitten Automatic Refill Bowl Bottle Replacement Pet Supplies Feeder Accesorios,500ml Clear Plastic Bottle,Cachorro
With 4 Way Lock Security Flap Door Dog Cat Flap Door For Dog Cat Kitten Cat Puppy Safety Gate Small Pet Supplies ABS Plastic,4.8,573,26 sold,12,26.0,Outros,6.352629396319567,2.5649493574615367,3.295836866004329,en,With 4 Way Lock Security Flap Door Dog Cat Flap Door For Dog Cat Kitten Cat Puppy Safety Gate Small Pet Supplies ABS Plastic,With 4 Way Lock,Cachorro
Dog ringer pet supplies trainer metal sounding bell cat and dog barking ordering bell dog footprints intelligence toy,5.0,483,14 sold,3,14.0,Brinquedos,6.182084906716632,1.3862943611198906,2.70805020110221,da,Dog ringer pet supplies trainer metal sounding bell cat and dog barking ordering bell dog footprints intelligence toy,Dog ringer pet supplies,Cachorro
100pieces/Set Pet Elastic Hair Band Cute Dog Grooming Hair Accessories Diameter 0.87inch Colorful Puppy Rubber Band Pet Supplies,5.0,15954,85 sold,36,85.0,Higiene,9.677527538712344,3.610917912644224,4.454347296253507,en,100pieces/Set Pet Elastic Hair Band Cute Dog Grooming Hair Accessories Diameter 0.87inch Colorful Puppy Rubber Band Pet Supplies,100pieces/Set Pet Elastic Hair,Cachorro
Small and Large Lamb Plush Dog Nest Taidi Bears Pet Nest Mat Supplies,5.0,2768,47 sold,24,47.0,Brinquedos,7.926241523170962,3.218875824868201,3.871201010907891,en,Small and Large Lamb Plush Dog Nest Taidi Bears Pet Nest Mat Supplies,Small and Large Lamb,Cachorro
Pet Food Measuring Scoop Electronic Dog Cat Food Measuring Cup Digital Spoon Scale Kitchen Food Scale with LED Display,4.6,667,"3,000+ sold",5406,3000.0,Alimentação,6.504288173536645,8.595449689382004,8.006700845440367,en,Pet Food Measuring Scoop Electronic Dog Cat Food Measuring Cup Digital Spoon Scale Kitchen Food Scale with LED Display,Pet Food Measuring Scoop,Cachorro
Big Bed Pet Sleeping Bes Large Dogs Accessories Pet Items Pet Medium Waterproof Cushion Mat Supplies Kennel Products Home Garden,4.5,72,283 sold,918,283.0,Conforto,4.290459441148391,6.823286122355687,5.648974238161206,en,Big Bed Pet Sleeping Bes Large Dogs Accessories Pet Items Pet Medium Waterproof Cushion Mat Supplies Kennel Products Home Garden,Big Bed Pet Sleeping,Cachorro
1pc Cat Toy Stick Feather Wand With Bell Mouse Cage Toys Plastic Artificial Colorful Cat Teaser Toy Pet Supplies Random Color,4.6,241,31 sold,20,31.0,Brinquedos,5.488937726156687,3.044522437723423,3.4657359027997265,en,1pc Cat Toy Stick Feather Wand With Bell Mouse Cage Toys Plastic Artificial Colorful Cat Teaser Toy Pet Supplies Random Color,1pc Cat Toy Stick,Gato
Cute Cat Bed Pet House Kitten Lounger Cushion Small Dog Tent Mat Washable Puppy Basket Cave Mat Soft for Cats House Bed Supplies,4.8,29240,700+ sold,1264,700.0,Conforto,10.28332711300532,7.142827401161621,6.55250788703459,en,Cute Cat Bed Pet House Kitten Lounger Cushion Small Dog Tent Mat Washable Puppy Basket Cave Mat Soft for Cats House Bed Supplies,Cute Cat Bed Pet,Cachorro
Cats Toys Cat Mint Ball Rotation Catnip Wall Ball Licking Snacks Freshen Breath Remove Hair Balls Pet Supplies Cats Accessories,3.4,13035,41 sold,255,41.0,Brinquedos,9.475470039957452,5.545177444479562,3.737669618283368,en,Cats Toys Cat Mint Ball Rotation Catnip Wall Ball Licking Snacks Freshen Breath Remove Hair Balls Pet Supplies Cats Accessories,Cats Toys Cat Mint,Gato
Pet Folding Silicone Bowl Large Outdoor Pet Travel Bowl Collapsible Dog Food Bowl Water Portable Puppy Food Container Feeder,4.9,164,600+ sold,215,600.0,Alimentação,5.10594547390058,5.375278407684165,6.398594934535208,en,Pet Folding Silicone Bowl Large Outdoor Pet Travel Bowl Collapsible Dog Food Bowl Water Portable Puppy Food Container Feeder,Pet Folding Silicone Bowl,Cachorro
Portable Dog Water Bottle For Small Large Dogs Bowl Outdoor Walking Puppy Pet Travel Water Bottle Cat Drinking Bowl Dog Supplies,5.0,147,324 sold,253,324.0,Alimentação,4.997212273764115,5.537334267018537,5.783825182329737,en,Portable Dog Water Bottle For Small Large Dogs Bowl Outdoor Walking Puppy Pet Travel Water Bottle Cat Drinking Bowl Dog Supplies,Portable Dog Water Bottle,Cachorro
고양이 인터랙티브 장난감 간지럼 고양이 다채로운 바운싱 공 애완 동물 용품 퍼즐 놀리는 실내 고양이 벌레 애벌레 탄성 장난감,4.6,437,600+ 누적 판매,145,600.0,Brinquedos,6.082218910376446,4.983606621708336,6.398594934535208,ko,Cat Interactive Toy Tickle Cat Colorful Bouncing Ball Pet Supplies Puzzle Teasing Indoor Cat Worm Larvae Elastic Toy,Cat Interactive Toy Tickle,Gato
1Pcs Bone Shaped Poop Bag Dispenser Pet Dog Waste Bag Holder Plastic Garbage Bag Dispenser Carrier Case Disposal Bag Dispenser,5.0,498,2 sold,1,2.0,Outros,6.212606095751519,0.6931471805599453,1.0986122886681098,nl,1Pcs Bone Shaped Poop Bag Dispenser Pet Dog Waste Bag Holder Plastic Garbage Bag Dispenser Carrier Case Disposal Bag Dispenser,1Pcs Bone Shaped Poop,Cachorro
Pet dog toy Cotton rope double knot ball Bite resistant tooth cleaning toy ball pet supplies,4.9,37,163 sold,30,163.0,Brinquedos,3.6375861597263857,3.4339872044851463,5.099866427824199,en,Pet dog toy Cotton rope double knot ball Bite resistant tooth cleaning toy ball pet supplies,Pet dog toy Cotton,Cachorro
Pet Dog Waste Bag Dispenser Poop Bag Cat Trash Carrier Pet Bag Loader Cleaning Tool Pet Products Fecal Shape Outdoor Portable,4.9,46,252 sold,233,252.0,Higiene,3.8501476017100575,5.455321115357702,5.53338948872752,en,Pet Dog Waste Bag Dispenser Poop Bag Cat Trash Carrier Pet Bag Loader Cleaning Tool Pet Products Fecal Shape Outdoor Portable,Pet Dog Waste Bag,Cachorro
Banana Cat Bed House Funny Cute Cozy Cat Mat Beds Warm Durable Portable Pet Basket Kennel Dog Cushion Cat Supplies Multicolor,3.9,246,29 sold,37,29.0,Conforto,5.5093883366279774,3.6375861597263857,3.4011973816621555,en,Banana Cat Bed House Funny Cute Cozy Cat Mat Beds Warm Durable Portable Pet Basket Kennel Dog Cushion Cat Supplies Multicolor,Banana Cat Bed House,Cachorro
Dog Bag Pet Puppy Carrier S/L Outdoor Travel Dog Shoulder Bag Mesh Oxford Single Comfort Sling Handbag Tote Pouch,4.6,76,199 sold,154,199.0,Outros,4.343805421853684,5.043425116919247,5.298317366548036,en,Dog Bag Pet Puppy Carrier S/L Outdoor Travel Dog Shoulder Bag Mesh Oxford Single Comfort Sling Handbag Tote Pouch,Dog Bag Pet Puppy,Cachorro
Pet Dog Flying Disk Toy Silicone Material Environmentally Friendly Anti-Chew Dog Puppy Interactive Training Pet Supplies,4.4,152,91 sold,21,91.0,Brinquedos,5.030437921392435,3.091042453358316,4.5217885770490405,en,Pet Dog Flying Disk Toy Silicone Material Environmentally Friendly Anti-Chew Dog Puppy Interactive Training Pet Supplies,Pet Dog Flying Disk,Cachorro
Ladybugs Live Pet Mat Autumn And Winter Thickened Pet Bed Comfortable Cat And Dog Sleeping Pad Pet Call Resin,5.0,11,43 sold,36,43.0,Conforto,2.4849066497880004,3.610917912644224,3.784189633918261,en,Ladybugs Live Pet Mat Autumn And Winter Thickened Pet Bed Comfortable Cat And Dog Sleeping Pad Pet Call Resin,Ladybugs Live Pet Mat,Cachorro
Pet Dog Footprint Handprint Pad Safe Non-toxic Printing Pad Pet Footprint Baby Paw Print Pad Footprint Pad Ink-free,4.6,774,"3,000+ sold",45939,3000.0,Sanitário,6.652863029353347,10.73509147624309,8.006700845440367,en,Pet Dog Footprint Handprint Pad Safe Non-toxic Printing Pad Pet Footprint Baby Paw Print Pad Footprint Pad Ink-free,Pet Dog Footprint Handprint,Cachorro
Dog Snack Catapult Launcher Dog Cat Treat Launcher Snack Food Feeder Catapult Pet Interactive Training Toys Outdoor Beach Toys,4.4,1873,141 sold,100,141.0,Brinquedos,7.535830462798367,4.61512051684126,4.955827057601261,en,Dog Snack Catapult Launcher Dog Cat Treat Launcher Snack Food Feeder Catapult Pet Interactive Training Toys Outdoor Beach Toys,Dog Snack Catapult Launcher,Cachorro
1pc Random Color Interactive Pet Toy  Plush Candy Shape Dog Chew Toy for Puppy Molar Health,4.8,1664,25 sold,40,25.0,Brinquedos,7.417580402414544,3.713572066704308,3.258096538021482,en,1pc Random Color Interactive Pet Toy  Plush Candy Shape Dog Chew Toy for Puppy Molar Health,1pc Random Color Interactive,Cachorro
Plastic Cat Litter Scoop Pet Care Sand Waste Scooper Shovel Hollow Cleaning Tool Hollow Style Lightweight Durable Easy to Clean,4.7,61,135 sold,47,135.0,Higiene,4.127134385045092,3.871201010907891,4.912654885736052,en,Plastic Cat Litter Scoop Pet Care Sand Waste Scooper Shovel Hollow Cleaning Tool Hollow Style Lightweight Durable Easy to Clean,Plastic Cat Litter Scoop,Gato
creative poop shaped pet poop waste bag dispenser portable pet bin bag holder with clip pet dog leash outdoor walking and travel,5.0,687,12 sold,3,12.0,Acessórios,6.533788837933344,1.3862943611198906,2.5649493574615367,en,creative poop shaped pet poop waste bag dispenser portable pet bin bag holder with clip pet dog leash outdoor walking and travel,creative poop shaped pet,Cachorro
Pet Waste Bag Dispenser for Dog Waste Bag Holder Plastic Garbage Bag Dispenser Carrier Case Dog Pet 1 Roll Waste Poop Bags,4.5,136,81 sold,34,81.0,Outros,4.919980925828125,3.555348061489413,4.406719247264253,de,Pet Waste Bag Dispenser for Dog Waste Bag Holder Plastic Garbage Bag Dispenser Carrier Case Dog Pet 1 Roll Waste Poop Bags,Pet Waste Bag Dispenser,Cachorro
Led Light Pet Waste Bag Dispenser for Dogs Cats Dog Poop Scooper Bags Waste Bags Holder Dispensers Pet Clean Accessories,4.9,19,180 sold,221,180.0,Higiene,2.995732273553991,5.402677381872279,5.198497031265826,en,Led Light Pet Waste Bag Dispenser for Dogs Cats Dog Poop Scooper Bags Waste Bags Holder Dispensers Pet Clean Accessories,Led Light Pet Waste,Cachorro
Harness Dog Chest Reflective Safety Adjustable Dog Training Collar Outdoor Sport No Pull Vest Pet Items,4.9,171,247 sold,309,247.0,Acessórios,5.147494476813453,5.736572297479192,5.513428746164983,en,Harness Dog Chest Reflective Safety Adjustable Dog Training Collar Outdoor Sport No Pull Vest Pet Items,Harness Dog Chest Reflective,Cachorro
Hot Sale Cat Toys Random Color Cat Stick Feather Cat Toy with Small Bell Kitten Cat Interactive Toys Cat Supplies Pet Products,4.6,155,237 sold,288,237.0,Brinquedos,5.049856007249537,5.666426688112432,5.472270673671475,en,Hot Sale Cat Toys Random Color Cat Stick Feather Cat Toy with Small Bell Kitten Cat Interactive Toys Cat Supplies Pet Products,Hot Sale Cat Toys,Gato
Kawaii Removable Cats Bed House Home Supplies Products for Adult Cats Large Pet Dog Bed Cat's House Cave Comfortable  Food Cute,5.0,15,74 sold,10583,74.0,Alimentação,2.772588722239781,9.267098705794792,4.31748811353631,en,Kawaii Removable Cats Bed House Home Supplies Products for Adult Cats Large Pet Dog Bed Cat's House Cave Comfortable  Food Cute,Kawaii Removable Cats Bed,Cachorro
6 Size Pet Dog Cat Bowls Stainless Steel Feeding Feeder Water Bowl for Pet Dog Cats Puppy Outdoor Food Dish XS/S/M/L/XL/XXL,4.7,257,600+ sold,553,600.0,Alimentação,5.552959584921617,6.317164686747284,6.398594934535208,en,6 Size Pet Dog Cat Bowls Stainless Steel Feeding Feeder Water Bowl for Pet Dog Cats Puppy Outdoor Food Dish XS/S/M/L/XL/XXL,6 Size Pet Dog,Cachorro
Outdoor Portable Pick Up Poop Bag Holder Dog Poop Waste Bag Pet Puppy Cat Dispenser Garbage Bags Organizer Pouch,5.0,26,4 sold,0,4.0,Outros,3.295836866004329,0.0,1.6094379124341005,nl,Outdoor Portable Pick Up Poop Bag Holder Dog Poop Waste Bag Pet Puppy Cat Dispenser Garbage Bags Organizer Pouch,Outdoor Portable Pick Up,Cachorro
Cat Toy Caterpillar Cat Teaser Wand Cat Interactive Toys Funny  Feather Colorful Rod Teaser Wand Pet Cat Supplies Cat Accessory,4.7,17,199 sold,176,199.0,Brinquedos,2.8903717578961645,5.176149732573829,5.298317366548036,en,Cat Toy Caterpillar Cat Teaser Wand Cat Interactive Toys Funny  Feather Colorful Rod Teaser Wand Pet Cat Supplies Cat Accessory,Cat Toy Caterpillar Cat,Gato
Cat Cleaning Supplies Super Soft Dog Toothbrushes Silica Gel Pet Finger Toothbrush Plush Dog Plus Bad Breath Care Tools,4.6,954,104 sold,203,104.0,Brinquedos,6.86171134048073,5.318119993844216,4.653960350157523,en,Cat Cleaning Supplies Super Soft Dog Toothbrushes Silica Gel Pet Finger Toothbrush Plush Dog Plus Bad Breath Care Tools,Cat Cleaning Supplies Super,Cachorro
Dog Squeaky Ball Toy Dogs Interactive Bite-resistant Chewing Ball Toy Puppy Training Sound Toy Teeth Cleaning Pet Supplies,5.0,30,46 sold,13,46.0,Brinquedos,3.4339872044851463,2.6390573296152584,3.8501476017100575,en,Dog Squeaky Ball Toy Dogs Interactive Bite-resistant Chewing Ball Toy Puppy Training Sound Toy Teeth Cleaning Pet Supplies,Dog Squeaky Ball Toy,Cachorro
Pet Eye Comb Brush Pet Tear Stain Remover Comb Double-Sided Eye Grooming Brush Removing Crust Mucus for Small Cat Dog,4.9,1484,500+ sold,534,500.0,Higiene,7.3031700512368,6.282266746896006,6.2166061010848646,en,Pet Eye Comb Brush Pet Tear Stain Remover Comb Double-Sided Eye Grooming Brush Removing Crust Mucus for Small Cat Dog,Pet Eye Comb Brush,Cachorro
Cat toy Ball Feather Funny Cat Toy Star Ball Plus Feather Foam Ball Throwing Toys Interactive Plush Toys Pet Supplies katten toy,4.8,109,500+ sold,1629,500.0,Brinquedos,4.700480365792417,7.396335293800808,6.2166061010848646,en,Cat toy Ball Feather Funny Cat Toy Star Ball Plus Feather Foam Ball Throwing Toys Interactive Plush Toys Pet Supplies katten toy,Cat toy Ball Feather,Gato
12Pcs/lot Dog's Collars Puppy Kitten Identification Collar Kitten Whelping ID Collar Bands for Small Dogs Cats Pet Supplies,5.0,920,362 sold,101,362.0,Acessórios,6.825460036255307,4.624972813284271,5.8944028342648505,en,12Pcs/lot Dog's Collars Puppy Kitten Identification Collar Kitten Whelping ID Collar Bands for Small Dogs Cats Pet Supplies,12Pcs/lot Dog's Collars Puppy,Cachorro
Cat Toys Cat Plush Ball Toy Pet Elastic Bell Ball Self Hi Ball Playing Cat Colorful  Woolen ball,5.0,86,132 sold,11,132.0,Brinquedos,4.465908118654584,2.4849066497880004,4.890349128221754,en,Cat Toys Cat Plush Ball Toy Pet Elastic Bell Ball Self Hi Ball Playing Cat Colorful  Woolen ball,Cat Toys Cat Plush,Gato
20pcs Dog Toy Pet Molar Bite-resistant Cotton Rope Knot Dog Puppy Relieving Stuffy Cleaning Teeth Pet Chew Toys Random Color,4.6,3,56 sold,52,56.0,Brinquedos,1.3862943611198906,3.970291913552122,4.04305126783455,en,20pcs Dog Toy Pet Molar Bite-resistant Cotton Rope Knot Dog Puppy Relieving Stuffy Cleaning Teeth Pet Chew Toys Random Color,20pcs Dog Toy Pet,Cachorro
1/2Pcs 3 in 1 Cat Steam Brush Steamy Dog Brush Electric Spray Cat Hair Brushes for Massage Pet Grooming Comb Hair Removal Combs,4.7,115,129 sold,48,129.0,Higiene,4.7535901911063645,3.8918202981106265,4.867534450455582,en,1/2Pcs 3 in 1 Cat Steam Brush Steamy Dog Brush Electric Spray Cat Hair Brushes for Massage Pet Grooming Comb Hair Removal Combs,1/2Pcs 3 in 1,Cachorro
2pcs/set Reusable Pet Food Can Cover Silicone Dogs Cats Storage Tin Cap Lid Seal Cover with Spoon,4.7,74,353 sold,112,353.0,Alimentação,4.31748811353631,4.727387818712341,5.869296913133774,en,2pcs/set Reusable Pet Food Can Cover Silicone Dogs Cats Storage Tin Cap Lid Seal Cover with Spoon,2pcs/set Reusable Pet Food,Cachorro
3pcs Pet Activated Carbon Filter Cotton High Adsorption Performance Filter For Cat Dog Kitten Litter Boxes Toilet Universal,4.5,3,124 sold,108,124.0,Sanitário,1.3862943611198906,4.691347882229144,4.8283137373023015,en,3pcs Pet Activated Carbon Filter Cotton High Adsorption Performance Filter For Cat Dog Kitten Litter Boxes Toilet Universal,3pcs Pet Activated Carbon,Cachorro
Pet Dog Carrier Bag Carrier For Dogs Backpack  Portable Travel Breathable Dog Bag Outdoor Dog Carrier Bag Pet Carrying Supplies,4.6,50,500+ sold,2015,500.0,Outros,3.9318256327243257,7.60887062919126,6.2166061010848646,en,Pet Dog Carrier Bag Carrier For Dogs Backpack  Portable Travel Breathable Dog Bag Outdoor Dog Carrier Bag Pet Carrying Supplies,Pet Dog Carrier Bag,Cachorro
Dog Chewing Toy Teeth Grinding Dog Toy Funny Shoe Shaped Puppy Biting Plaything Puppy Interactive Pet Dog Supplies,5.0,2,28 sold,15,28.0,Brinquedos,1.0986122886681098,2.772588722239781,3.367295829986474,en,Dog Chewing Toy Teeth Grinding Dog Toy Funny Shoe Shaped Puppy Biting Plaything Puppy Interactive Pet Dog Supplies,Dog Chewing Toy Teeth,Cachorro
"1pc Spring Cat Food Leakage Ball, Swing Self Entertainment Cat Treat Dispensing Ball Pet Puzzle Slow Feeder",4.8,1,78 sold,89,78.0,Brinquedos,0.6931471805599453,4.499809670330265,4.3694478524670215,en,"1pc Spring Cat Food Leakage Ball, Swing Self Entertainment Cat Treat Dispensing Ball Pet Puzzle Slow Feeder",1pc Spring Cat Food,Gato
"3pcs Male Dog Diaper, Reusable Dog Pee Pants, Washable Cloth Pet Belly Wrap, Puppy Dog Underwear,Pet Care Cloth Diapers(Jeans）)",0.0,1497,4 sold,1,4.0,Sanitário,7.311886164077165,0.6931471805599453,1.6094379124341005,en,"3pcs Male Dog Diaper, Reusable Dog Pee Pants, Washable Cloth Pet Belly Wrap, Puppy Dog Underwear,Pet Care Cloth Diapers(Jeans）)","3pcs Male Dog Diaper,",Cachorro
Pet Cooling Ice Scarf Cool Ice Towel Heatstroke Dogs Cats Ice Collar Adjustable Cat Collar Bib prevent heat stroke Dog Supplies,5.0,10984,32 sold,77,32.0,Acessórios,9.30428598481871,4.356708826689592,3.49650756146648,en,Pet Cooling Ice Scarf Cool Ice Towel Heatstroke Dogs Cats Ice Collar Adjustable Cat Collar Bib prevent heat stroke Dog Supplies,Pet Cooling Ice Scarf,Cachorro
1pcs Dog Gate Ingenious Mesh Dog Fence For Indoor and Outdoor Safe Pet Dog gate Safety Enclosure Pet Supplies Dropshippings 2024,3.4,145,33 sold,56,33.0,Outros,4.983606621708336,4.04305126783455,3.5263605246161616,en,1pcs Dog Gate Ingenious Mesh Dog Fence For Indoor and Outdoor Safe Pet Dog gate Safety Enclosure Pet Supplies Dropshippings 2024,1pcs Dog Gate Ingenious,Cachorro
Bathroom Puppy Big Dog Cat Bath Massage Gloves Brush Soft Safety Silicone Pet Accessories for Dogs Cats Tools,4.8,282,410 sold,182,410.0,Higiene,5.645446897643238,5.209486152841421,6.018593214496234,en,Bathroom Puppy Big Dog Cat Bath Massage Gloves Brush Soft Safety Silicone Pet Accessories for Dogs Cats Tools,Bathroom Puppy Big Dog,Cachorro
Clothes Toy Storage Dog Basket Pet Bin Accessories Box Container Stuff Sundries organize Baskets Case Home Tool,4.8,69,337 sold,618,337.0,Brinquedos,4.248495242049359,6.428105272684596,5.823045895483019,en,Clothes Toy Storage Dog Basket Pet Bin Accessories Box Container Stuff Sundries organize Baskets Case Home Tool,Clothes Toy Storage Dog,Cachorro
Fashion Pet Dog Silicone Game Frisbeed Dog Toy Flying Discs Trainning Interactive Toys Pet Supplies Flying Disc 15/18/22cm,5.0,80,40 sold,4,40.0,Brinquedos,4.394449154672439,1.6094379124341005,3.713572066704308,en,Fashion Pet Dog Silicone Game Frisbeed Dog Toy Flying Discs Trainning Interactive Toys Pet Supplies Flying Disc 15/18/22cm,Fashion Pet Dog Silicone,Cachorro
Random Color Pet Dog Toy Bite Rope Double Knot Cotton Rope Funny Cat Toy Bite Resistant and Sharp Teeth Pet Supplies Puppy Toys,4.4,178,361 sold,41,361.0,Brinquedos,5.187385805840755,3.737669618283368,5.891644211825772,en,Random Color Pet Dog Toy Bite Rope Double Knot Cotton Rope Funny Cat Toy Bite Resistant and Sharp Teeth Pet Supplies Puppy Toys,Random Color Pet Dog,Cachorro
40pcs Pet Accessories Dog Hair bows Fashion Cute Dog Bows  Rubber Bands Pet Hair Collar Decoration for Dog Accessories,4.7,51,233 sold,93,233.0,Acessórios,3.951243718581428,4.543294782270004,5.455321115357702,en,40pcs Pet Accessories Dog Hair bows Fashion Cute Dog Bows  Rubber Bands Pet Hair Collar Decoration for Dog Accessories,40pcs Pet Accessories Dog,Cachorro
"5pcs 1ml,3ml,5ml,10ml,20ml,2.5ml,30ml,50ml Sterile pet feeding disposable syringe or Hydroponics Lab Medical Tool Nutrient",5.0,3962,32 sold,1175,32.0,Outros,8.284756593190435,7.069874128458572,3.49650756146648,en,"5pcs 1ml,3ml,5ml,10ml,20ml,2.5ml,30ml,50ml Sterile pet feeding disposable syringe or Hydroponics Lab Medical Tool Nutrient","5pcs 1ml,3ml,5ml,10ml,20ml,2.5ml,30ml,50ml Sterile pet",Outros
800ml Portable Dog Water Bottle For Small Medium Big Dogs Outdoor Travel Drinking Bowl Puppy Cat Feeder Pet Labrador Accessories,4.8,356,"2,000+ sold",4623,2000.0,Alimentação,5.877735781779639,8.439015410352214,7.601402334583733,en,800ml Portable Dog Water Bottle For Small Medium Big Dogs Outdoor Travel Drinking Bowl Puppy Cat Feeder Pet Labrador Accessories,800ml Portable Dog Water,Cachorro
Durable Tactical Dog Collar Leash Set Adjustable Military Pet Collar Leash Medium Large Dog German Shepherd Training Accessories,4.6,648,87 sold,557,87.0,Acessórios,6.47543271670409,6.324358962381311,4.477336814478207,en,Durable Tactical Dog Collar Leash Set Adjustable Military Pet Collar Leash Medium Large Dog German Shepherd Training Accessories,Durable Tactical Dog Collar,Cachorro
HOOPET Dog Toy Rubber Ball Bite-resistant Ball Toy for Dogs Puppy Teddy Pitbull Red Color Solid Ball S-XL Pet Supplies,4.7,305,"1,000+ sold",7284,1000.0,Brinquedos,5.723585101952381,8.893572718629306,6.90875477931522,en,HOOPET Dog Toy Rubber Ball Bite-resistant Ball Toy for Dogs Puppy Teddy Pitbull Red Color Solid Ball S-XL Pet Supplies,HOOPET Dog Toy Rubber,Cachorro
Four Section Telescopic Cat Stick 1.8m Super Long Carbon Fiber Fishing Rod Scratch Resistant Feather Cat Toy Pet Supplies,4.9,10,101 sold,30,101.0,Brinquedos,2.3978952727983707,3.4339872044851463,4.624972813284271,en,Four Section Telescopic Cat Stick 1.8m Super Long Carbon Fiber Fishing Rod Scratch Resistant Feather Cat Toy Pet Supplies,Four Section Telescopic Cat,Gato
5pcs Funny Kitten Cat Teaser Interactive Toy Rod with Bell and Feather Toys For Pet Cats Stick Wire Chaser Wand Toy Random Color,4.9,187,176 sold,102,176.0,Brinquedos,5.236441962829949,4.634728988229636,5.176149732573829,en,5pcs Funny Kitten Cat Teaser Interactive Toy Rod with Bell and Feather Toys For Pet Cats Stick Wire Chaser Wand Toy Random Color,5pcs Funny Kitten Cat,Gato
Dog Toys Screaming Chicken Squeeze Shrilling Chicken Cock Funny Rooster Pets Cat Toy Dogs Chew Toys Pet Supplies Safety Rubber,4.4,29879,61 sold,9,61.0,Brinquedos,10.304944639246754,2.302585092994046,4.127134385045092,en,Dog Toys Screaming Chicken Squeeze Shrilling Chicken Cock Funny Rooster Pets Cat Toy Dogs Chew Toys Pet Supplies Safety Rubber,Dog Toys Screaming Chicken,Cachorro
Gigwi Pet Toys G-Ball Series Interactive Dog Ball Dog Toys Squeaky Balls 2.5” Bouncy And Assorted Colors for Small/Medium Dogs,4.8,376,"1,000+ sold",908,1000.0,Brinquedos,5.932245187448011,6.812345094177479,6.90875477931522,en,Gigwi Pet Toys G-Ball Series Interactive Dog Ball Dog Toys Squeaky Balls 2.5” Bouncy And Assorted Colors for Small/Medium Dogs,Gigwi Pet Toys G-Ball,Cachorro
Dog Hair Clips Sweet Bow Hairpins Pets Puppy Hairpins Decor Grooming Accessoires Pet Supplies,4.9,1023,315 sold,358,315.0,Higiene,6.931471805599453,5.883322388488279,5.755742213586912,en,Dog Hair Clips Sweet Bow Hairpins Pets Puppy Hairpins Decor Grooming Accessoires Pet Supplies,Dog Hair Clips Sweet,Cachorro
Dog Poop Bags Biodegradable Pet Garbage Bag Dispenser Cat Waste Bags Doggie Outdoor Home Clean Poop Garbage Bag Pet Supplies,4.9,73,160 sold,22,160.0,Higiene,4.30406509320417,3.1354942159291497,5.081404364984463,af,Dog Poop Bags Biodegradable Pet Garbage Bag Dispenser Cat Waste Bags Doggie Outdoor Home Clean Poop Garbage Bag Pet Supplies,Dog Poop Bags Biodegradable,Cachorro
Cat Litter Shovel Scoop For Pet Filter Clean Toilet Garbage Picker Cat Supplies Accessory Cat Litter Box Self Cleaning,4.7,1592,"4,000+ sold",8999,4000.0,Higiene,7.373374309910049,9.104979856318357,8.294299608857235,en,Cat Litter Shovel Scoop For Pet Filter Clean Toilet Garbage Picker Cat Supplies Accessory Cat Litter Box Self Cleaning,Cat Litter Shovel Scoop,Gato
Large Syringe 100ml-550ml With 100cm Hose Measuring Reusable Injector For Pet Feeding Oil Water Drain Fluid Nutrient Big Syringe,5.0,10234,68 sold,13,68.0,Outros,9.23356849809539,2.6390573296152584,4.23410650459726,en,Large Syringe 100ml-550ml With 100cm Hose Measuring Reusable Injector For Pet Feeding Oil Water Drain Fluid Nutrient Big Syringe,Large Syringe 100ml-550ml With,Outros
Dog Mouth Muzzles Anti Bark Dog Collar Breathable Dog Training Tool Nylon Muzzle Set With Reflective Strips Summer Pet Leashes,4.6,467,"1,000+ sold",1363,1000.0,Acessórios,6.148468295917647,7.218176838403408,6.90875477931522,en,Dog Mouth Muzzles Anti Bark Dog Collar Breathable Dog Training Tool Nylon Muzzle Set With Reflective Strips Summer Pet Leashes,Dog Mouth Muzzles Anti,Cachorro
Dog Chew Toys Pink Rubber Toy Durable Molars Training Toy Chihuahua Interactive Treat Toys for Puppy and Kitten Pet Supplies,4.3,1219,37 sold,23,37.0,Brinquedos,7.106606137727303,3.1780538303479458,3.6375861597263857,en,Dog Chew Toys Pink Rubber Toy Durable Molars Training Toy Chihuahua Interactive Treat Toys for Puppy and Kitten Pet Supplies,Dog Chew Toys Pink,Cachorro
A plastic solid color bone pet dog slow food bowl for indoor use,4.9,326,59 sold,16,59.0,Alimentação,5.7899601708972535,2.833213344056216,4.0943445622221,en,A plastic solid color bone pet dog slow food bowl for indoor use,A plastic solid color,Cachorro
Dog Chew Toys Ball Interactive Pool Play Floating Bite Resistant Squeaky Rubbe Fidget Toy Supplies Product for Small Large Dogs,5.0,3977,21 sold,978,21.0,Brinquedos,8.288534459413917,6.88653164253051,3.091042453358316,en,Dog Chew Toys Ball Interactive Pool Play Floating Bite Resistant Squeaky Rubbe Fidget Toy Supplies Product for Small Large Dogs,Dog Chew Toys Ball,Cachorro
L Newborn Baby Footprints Handprint Ink Pads Kits for DIY Photo Frame Accessories Newborn Baby Pet Cat Dog Paw Prints Souvenir,5.0,119,11 sold,11,11.0,Sanitário,4.787491742782046,2.4849066497880004,2.4849066497880004,en,L Newborn Baby Footprints Handprint Ink Pads Kits for DIY Photo Frame Accessories Newborn Baby Pet Cat Dog Paw Prints Souvenir,L Newborn Baby Footprints,Cachorro
Dog Running Leashes Hands Freely Jogging Pull Lead Dog Accessories Leash For Large Dogs Traction Rope Pet Dog Supplies,4.6,47,192 sold,131,192.0,Acessórios,3.871201010907891,4.882801922586371,5.262690188904886,en,Dog Running Leashes Hands Freely Jogging Pull Lead Dog Accessories Leash For Large Dogs Traction Rope Pet Dog Supplies,Dog Running Leashes Hands,Cachorro
99 Shapes Splicing Cat Tunnel Felt Pom Nest Deformable Kitten Toy Collapsible Tube House DIY Interactive Pet Pusscat Beds Mats,4.9,97664,216 sold,792,216.0,Brinquedos,11.489298534339072,6.675823221634848,5.37989735354046,en,99 Shapes Splicing Cat Tunnel Felt Pom Nest Deformable Kitten Toy Collapsible Tube House DIY Interactive Pet Pusscat Beds Mats,99 Shapes Splicing Cat,Gato
Dog Toy Tumbler Leaky Food Ball Elliptical Track Rolling Ball Slowly Feeding Protects Stomach Increase Intelligence Pet Supplies,4.9,168,458 sold,400,458.0,Brinquedos,5.1298987149230735,5.993961427306569,6.129050210060545,en,Dog Toy Tumbler Leaky Food Ball Elliptical Track Rolling Ball Slowly Feeding Protects Stomach Increase Intelligence Pet Supplies,Dog Toy Tumbler Leaky,Cachorro
Tick Remover Tool Professional Tick Removal Tweezers For Humans & Pets Pets Flea And Tick Removal Tick Remover Tools,5.0,291,95 sold,14,95.0,Outros,5.676753802268282,2.70805020110221,4.564348191467836,en,Tick Remover Tool Professional Tick Removal Tweezers For Humans & Pets Pets Flea And Tick Removal Tick Remover Tools,Tick Remover Tool Professional,Outros
1pc Lovely Pet Cat Glasses Small Dog Glasses Pet Products For Little Dog Cat Eye-Wear Dog Sunglasses Photos Pet Accessories,4.8,28,86 sold,142,86.0,Outros,3.367295829986474,4.962844630259907,4.465908118654584,en,1pc Lovely Pet Cat Glasses Small Dog Glasses Pet Products For Little Dog Cat Eye-Wear Dog Sunglasses Photos Pet Accessories,1pc Lovely Pet Cat,Cachorro
Cat Sisal Ball Colorful Cat Ball Toy Cat Rolling Sisal Ball Toy 1pc Novelty Gift for Pets Random Color Cat Toys Pet Toy,4.8,64,388 sold,471,388.0,Brinquedos,4.174387269895637,6.156978985585555,5.963579343618446,en,Cat Sisal Ball Colorful Cat Ball Toy Cat Rolling Sisal Ball Toy 1pc Novelty Gift for Pets Random Color Cat Toys Pet Toy,Cat Sisal Ball Colorful,Gato
Dog Clothes Autumn Winter Puppy Pet Dog Coat Jacket For Small Medium Dogs Thicken Warm Chihuahua Yorkies Clothes Pets Clothing,4.9,668,257 sold,8685,257.0,Acessórios,6.505784060128229,9.069467813094768,5.552959584921617,en,Dog Clothes Autumn Winter Puppy Pet Dog Coat Jacket For Small Medium Dogs Thicken Warm Chihuahua Yorkies Clothes Pets Clothing,Dog Clothes Autumn Winter,Cachorro
Outdoor Portable Pet Dog Water Bottle Training Food Storage Bottle PP Dogs Water Dispenser for Large Dogs Pets Accessories Stuff,5.0,1158,15 sold,25,15.0,Alimentação,7.055312843339752,3.258096538021482,2.772588722239781,en,Outdoor Portable Pet Dog Water Bottle Training Food Storage Bottle PP Dogs Water Dispenser for Large Dogs Pets Accessories Stuff,Outdoor Portable Pet Dog,Cachorro
"Elephant Pet Push Toys, Dogs, Self Relieving and Vocalizing Toys, Cat Teeth Grinding and Bite Resistant Interactive Toys",4.5,6,18 sold,15,18.0,Brinquedos,1.9459101490553128,2.772588722239781,2.9444389791664403,en,"Elephant Pet Push Toys, Dogs, Self Relieving and Vocalizing Toys, Cat Teeth Grinding and Bite Resistant Interactive Toys","Elephant Pet Push Toys,",Cachorro
Non-slip Dog Bowls For Small Medium Large Dog Feeder Bowls And Drinkers Stainless Steel Pet Feeders Pets Dogs Accessories,4.8,395,"1,000+ sold",1845,1000.0,Alimentação,5.981414211254481,7.520776415062797,6.90875477931522,nl,Non-slip Dog Bowls For Small Medium Large Dog Feeder Bowls And Drinkers Stainless Steel Pet Feeders Pets Dogs Accessories,Non-slip Dog Bowls For,Cachorro
Cat Toy Star Ball Plus Feather EVA Material Light Foam Ball Throwing Funny Toy Star Texture Ball Feather Toy for Dog Cat Supplie,5.0,2524,161 sold,46,161.0,Brinquedos,7.83399634170946,3.8501476017100575,5.087596335232384,en,Cat Toy Star Ball Plus Feather EVA Material Light Foam Ball Throwing Funny Toy Star Texture Ball Feather Toy for Dog Cat Supplie,Cat Toy Star Ball,Cachorro
Free Engraving Dog ID Tags Pet Collar Accessories Decoration Customized Dogs Tags Name And Telephone Bone Paw Shape,4.8,4235,49 sold,5275,49.0,Acessórios,8.351374706721296,8.570923513837204,3.912023005428146,en,Free Engraving Dog ID Tags Pet Collar Accessories Decoration Customized Dogs Tags Name And Telephone Bone Paw Shape,Free Engraving Dog ID,Cachorro
Automatic Feeder Cat Food Water Drinker Dog Bowl Pet Double Bowl Solid Color Simple Style Cat Bowl Supplies Pet Accessories,5.0,29,43 sold,59,43.0,Alimentação,3.4011973816621555,4.0943445622221,3.784189633918261,en,Automatic Feeder Cat Food Water Drinker Dog Bowl Pet Double Bowl Solid Color Simple Style Cat Bowl Supplies Pet Accessories,Automatic Feeder Cat Food,Cachorro
Biodegradable Pet Waste Bags Thickened Portable Printed Dog Poop Bags Eco-friendly Outdoor Pet Poop Pickup Bags with Organizer,5.0,208,24 sold,4,24.0,Outros,5.342334251964811,1.6094379124341005,3.218875824868201,en,Biodegradable Pet Waste Bags Thickened Portable Printed Dog Poop Bags Eco-friendly Outdoor Pet Poop Pickup Bags with Organizer,Biodegradable Pet Waste Bags,Cachorro
Two-in-one Nylon Adjustable Dogs Harness Collar Pet dog Accessories Pet Car Seat Belt Lead Leash Backseat Safety Belt,4.8,2056,500+ sold,3783,500.0,Acessórios,7.629003889652957,8.238536930171769,6.2166061010848646,en,Two-in-one Nylon Adjustable Dogs Harness Collar Pet dog Accessories Pet Car Seat Belt Lead Leash Backseat Safety Belt,Two-in-one Nylon Adjustable Dogs,Cachorro
"Cigarette Design Pet Plush Toy, ""No Smoking"" Pet Plush Cigarette ShapeToy, Cool Dogs Relaxing Toys For Dogs And Cats",4.8,1136,61 sold,28,61.0,Brinquedos,7.036148493750536,3.367295829986474,4.127134385045092,en,"Cigarette Design Pet Plush Toy, ""No Smoking"" Pet Plush Cigarette ShapeToy, Cool Dogs Relaxing Toys For Dogs And Cats",Cigarette Design Pet Plush,Cachorro
10 Rolls Pet Dog Poop Bags biodegradable Bag Garbage Bag Puppy Cat Pooper Scooper Bag (15 Bag/ Roll) Outdoor Clean Pets Supplies,4.0,1775,23 sold,9,23.0,Higiene,7.4821189235521155,2.302585092994046,3.1780538303479458,en,10 Rolls Pet Dog Poop Bags biodegradable Bag Garbage Bag Puppy Cat Pooper Scooper Bag (15 Bag/ Roll) Outdoor Clean Pets Supplies,10 Rolls Pet Dog,Cachorro
Large Cat Litter Scoop PP Plastic Kitty Litter Tray Scoops Deep Shovel Sifter Pet Cleaning Tool Cat Scooper Pet Cat Supplies,4.7,13,172 sold,67,172.0,Higiene,2.6390573296152584,4.219507705176107,5.153291594497779,en,Large Cat Litter Scoop PP Plastic Kitty Litter Tray Scoops Deep Shovel Sifter Pet Cleaning Tool Cat Scooper Pet Cat Supplies,Large Cat Litter Scoop,Gato
Portable Training Bag Dog Pet Snack Bag Strong Wear Resistance Large Capacity Puppy Snack Reward Waist Bag For Dog Cat,4.8,90,75 sold,47,75.0,Alimentação,4.51085950651685,3.871201010907891,4.330733340286331,en,Portable Training Bag Dog Pet Snack Bag Strong Wear Resistance Large Capacity Puppy Snack Reward Waist Bag For Dog Cat,Portable Training Bag Dog,Cachorro
Multicolor Answering Buttons Pets Supplies Noise Makers Dog Recordable Answering Accessories Funny Round Interactive Tool,5.0,17,10 sold,2,10.0,Brinquedos,2.8903717578961645,1.0986122886681098,2.3978952727983707,en,Multicolor Answering Buttons Pets Supplies Noise Makers Dog Recordable Answering Accessories Funny Round Interactive Tool,Multicolor Answering Buttons Pets,Cachorro
Pet Supplies Dog Poop Bags for Waste Refuse Cleanup 10-50Roll(15 Bag/ Roll)Puppy Cat Pooper Scooper Bag Rolls Outdoor Clean,4.9,46960,"3,000+ sold",2645,3000.0,Higiene,10.757072748994158,7.880804344674901,8.006700845440367,en,Pet Supplies Dog Poop Bags for Waste Refuse Cleanup 10-50Roll(15 Bag/ Roll)Puppy Cat Pooper Scooper Bag Rolls Outdoor Clean,Pet Supplies Dog Poop,Cachorro
"Stainless Steel Hair Remover Brush for Dogs and Cats, Non-slip Beauty Brush, Dog Grooming Equipment, Pet Hair Removal Comb",4.8,66,800+ sold,320,800.0,Higiene,4.204692619390966,5.771441123130016,6.68586094706836,en,"Stainless Steel Hair Remover Brush for Dogs and Cats, Non-slip Beauty Brush, Dog Grooming Equipment, Pet Hair Removal Comb",Stainless Steel Hair Remover,Cachorro
Interactive Cat Feather Toy Feather Teaser Stick Wand Pet Retractable Feather Bell Refill Replacement Catcher Product for Kitten,4.7,44,"1,000+ sold",828,1000.0,Brinquedos,3.80666248977032,6.720220155135295,6.90875477931522,en,Interactive Cat Feather Toy Feather Teaser Stick Wand Pet Retractable Feather Bell Refill Replacement Catcher Product for Kitten,Interactive Cat Feather Toy,Gato
8/15/30pcs Catnip Mouse Simulation Plush Pet Chew Toy Funny In Teractive Cat Toys,4.6,174,314 sold,134,314.0,Brinquedos,5.1647859739235145,4.90527477843843,5.752572638825633,en,8/15/30pcs Catnip Mouse Simulation Plush Pet Chew Toy Funny In Teractive Cat Toys,8/15/30pcs Catnip Mouse Simulation,Gato
Cat Litter Scoop Metal Long Handle Litter Scooper  Deep Shovel for Cat Kitten Litter Box Cleaning Tool Pet Supplies,5.0,29,42 sold,18,42.0,Higiene,3.4011973816621555,2.9444389791664403,3.7612001156935615,en,Cat Litter Scoop Metal Long Handle Litter Scooper  Deep Shovel for Cat Kitten Litter Box Cleaning Tool Pet Supplies,Cat Litter Scoop Metal,Gato
Paw Plunger Pet Paw Cleaner Soft Silicone Foot Cleaning Cup Portable Cats Dogs Paw Clean Brush Home Practical Supplies,4.8,135,217 sold,87,217.0,Higiene,4.912654885736052,4.477336814478207,5.384495062789089,en,Paw Plunger Pet Paw Cleaner Soft Silicone Foot Cleaning Cup Portable Cats Dogs Paw Clean Brush Home Practical Supplies,Paw Plunger Pet Paw,Cachorro
5/7/11cm Pet Dog Toys Extra-tough Rubber Jump Toy Interactive Elasticity Ball Dog Chew Toys For Dog Tooth Cleaning Treat Ball,4.7,2241,600+ sold,312,600.0,Brinquedos,7.715123603632105,5.746203190540153,6.398594934535208,en,5/7/11cm Pet Dog Toys Extra-tough Rubber Jump Toy Interactive Elasticity Ball Dog Chew Toys For Dog Tooth Cleaning Treat Ball,5/7/11cm Pet Dog Toys,Cachorro
Pet Plush Toy Dog Squeaky Hippocampus Shell Puzzle Toy Bite Resistant Interactive Pet Dog Teeth Cleaning Chew Toy Supplies,5.0,13,41 sold,31,41.0,Brinquedos,2.6390573296152584,3.4657359027997265,3.737669618283368,en,Pet Plush Toy Dog Squeaky Hippocampus Shell Puzzle Toy Bite Resistant Interactive Pet Dog Teeth Cleaning Chew Toy Supplies,Pet Plush Toy Dog,Cachorro
1 Pc Cat Toys Silvervine Chew Stick Polygonum Kitty Raffia Grass Pet Supplies Cleaning Teeth Stick Pet Bite Cat Toy Hemp Rope,5.0,229,84 sold,64,84.0,Brinquedos,5.438079308923196,4.174387269895637,4.442651256490317,en,1 Pc Cat Toys Silvervine Chew Stick Polygonum Kitty Raffia Grass Pet Supplies Cleaning Teeth Stick Pet Bite Cat Toy Hemp Rope,1 Pc Cat Toys,Gato
Pet Dog Plush Noise Chewing Toy Santa Elk Gingerbread Man Donut Cat Dog Christmas Series Cartoon Dog Toy Plush Squeak Pet Toy,4.8,1113,347 sold,245,347.0,Brinquedos,7.01571242048723,5.5053315359323625,5.8522024797744745,en,Pet Dog Plush Noise Chewing Toy Santa Elk Gingerbread Man Donut Cat Dog Christmas Series Cartoon Dog Toy Plush Squeak Pet Toy,Pet Dog Plush Noise,Cachorro
Funny Pet Plush Toys For Small Large Dogs Squeaky Sounding Chew Toys Duck Shaped Dog Interactive Toy Supplies,4.8,4,284 sold,127,284.0,Brinquedos,1.6094379124341005,4.852030263919617,5.652489180268651,en,Funny Pet Plush Toys For Small Large Dogs Squeaky Sounding Chew Toys Duck Shaped Dog Interactive Toy Supplies,Funny Pet Plush Toys,Cachorro
Spiral Slow Feeder Prevent Obesity Pet Slow Food Feeder Dog Cat With Suction Cup Pet Feeder Anti-Choke Insert Pet Supplies,4.7,10003,193 sold,165,193.0,Alimentação,9.21074029199751,5.111987788356544,5.267858159063328,en,Spiral Slow Feeder Prevent Obesity Pet Slow Food Feeder Dog Cat With Suction Cup Pet Feeder Anti-Choke Insert Pet Supplies,Spiral Slow Feeder Prevent,Cachorro
Catnip Balls Funny Lickable Cat Snack Catnip Balls Kitten Playing Chewing Cleaning Teeth Toy For Small Medium Cats pet supplies,4.6,60,275 sold,63,275.0,Brinquedos,4.110873864173311,4.158883083359672,5.62040086571715,en,Catnip Balls Funny Lickable Cat Snack Catnip Balls Kitten Playing Chewing Cleaning Teeth Toy For Small Medium Cats pet supplies,Catnip Balls Funny Lickable,Gato
Pet Dog Long Handle Pet Pooper Scooper Dog Cat Waste Picker Jaw Poop Scoop Pick Up Clean Waste Cleaning Tools Pet Supplies,4.3,17,55 sold,51,55.0,Higiene,2.8903717578961645,3.951243718581428,4.02535169073515,en,Pet Dog Long Handle Pet Pooper Scooper Dog Cat Waste Picker Jaw Poop Scoop Pick Up Clean Waste Cleaning Tools Pet Supplies,Pet Dog Long Handle,Cachorro
Dog Foot Cup Paw Washer Cleaner Dog Cat Foot Cleaning Brush Soft Silicone Dog Paw Cleaning Tool Pet Paw Cleaning Bucket Supplies,0.0,2695,5 sold,2,5.0,Higiene,7.899524472032198,1.0986122886681098,1.791759469228055,en,Dog Foot Cup Paw Washer Cleaner Dog Cat Foot Cleaning Brush Soft Silicone Dog Paw Cleaning Tool Pet Paw Cleaning Bucket Supplies,Dog Foot Cup Paw,Cachorro
Cotton Rope Dog Toy Interactive Dog Play Bite Pet Supplies Puppy Small Medium Large Toys For Dogs Chew Toy Rope Pets Accessories,4.6,147,98 sold,24,98.0,Brinquedos,4.997212273764115,3.218875824868201,4.59511985013459,en,Cotton Rope Dog Toy Interactive Dog Play Bite Pet Supplies Puppy Small Medium Large Toys For Dogs Chew Toy Rope Pets Accessories,Cotton Rope Dog Toy,Cachorro
New Pet Supplies Caterpillar Shaped Plush Cat Toy Contains Catnip Self Pleasure Boredom Relief Interactive Play,4.9,64,215 sold,206,215.0,Brinquedos,4.174387269895637,5.332718793265369,5.375278407684165,en,New Pet Supplies Caterpillar Shaped Plush Cat Toy Contains Catnip Self Pleasure Boredom Relief Interactive Play,New Pet Supplies Caterpillar,Gato
Cat toy Ball Feather Funny Cat Toy Star Ball Plus Feather Foam Ball Throwing Toys Interactive Plush Toys Pet Supplies katten toy,4.7,109,50 sold,13,50.0,Brinquedos,4.700480365792417,2.6390573296152584,3.9318256327243257,en,Cat toy Ball Feather Funny Cat Toy Star Ball Plus Feather Foam Ball Throwing Toys Interactive Plush Toys Pet Supplies katten toy,Cat toy Ball Feather,Gato
Plush Dog Chew Toys Funny Bone Squeaky Interactive Dogs Toy For Pets Teeth Cleaning Supplies,4.7,12,22 sold,10,22.0,Brinquedos,2.5649493574615367,2.3978952727983707,3.1354942159291497,en,Plush Dog Chew Toys Funny Bone Squeaky Interactive Dogs Toy For Pets Teeth Cleaning Supplies,Plush Dog Chew Toys,Cachorro
40Roll Dog Poop Bags Outdoor Home Eco Pet Waste Bag with Breakpoint Design Pet Poop Clean Pick Up Tools Pet Supplies Accessories,4.8,64,"1,000+ sold",293,1000.0,Higiene,4.174387269895637,5.683579767338681,6.90875477931522,en,40Roll Dog Poop Bags Outdoor Home Eco Pet Waste Bag with Breakpoint Design Pet Poop Clean Pick Up Tools Pet Supplies Accessories,40Roll Dog Poop Bags,Cachorro
Dog Toy Training Ring Puller Puppy Flying Disk Anti-Bite Aggressive Chewing Interactive Toys Pet Supplies juguetes para perros,4.7,1800,600+ sold,1516,600.0,Brinquedos,7.496097345175956,7.324489979348532,6.398594934535208,en,Dog Toy Training Ring Puller Puppy Flying Disk Anti-Bite Aggressive Chewing Interactive Toys Pet Supplies juguetes para perros,Dog Toy Training Ring,Cachorro
1pc Dog Cotton Rope Chew Toy Durable Braided Teeth Cleaning Toys for Small Medium Dog Outdoor Interactive Training Pet Supplies,5.0,32,15 sold,9,15.0,Brinquedos,3.49650756146648,2.302585092994046,2.772588722239781,en,1pc Dog Cotton Rope Chew Toy Durable Braided Teeth Cleaning Toys for Small Medium Dog Outdoor Interactive Training Pet Supplies,1pc Dog Cotton Rope,Cachorro
Cat Toy with Catnip Cute Octopus Plush Toy Bite Resistant Teeth Interactive Toys for Cats Games Pet Supplies Cats Pet Products,4.5,8,17 sold,9,17.0,Brinquedos,2.19722457733622,2.302585092994046,2.8903717578961645,en,Cat Toy with Catnip Cute Octopus Plush Toy Bite Resistant Teeth Interactive Toys for Cats Games Pet Supplies Cats Pet Products,Cat Toy with Catnip,Gato
Hamster Travel Carrier Outing Cage Multifunctional Portable Travel Carrier Guinea Pig Cage Small Animal Outing Cage Pet Supplies,0.0,5992,2 sold,6,2.0,Outros,8.698347400458186,1.9459101490553128,1.0986122886681098,en,Hamster Travel Carrier Outing Cage Multifunctional Portable Travel Carrier Guinea Pig Cage Small Animal Outing Cage Pet Supplies,Hamster Travel Carrier Outing,Pássaro
Dog Rope Chew Toy Durable Cotton Braided Rope Puppy Kitten Teeth Cleaning Toys Outdoor Training Pet Supplies,4.8,1,96 sold,61,96.0,Brinquedos,0.6931471805599453,4.127134385045092,4.574710978503383,en,Dog Rope Chew Toy Durable Cotton Braided Rope Puppy Kitten Teeth Cleaning Toys Outdoor Training Pet Supplies,Dog Rope Chew Toy,Cachorro
New Cat Tunnel Bag 3 Layers Rattle Paper Pet Kitten Tunnel Small Pets Drill Bucket Foldable Interactive Cat Toys With Plush Ball,4.6,180,156 sold,80,156.0,Brinquedos,5.198497031265826,4.394449154672439,5.056245805348308,en,New Cat Tunnel Bag 3 Layers Rattle Paper Pet Kitten Tunnel Small Pets Drill Bucket Foldable Interactive Cat Toys With Plush Ball,New Cat Tunnel Bag,Gato
Cat interactive toys Tickle Cat Colorful bouncing ball Pet supplies Puzzle teasing indoor cat worm caterpillar elastic toy,4.5,178,18 sold,4,18.0,Brinquedos,5.187385805840755,1.6094379124341005,2.9444389791664403,en,Cat interactive toys Tickle Cat Colorful bouncing ball Pet supplies Puzzle teasing indoor cat worm caterpillar elastic toy,Cat interactive toys Tickle,Gato
Cat Toys Silvervine Chew Stick Polygonum Kitty Raffia Grass Cleaning Teeth Stick Natural Catnip Stuff Pet Cat Bite Hemp Rope Toy,5.0,79,71 sold,17,71.0,Brinquedos,4.382026634673881,2.8903717578961645,4.276666119016055,en,Cat Toys Silvervine Chew Stick Polygonum Kitty Raffia Grass Cleaning Teeth Stick Natural Catnip Stuff Pet Cat Bite Hemp Rope Toy,Cat Toys Silvervine Chew,Gato
Dog Collar P Chain for Dog Walking Adjustable Dogs Collar P Rope Pet Collars Nylon Dogs Harness Puppy Training Rope Pet Supplies,5.0,11973,28 sold,17,28.0,Acessórios,9.390492911485298,2.8903717578961645,3.367295829986474,en,Dog Collar P Chain for Dog Walking Adjustable Dogs Collar P Rope Pet Collars Nylon Dogs Harness Puppy Training Rope Pet Supplies,Dog Collar P Chain,Cachorro
Pet Interactive Mini Electric Bug Cat Toy Cat Escape Obstacle Automatic Flip Toy Battery Operated Vibration Pet Beetle Supplies,4.6,389,491 sold,118,491.0,Brinquedos,5.966146739123692,4.77912349311153,6.198478716492308,en,Pet Interactive Mini Electric Bug Cat Toy Cat Escape Obstacle Automatic Flip Toy Battery Operated Vibration Pet Beetle Supplies,Pet Interactive Mini Electric,Gato
10/20/30PCS Small Dog Hair Bows Pet Bows Rubber Bands Cute Pet Puppy Hair Bows for Small Dog Hair Accessories Pet Supplies,4.8,51,101 sold,45,101.0,Outros,3.951243718581428,3.828641396489095,4.624972813284271,en,10/20/30PCS Small Dog Hair Bows Pet Bows Rubber Bands Cute Pet Puppy Hair Bows for Small Dog Hair Accessories Pet Supplies,10/20/30PCS Small Dog Hair,Cachorro
Pet Dog Plush Toys Bear Squeaking Stuffed Toys For Dogs Cat Chew Squeak Toy for Small Dogs Play Funny Training,4.8,88,127 sold,37,127.0,Brinquedos,4.48863636973214,3.6375861597263857,4.852030263919617,en,Pet Dog Plush Toys Bear Squeaking Stuffed Toys For Dogs Cat Chew Squeak Toy for Small Dogs Play Funny Training,Pet Dog Plush Toys,Cachorro
Portable Dog Poop Biodegradable Bag Dispenser Pouch Pets Cats Pick Up Poop Bags Holder Pets Supplies Garbage Bags Cleaning Tools,5.0,22,82 sold,24,82.0,Higiene,3.1354942159291497,3.218875824868201,4.418840607796598,en,Portable Dog Poop Biodegradable Bag Dispenser Pouch Pets Cats Pick Up Poop Bags Holder Pets Supplies Garbage Bags Cleaning Tools,Portable Dog Poop Biodegradable,Cachorro
Super Soft Pet Finger Toothbrush Teddy Dog Brush Bad Breath Tartar Teeth Care Tool Dog Cat Cleaning Silicagel Pet Supplies,5.0,2995,2 sold,0,2.0,Higiene,8.005033344637111,0.0,1.0986122886681098,en,Super Soft Pet Finger Toothbrush Teddy Dog Brush Bad Breath Tartar Teeth Care Tool Dog Cat Cleaning Silicagel Pet Supplies,Super Soft Pet Finger,Cachorro
Small Dog Drool Towel Collar Cute Fruit Pattern Triangle Cat Puppy Scarf Pet Adjustable Collar Triangular Bandage,4.2,161,137 sold,95,137.0,Acessórios,5.087596335232384,4.564348191467836,4.927253685157205,en,Small Dog Drool Towel Collar Cute Fruit Pattern Triangle Cat Puppy Scarf Pet Adjustable Collar Triangular Bandage,Small Dog Drool Towel,Cachorro
10PCS Cute Pet Dog Cat Bow Ties Adjustable Fish Scale Patterns Holiday Party  Dog Accessories Pet Supplies,5.0,13,29 sold,8,29.0,Outros,2.6390573296152584,2.19722457733622,3.4011973816621555,en,10PCS Cute Pet Dog Cat Bow Ties Adjustable Fish Scale Patterns Holiday Party  Dog Accessories Pet Supplies,10PCS Cute Pet Dog,Cachorro
Cat Litter Shovel Wood Handle Cat Litter Shovel Toilet Cleaning Shovel Tools Pet Cleaning Accessories Supplies Cats Pet Products,4.8,59,261 sold,211,261.0,Higiene,4.0943445622221,5.356586274672012,5.568344503761097,en,Cat Litter Shovel Wood Handle Cat Litter Shovel Toilet Cleaning Shovel Tools Pet Cleaning Accessories Supplies Cats Pet Products,Cat Litter Shovel Wood,Gato
Cat /Dog bed Foldable Pet Sleepping Bed removable and washable cat house kennel for dog house indoor cat nest,4.5,810,"5,000+ sold",14529,5000.0,Conforto,6.698268054115413,9.583970756564328,8.517393171418904,en,Cat /Dog bed Foldable Pet Sleepping Bed removable and washable cat house kennel for dog house indoor cat nest,Cat /Dog bed Foldable,Cachorro
Super Cat Bed Warm Pet House Kitten Cave Cushion Cat House Warm Sleeping Dog Basket Tent Small Dog Mat Supplies Bed For Cats,4.9,31362,700+ sold,3788,700.0,Conforto,10.353384133154211,8.239857411018601,6.55250788703459,en,Super Cat Bed Warm Pet House Kitten Cave Cushion Cat House Warm Sleeping Dog Basket Tent Small Dog Mat Supplies Bed For Cats,Super Cat Bed Warm,Cachorro
100pcs/bag Styling High Elastic Cat Dog Rubber Band Mini Colorful Home Pet Hairband Grooming Supplies Hairpin Hair Accessories,5.0,8,43 sold,12,43.0,Higiene,2.19722457733622,2.5649493574615367,3.784189633918261,en,100pcs/bag Styling High Elastic Cat Dog Rubber Band Mini Colorful Home Pet Hairband Grooming Supplies Hairpin Hair Accessories,100pcs/bag Styling High Elastic,Cachorro
Cat Double Bowl Elevated Tilted Single/Double Pet Bowls Cat Stainless Steel Food Bowls Wooden Stand Dog Feeder Cat Supplies,4.2,41,273 sold,474,273.0,Alimentação,3.737669618283368,6.163314804034641,5.613128106388071,en,Cat Double Bowl Elevated Tilted Single/Double Pet Bowls Cat Stainless Steel Food Bowls Wooden Stand Dog Feeder Cat Supplies,Cat Double Bowl Elevated,Cachorro
Dog Break Stick Nylon Chew Toys Food Aggressions Protect Pet Mouth Bite Training Stick for Small Medium Dogs Pet Supplies,5.0,14,15 sold,7,15.0,Brinquedos,2.70805020110221,2.079441541679836,2.772588722239781,en,Dog Break Stick Nylon Chew Toys Food Aggressions Protect Pet Mouth Bite Training Stick for Small Medium Dogs Pet Supplies,Dog Break Stick Nylon,Cachorro
Pet Poop Bag pets Supplies Canvas Garbage Bags Dispenser Portable Dog Poop Waste Bag Holder Outdoor Puppy Cat outdoor Pick Up,4.9,79827,167 sold,353,167.0,Outros,11.287629599087875,5.869296913133774,5.123963979403259,nl,Pet Poop Bag pets Supplies Canvas Garbage Bags Dispenser Portable Dog Poop Waste Bag Holder Outdoor Puppy Cat outdoor Pick Up,Pet Poop Bag pets,Cachorro
Natural Catnip Cat Wall Stick-on Ball Toy Treats Healthy Natural Removes Hair Balls to Promote Digestion Cat Grass Snack Pet,4.5,155,25 sold,2276,25.0,Brinquedos,5.049856007249537,7.7306140660637395,3.258096538021482,en,Natural Catnip Cat Wall Stick-on Ball Toy Treats Healthy Natural Removes Hair Balls to Promote Digestion Cat Grass Snack Pet,Natural Catnip Cat Wall,Gato
3m 5m Dog Leash Strong Nylon Puppy Lead For Small Medium Large Dogs Cats Automatic Retractable Durable Yorkshire Pet Supplies,4.4,2377,60 sold,12,60.0,Acessórios,7.774015077250727,2.5649493574615367,4.110873864173311,en,3m 5m Dog Leash Strong Nylon Puppy Lead For Small Medium Large Dogs Cats Automatic Retractable Durable Yorkshire Pet Supplies,3m 5m Dog Leash,Cachorro
Solid Wood Pet Basket Double-layer Cat Hammock Detachable and Washable Cat Bed Wooden Cat Swing Household Pet Toys,0.0,88317,13 sold,508,13.0,Brinquedos,11.388699216326986,6.2324480165505225,2.6390573296152584,en,Solid Wood Pet Basket Double-layer Cat Hammock Detachable and Washable Cat Bed Wooden Cat Swing Household Pet Toys,Solid Wood Pet Basket,Gato
Portable Three Sided Pet Toothbrush Multi-angle Dog Brush Addition Bad Breath Teeth Care Dog Cat Cleaning Mouth Toothbrush,4.8,135,245 sold,94,245.0,Higiene,4.912654885736052,4.553876891600541,5.5053315359323625,en,Portable Three Sided Pet Toothbrush Multi-angle Dog Brush Addition Bad Breath Teeth Care Dog Cat Cleaning Mouth Toothbrush,Portable Three Sided Pet,Cachorro
Dog Toys Leaking Food Ball Funny Interactive Pet Slow Feeder Bowl Puzzle Toy Pinecone Pet Tooth Cleaning Chew Toys Pet Supplies,5.0,139,94 sold,93,94.0,Brinquedos,4.941642422609304,4.543294782270004,4.553876891600541,en,Dog Toys Leaking Food Ball Funny Interactive Pet Slow Feeder Bowl Puzzle Toy Pinecone Pet Tooth Cleaning Chew Toys Pet Supplies,Dog Toys Leaking Food,Cachorro
New puppy Kitten feeding supplies Two pet bowls Dog food drinker Stainless steel pet drinking dish Feeder access device,4.9,39979,129 sold,170,129.0,Alimentação,10.596134608054392,5.14166355650266,4.867534450455582,en,New puppy Kitten feeding supplies Two pet bowls Dog food drinker Stainless steel pet drinking dish Feeder access device,New puppy Kitten feeding,Cachorro
Portable Pet Dog Poop Bag Dispenser Pick-Up Bags Holder With Rope Cleaning Waste Garbage Box,5.0,141,22 sold,30,22.0,Higiene,4.955827057601261,3.4339872044851463,3.1354942159291497,en,Portable Pet Dog Poop Bag Dispenser Pick-Up Bags Holder With Rope Cleaning Waste Garbage Box,Portable Pet Dog Poop,Cachorro
Thicken Reusable 3 Layers Pet Diaper Pad Quickdry Urine Nappy Waterproof Pee Mat for Cats Dog Diaper Deodorant Pet Supplies,4.6,36,136 sold,168,136.0,Conforto,3.610917912644224,5.1298987149230735,4.919980925828125,en,Thicken Reusable 3 Layers Pet Diaper Pad Quickdry Urine Nappy Waterproof Pee Mat for Cats Dog Diaper Deodorant Pet Supplies,Thicken Reusable 3 Layers,Cachorro
Supet pet chessboard owl cute fun plush toy for indoor and outdoor use,5.0,21,33 sold,32,33.0,Brinquedos,3.091042453358316,3.49650756146648,3.5263605246161616,en,Supet pet chessboard owl cute fun plush toy for indoor and outdoor use,Supet pet chessboard owl,Outros
Simulation Money Dog Toys for Small Large Dogs Interactive Squeaky Paper Sounding Chew Toy Funny Clean Teeth Pet Supplies,3.8,12,25 sold,22,25.0,Brinquedos,2.5649493574615367,3.1354942159291497,3.258096538021482,en,Simulation Money Dog Toys for Small Large Dogs Interactive Squeaky Paper Sounding Chew Toy Funny Clean Teeth Pet Supplies,Simulation Money Dog Toys,Cachorro
Puppy Water Bottle Dog Portable Cup For Small Medium Big Dogs Cats Outdoor Travel Leak Proof Water Cup Chihuahua Pet Supplies,0.0,2340,4 sold,1,4.0,Outros,7.75833346749091,0.6931471805599453,1.6094379124341005,en,Puppy Water Bottle Dog Portable Cup For Small Medium Big Dogs Cats Outdoor Travel Leak Proof Water Cup Chihuahua Pet Supplies,Puppy Water Bottle Dog,Cachorro
Elevated Cats Feeder Bowl Anti-choking Raised Cat Food Water Bowl With Stand Pet Feeding Drinking Supplies Small and Midium Dogs,5.0,1983,14 sold,10,14.0,Alimentação,7.592870287844818,2.3978952727983707,2.70805020110221,en,Elevated Cats Feeder Bowl Anti-choking Raised Cat Food Water Bowl With Stand Pet Feeding Drinking Supplies Small and Midium Dogs,Elevated Cats Feeder Bowl,Cachorro
Plush Dog Toys for Small Large Pets Donkey Shaped Squeaky  Bite Resistant Chew Toy Dog Ropes Molar Teeth Cleaning Supplies,4.9,37,140 sold,48,140.0,Brinquedos,3.6375861597263857,3.8918202981106265,4.948759890378168,en,Plush Dog Toys for Small Large Pets Donkey Shaped Squeaky  Bite Resistant Chew Toy Dog Ropes Molar Teeth Cleaning Supplies,Plush Dog Toys for,Cachorro
chewing teeth cleaning tool pet supplies bones for dogs puppy bones dog bone dog chew toy pet toy,0.0,29,6 sold,2,6.0,Brinquedos,3.4011973816621555,1.0986122886681098,1.9459101490553128,en,chewing teeth cleaning tool pet supplies bones for dogs puppy bones dog bone dog chew toy pet toy,chewing teeth cleaning tool,Cachorro
Dr.DC Pet cat toys are self entertaining chew and tease cats toy balls colored wool dog supplies fidget toy for cats accessories,4.8,200,700+ sold,272,700.0,Brinquedos,5.303304908059076,5.60947179518496,6.55250788703459,en,Dr.DC Pet cat toys are self entertaining chew and tease cats toy balls colored wool dog supplies fidget toy for cats accessories,Dr.DC Pet cat toys,Cachorro
Light weight for trip Pet bowls dog & cat Feeder food and water Dual purpose Automatic water filling corner bowls,4.7,984,9 sold,26,9.0,Alimentação,6.892641641172089,3.295836866004329,2.302585092994046,en,Light weight for trip Pet bowls dog & cat Feeder food and water Dual purpose Automatic water filling corner bowls,Light weight for trip,Cachorro
Pet Dog Cats Birds Training Whistle Dual-tube Survival Whistle Portable Aluminum Safety Whistle Pet Supplies,0.0,40,7 sold,1,7.0,Outros,3.713572066704308,0.6931471805599453,2.079441541679836,en,Pet Dog Cats Birds Training Whistle Dual-tube Survival Whistle Portable Aluminum Safety Whistle Pet Supplies,Pet Dog Cats Birds,Cachorro
Hands Free Dog Leash for Running Walking Reflective Leash with Waist Bag Retractable Elastic Belt Dog Traction Rope Pet Products,4.3,75,"1,000+ sold",1952,1000.0,Acessórios,4.330733340286331,7.577121930876679,6.90875477931522,en,Hands Free Dog Leash for Running Walking Reflective Leash with Waist Bag Retractable Elastic Belt Dog Traction Rope Pet Products,Hands Free Dog Leash,Cachorro
Female Dog Diapers Washable Physiological Shorts Pet Women's Panties Shorts Underwear Briefs Small Medium Dogs Sanitary Supplies,5.0,11,10 sold,8,10.0,Sanitário,2.4849066497880004,2.19722457733622,2.3978952727983707,en,Female Dog Diapers Washable Physiological Shorts Pet Women's Panties Shorts Underwear Briefs Small Medium Dogs Sanitary Supplies,Female Dog Diapers Washable,Cachorro
Dog Cat Litter Shovel Multifunctional Deep Large Capacity Litter Scoop With Holder Pet Cleaning Supplies Tool Cat Toilet Product,5.0,3524,24 sold,57,24.0,Higiene,8.16763571524637,4.060443010546419,3.218875824868201,en,Dog Cat Litter Shovel Multifunctional Deep Large Capacity Litter Scoop With Holder Pet Cleaning Supplies Tool Cat Toilet Product,Dog Cat Litter Shovel,Cachorro
Cat Tunnel Tube Foldable Cat Toys Kitty Training Interactive Fun Toy Tunnel Bored for Puppy Kitten Pet Supplies Cat Accessories,4.7,506,101 sold,47,101.0,Brinquedos,6.228511003591184,3.871201010907891,4.624972813284271,en,Cat Tunnel Tube Foldable Cat Toys Kitty Training Interactive Fun Toy Tunnel Bored for Puppy Kitten Pet Supplies Cat Accessories,Cat Tunnel Tube Foldable,Cachorro
3PCS Random Color pet Funny cat stick toys Rod Interactive bell feather stick toy for kitten cat teaser Chaser Wand toy Supplies,4.6,49,500+ sold,155,500.0,Brinquedos,3.912023005428146,5.049856007249537,6.2166061010848646,en,3PCS Random Color pet Funny cat stick toys Rod Interactive bell feather stick toy for kitten cat teaser Chaser Wand toy Supplies,3PCS Random Color pet,Gato
Dog Squeak Toys Pet Sniffing Plush Snails Toys Tibetan Food Molar Puzzle Dog Toys Interactive Dog Puzzle Toy Feeder Pet Supply,4.7,978,71 sold,58,71.0,Brinquedos,6.88653164253051,4.07753744390572,4.276666119016055,en,Dog Squeak Toys Pet Sniffing Plush Snails Toys Tibetan Food Molar Puzzle Dog Toys Interactive Dog Puzzle Toy Feeder Pet Supply,Dog Squeak Toys Pet,Cachorro
Hands Free High Qulity Retractable Hands Free Dog Leash For Running Dual Handle Bungee Leash Reflective For Large Pet Supplies,4.7,470,314 sold,500,314.0,Acessórios,6.154858094016418,6.2166061010848646,5.752572638825633,en,Hands Free High Qulity Retractable Hands Free Dog Leash For Running Dual Handle Bungee Leash Reflective For Large Pet Supplies,Hands Free High Qulity,Cachorro
Dog Collar Pet Grooming Loops Safety Rope Leash Leads Dog Accessories Nylon Restraint Noose Solid Color Pet Supplies Adjustable,5.0,120,254 sold,551,254.0,Acessórios,4.795790545596741,6.313548046277095,5.541263545158426,en,Dog Collar Pet Grooming Loops Safety Rope Leash Leads Dog Accessories Nylon Restraint Noose Solid Color Pet Supplies Adjustable,Dog Collar Pet Grooming,Cachorro
Adjustable Silicone Dog Muzzle Mask Mouth Cover Anti Barking Anti Bite Breathable Pet Mouth Muzzle Small Large Dog Pet Supplies,4.5,644,14 sold,6,14.0,Outros,6.4692503167957724,1.9459101490553128,2.70805020110221,en,Adjustable Silicone Dog Muzzle Mask Mouth Cover Anti Barking Anti Bite Breathable Pet Mouth Muzzle Small Large Dog Pet Supplies,Adjustable Silicone Dog Muzzle,Cachorro
Electric puppy ball toy Automatic rolling ball Self moving puppy game toy Rolling ball Pet accessories Pet toy supplies,3.9,101,84 sold,104,84.0,Brinquedos,4.624972813284271,4.653960350157523,4.442651256490317,en,Electric puppy ball toy Automatic rolling ball Self moving puppy game toy Rolling ball Pet accessories Pet toy supplies,Electric puppy ball toy,Cachorro
Pet Dog Cat Massage Silicone Bath Filling Liquid Rubbing Back Towel Bath Shampoo  YJ056,5.0,2795,34 sold,112,34.0,Higiene,7.935945103353701,4.727387818712341,3.555348061489413,en,Pet Dog Cat Massage Silicone Bath Filling Liquid Rubbing Back Towel Bath Shampoo  YJ056,Pet Dog Cat Massage,Cachorro
Dog Water Bottle Out Walking Dog Portable Water Bottle Dog Drinking Cup Cat Pet Water Feeding Supplies,4.8,197,160 sold,47,160.0,Outros,5.288267030694535,3.871201010907891,5.081404364984463,no,Dog Water Bottle Out Walking Dog Portable Water Bottle Dog Drinking Cup Cat Pet Water Feeding Supplies,Dog Water Bottle Out,Cachorro
Dog Portable Bowl Outdoor Pet Food Double Bowls Foldable Non-slip Anti-choking Slowly Feed Silicone Cat Travel Bowl Pet Supplies,5.0,20,17 sold,26,17.0,Alimentação,3.044522437723423,3.295836866004329,2.8903717578961645,en,Dog Portable Bowl Outdoor Pet Food Double Bowls Foldable Non-slip Anti-choking Slowly Feed Silicone Cat Travel Bowl Pet Supplies,Dog Portable Bowl Outdoor,Cachorro
8Colours Pet Heart Glasses Pet Fashion Sunglasses Pet Grooming for Pet Dogs Cat Yorkie Teddy Chihuahua Hair Decor Pet Supplies,4.7,379,156 sold,201,156.0,Higiene,5.940171252720432,5.308267697401205,5.056245805348308,en,8Colours Pet Heart Glasses Pet Fashion Sunglasses Pet Grooming for Pet Dogs Cat Yorkie Teddy Chihuahua Hair Decor Pet Supplies,8Colours Pet Heart Glasses,Cachorro
Lovely Vintage Round Pet Sunglasses Reflection Eye wear glasses For Small Dog Cat Animal Photos Props Accessories,4.3,1207,133 sold,44,133.0,Outros,7.0967213784947605,3.80666248977032,4.897839799950911,en,Lovely Vintage Round Pet Sunglasses Reflection Eye wear glasses For Small Dog Cat Animal Photos Props Accessories,Lovely Vintage Round Pet,Cachorro
1PC Dog Toy Carrot Knot Rope Ball Cotton Rope Dumbbell Puppy Cleaning Teeth Chew Toy Durable Braided Bite Resistant Pet Supplies,4.6,2044,399 sold,70,399.0,Brinquedos,7.623153068476902,4.262679877041316,5.991464547107982,en,1PC Dog Toy Carrot Knot Rope Ball Cotton Rope Dumbbell Puppy Cleaning Teeth Chew Toy Durable Braided Bite Resistant Pet Supplies,1PC Dog Toy Carrot,Cachorro
Warm Dog Harness Vest Winter Dog Harnesses Soft Padded Pet Training Harnesses Vests Adjustable For Small Large Dogs Bulldog Pug,4.7,3688,600+ sold,1653,600.0,Acessórios,8.213110697596676,7.410951875583635,6.398594934535208,no,Warm Dog Harness Vest Winter Dog Harnesses Soft Padded Pet Training Harnesses Vests Adjustable For Small Large Dogs Bulldog Pug,Warm Dog Harness Vest,Cachorro
Pet Dog Toys Pet Flying Disk Training Ring Puller Anti-Bite Floating Interactive Supplies Cat Dog Toy Aggressive Chewing Dog Toy,5.0,247,117 sold,25,117.0,Brinquedos,5.513428746164983,3.258096538021482,4.770684624465665,en,Pet Dog Toys Pet Flying Disk Training Ring Puller Anti-Bite Floating Interactive Supplies Cat Dog Toy Aggressive Chewing Dog Toy,Pet Dog Toys Pet,Cachorro
Pet Cat Litter Mat Waterproof Double Layer EVA Foldable Cat Litter Trapping Pet Carpet Bed Pads For Cats Pet Clean Supplies,4.0,212,25 sold,22,25.0,Conforto,5.3612921657094255,3.1354942159291497,3.258096538021482,en,Pet Cat Litter Mat Waterproof Double Layer EVA Foldable Cat Litter Trapping Pet Carpet Bed Pads For Cats Pet Clean Supplies,Pet Cat Litter Mat,Gato
"Pet Poop Bags Disposable Dog Waste Bags, Bulk Poop Bags with Leash Clip and Bone Bag Dispenser 5Roll(75Pcs) Bags with Paw Prints",4.7,2627,"5,000+ sold",2311,5000.0,Acessórios,7.873978379604501,7.7458682297922685,8.517393171418904,en,"Pet Poop Bags Disposable Dog Waste Bags, Bulk Poop Bags with Leash Clip and Bone Bag Dispenser 5Roll(75Pcs) Bags with Paw Prints",Pet Poop Bags Disposable,Cachorro
Pet Dog Slow Feeder Bowl Non Slip Puzzle Bowl Anti-Gulping Pet Slower Food Feeding Dishes Dog Bowl Fat Help Healthy Pet Supplies,4.0,1974,42 sold,132,42.0,Alimentação,7.5883236773352225,4.890349128221754,3.7612001156935615,en,Pet Dog Slow Feeder Bowl Non Slip Puzzle Bowl Anti-Gulping Pet Slower Food Feeding Dishes Dog Bowl Fat Help Healthy Pet Supplies,Pet Dog Slow Feeder,Cachorro
Cute Squeaky Pet Dog Interactive Chew Toy Puppy Bite Resistant Thorn Tooth Cleaning Toy Molar Chew Toys for Dogs Supplies,3.9,577,32 sold,19,32.0,Brinquedos,6.359573868672378,2.995732273553991,3.49650756146648,en,Cute Squeaky Pet Dog Interactive Chew Toy Puppy Bite Resistant Thorn Tooth Cleaning Toy Molar Chew Toys for Dogs Supplies,Cute Squeaky Pet Dog,Cachorro
1pc Dinosaur Design Pet Grinding Teeth Squeak Plush Toy Durable Chew Toy For Dog Interactive Supply,4.7,277,19 sold,5,19.0,Brinquedos,5.627621113690637,1.791759469228055,2.995732273553991,en,1pc Dinosaur Design Pet Grinding Teeth Squeak Plush Toy Durable Chew Toy For Dog Interactive Supply,1pc Dinosaur Design Pet,Cachorro
Smart Pet Door 4 Way Locking Security Lock ABS Plastic Dog Cat Flap Door Controllable Switch Direction Doors Small Pet Supplies,4.9,4785,224 sold,3694,224.0,Outros,8.47345026846832,8.214735833382303,5.41610040220442,en,Smart Pet Door 4 Way Locking Security Lock ABS Plastic Dog Cat Flap Door Controllable Switch Direction Doors Small Pet Supplies,Smart Pet Door 4,Cachorro
Pet Dog ID Tags For Pet Collar Kitten Puppy Custom ID Tags Engraved Heart Bone Dog Collars Cat Accessories Personalized,4.8,7939,600+ sold,841,600.0,Acessórios,8.979668554241181,6.735780014242327,6.398594934535208,en,Pet Dog ID Tags For Pet Collar Kitten Puppy Custom ID Tags Engraved Heart Bone Dog Collars Cat Accessories Personalized,Pet Dog ID Tags,Cachorro
Pet Double Bowl Transparent High Foot Cat Bowl Drink water Cat Food With Golden Stand Raised Water Feeder Dog Bowl Supplies,5.0,12,67 sold,135,67.0,Alimentação,2.5649493574615367,4.912654885736052,4.219507705176107,en,Pet Double Bowl Transparent High Foot Cat Bowl Drink water Cat Food With Golden Stand Raised Water Feeder Dog Bowl Supplies,Pet Double Bowl Transparent,Cachorro
Rooster Hen Helmet Adjustable Cap Duck Helmets Hat Bird Headgear Toy Protective Gear Costumes Accessories Farm Pet Supplies,5.0,11740,45 sold,64,45.0,Brinquedos,9.370842268630213,4.174387269895637,3.828641396489095,en,Rooster Hen Helmet Adjustable Cap Duck Helmets Hat Bird Headgear Toy Protective Gear Costumes Accessories Farm Pet Supplies,Rooster Hen Helmet Adjustable,Pássaro
30Roll Dog Poop Bags Disposable Pet Waste Bags Dog Waste Bags Design Pet Poop Clean Pick Up Bone Bag Dispenser Tools,4.5,103,41 sold,9,41.0,Higiene,4.6443908991413725,2.302585092994046,3.737669618283368,en,30Roll Dog Poop Bags Disposable Pet Waste Bags Dog Waste Bags Design Pet Poop Clean Pick Up Bone Bag Dispenser Tools,30Roll Dog Poop Bags,Cachorro
Dr.DC Cat Tunnel For Indoor Cats Collapsible Toy Coil Spiral Colorful Springs Cat Pet Crinkle Tunnels For Indoor Pet Supplies,4.7,93,500+ sold,235,500.0,Brinquedos,4.543294782270004,5.4638318050256105,6.2166061010848646,en,Dr.DC Cat Tunnel For Indoor Cats Collapsible Toy Coil Spiral Colorful Springs Cat Pet Crinkle Tunnels For Indoor Pet Supplies,Dr.DC Cat Tunnel For,Gato
Cat Litter Shovel Scoop for Cat Filter Clean Toilet Garbage Picker Cat Supplies Accessory Cat Litter Box Cats Pet Products,4.8,332,419 sold,5125,419.0,Higiene,5.808142489980444,8.542080906924017,6.040254711277414,en,Cat Litter Shovel Scoop for Cat Filter Clean Toilet Garbage Picker Cat Supplies Accessory Cat Litter Box Cats Pet Products,Cat Litter Shovel Scoop,Gato
Pet Dog Toys For Small Dog Chews TPR Knot Toys Bite Resistant Molar Teeth Cleaning Dog Training Supplies Interactive Accessories,4.7,260,600+ sold,7653,600.0,Brinquedos,5.564520407322694,8.942983665985647,6.398594934535208,en,Pet Dog Toys For Small Dog Chews TPR Knot Toys Bite Resistant Molar Teeth Cleaning Dog Training Supplies Interactive Accessories,Pet Dog Toys For,Cachorro
Flying Saucer Ball Interactive Outdoor Sports Training Games Magic Deformation Flat Throw UFO Disc Ball Pet Supplies Dog Toys,5.0,1163,33 sold,17,33.0,Brinquedos,7.059617628291383,2.8903717578961645,3.5263605246161616,en,Flying Saucer Ball Interactive Outdoor Sports Training Games Magic Deformation Flat Throw UFO Disc Ball Pet Supplies Dog Toys,Flying Saucer Ball Interactive,Cachorro
Dog Leash Short Leashes for Large Dog Walking Reflective Dogs Leash Comfortable Handle Pet Chain Rope Dogs Leashes Pet Supplies,4.8,4755,335 sold,183,335.0,Acessórios,8.467162257810672,5.214935757608986,5.817111159963204,en,Dog Leash Short Leashes for Large Dog Walking Reflective Dogs Leash Comfortable Handle Pet Chain Rope Dogs Leashes Pet Supplies,Dog Leash Short Leashes,Cachorro
New Dog Toys Wild Goose Sounds Toy Cleaning Teeth Puppy Dogs Chew Supplies Training Household Pet Dog Toys Accessories,5.0,79,12 sold,6,12.0,Brinquedos,4.382026634673881,1.9459101490553128,2.5649493574615367,en,New Dog Toys Wild Goose Sounds Toy Cleaning Teeth Puppy Dogs Chew Supplies Training Household Pet Dog Toys Accessories,New Dog Toys Wild,Cachorro
Pet Hair Remover Fur Removal Animal Hair Brush for Couch Car Carpet Cleaning Device Pets Dogs Hair Cleaning Hair Remover Tool,4.7,309,"1,000+ sold",1129,1000.0,Higiene,5.736572297479192,7.029972911706386,6.90875477931522,en,Pet Hair Remover Fur Removal Animal Hair Brush for Couch Car Carpet Cleaning Device Pets Dogs Hair Cleaning Hair Remover Tool,Pet Hair Remover Fur,Cachorro
Cute Fruit Shape Cat Bowl High Quality Ceramics Cat Bowl Pet Supplies Cat Food and Water Feeder Cat Accessories Pet,5.0,5995,48 sold,3178,48.0,Alimentação,8.698847859222488,8.064321960910803,3.8918202981106265,en,Cute Fruit Shape Cat Bowl High Quality Ceramics Cat Bowl Pet Supplies Cat Food and Water Feeder Cat Accessories Pet,Cute Fruit Shape Cat,Gato
Dog Toys for Small Large Dogs Animal Plush Dog Squeaky Toy Puppy Chew Toys Bite Resistant Pet Toy With Sounding Collision Color,4.8,47,77 sold,32,77.0,Brinquedos,3.871201010907891,3.49650756146648,4.356708826689592,en,Dog Toys for Small Large Dogs Animal Plush Dog Squeaky Toy Puppy Chew Toys Bite Resistant Pet Toy With Sounding Collision Color,Dog Toys for Small,Cachorro
Dog Poop Pickup Bag Dispenser with Leash Clip Pet Waste Bag Dispenser for Dog Pooper Pet Outdoor PoopBag Leathers Holder,5.0,299,82 sold,80,82.0,Acessórios,5.703782474656201,4.394449154672439,4.418840607796598,en,Dog Poop Pickup Bag Dispenser with Leash Clip Pet Waste Bag Dispenser for Dog Pooper Pet Outdoor PoopBag Leathers Holder,Dog Poop Pickup Bag,Cachorro
Cute Puppy Dog Cat Squeaky Toys Bite Resistant Pet Chew Toys For Small Dogs Animals Shape Mascotas Accessories Dog Supplies Pet,4.7,237,253 sold,133,253.0,Brinquedos,5.472270673671475,4.897839799950911,5.537334267018537,en,Cute Puppy Dog Cat Squeaky Toys Bite Resistant Pet Chew Toys For Small Dogs Animals Shape Mascotas Accessories Dog Supplies Pet,Cute Puppy Dog Cat,Cachorro
Pet Dog Car Seat Belt Retractable Buffer Elastic Reflective Safety Traction Rope Dog Leash Harness Dogs Dog Accessories Supplies,4.7,19873,600+ sold,648,600.0,Acessórios,9.897167623791308,6.47543271670409,6.398594934535208,en,Pet Dog Car Seat Belt Retractable Buffer Elastic Reflective Safety Traction Rope Dog Leash Harness Dogs Dog Accessories Supplies,Pet Dog Car Seat,Cachorro
Cute Angel Wings Dog Harness Breathable Mesh Leash Set for Small Dogs Puppy Chest Collar Spring Summer Dog Walking Pet Supplies,5.0,808,134 sold,993,134.0,Acessórios,6.695798917058491,6.901737206656574,4.90527477843843,en,Cute Angel Wings Dog Harness Breathable Mesh Leash Set for Small Dogs Puppy Chest Collar Spring Summer Dog Walking Pet Supplies,Cute Angel Wings Dog,Cachorro
set  Cute Colorful Lightweight Pet Cat Toys Mice Cat Catcher Pet Supplies Pet Toys Mouse Toys,2.0,970,16 sold,4,16.0,Brinquedos,6.878326468291325,1.6094379124341005,2.833213344056216,en,set  Cute Colorful Lightweight Pet Cat Toys Mice Cat Catcher Pet Supplies Pet Toys Mouse Toys,set Cute Colorful Lightweight,Gato
Bathroom Puppy  Dog Cat Bath Washing Massage Gloves Brush Soft  Silicone Pet Accessories for Dogs Cats Tools Mascotas Products,4.7,268,220 sold,375,220.0,Higiene,5.594711379601839,5.929589143389895,5.3981627015177525,en,Bathroom Puppy  Dog Cat Bath Washing Massage Gloves Brush Soft  Silicone Pet Accessories for Dogs Cats Tools Mascotas Products,Bathroom Puppy Dog Cat,Cachorro
2 Pcs Cat Toy Bell Feather Funny Cat Rod Toy Cat Toys Interactive  Cat Accessories Pet  Cat Supplies,4.8,15,36 sold,11,36.0,Brinquedos,2.772588722239781,2.4849066497880004,3.610917912644224,en,2 Pcs Cat Toy Bell Feather Funny Cat Rod Toy Cat Toys Interactive  Cat Accessories Pet  Cat Supplies,2 Pcs Cat Toy,Gato
Pet Cat Toy Super Long Three Section Telescopic Rod Cat Teaser Stick Feather Replacement Head Cat Teaser Supplies New,5.0,219,49 sold,9,49.0,Brinquedos,5.393627546352362,2.302585092994046,3.912023005428146,en,Pet Cat Toy Super Long Three Section Telescopic Rod Cat Teaser Stick Feather Replacement Head Cat Teaser Supplies New,Pet Cat Toy Super,Gato
Cat Swivel Toy Ball Self Interesting Dolphin Design With Feathers Pet Stick Funny Auto Combination Supplies,4.5,20152,700+ sold,2561,700.0,Brinquedos,9.911108439667489,7.848543482456679,6.55250788703459,en,Cat Swivel Toy Ball Self Interesting Dolphin Design With Feathers Pet Stick Funny Auto Combination Supplies,Cat Swivel Toy Ball,Gato
Dog Poop Bag Dispenser Portable Outdoor Poop Bag Holder Dog Toilet Bag Pet Waste Bag Pet Supplies Dog Supplies Dogs Bags Home,4.8,2939,190 sold,51,190.0,Outros,7.986164860332727,3.951243718581428,5.25227342804663,af,Dog Poop Bag Dispenser Portable Outdoor Poop Bag Holder Dog Toilet Bag Pet Waste Bag Pet Supplies Dog Supplies Dogs Bags Home,Dog Poop Bag Dispenser,Cachorro
Durable Pet Training Doorbell Rope Lanyard Door Warning Bell Guide Dog Pet Training Bell Supplies Dog Bell Lanyard Universal,5.0,94,30 sold,40,30.0,Outros,4.553876891600541,3.713572066704308,3.4339872044851463,en,Durable Pet Training Doorbell Rope Lanyard Door Warning Bell Guide Dog Pet Training Bell Supplies Dog Bell Lanyard Universal,Durable Pet Training Doorbell,Cachorro
Flannel Pet Mat Dog Bed Cat Bed Thicken Sleeping Mat Dog Blanket Mat For Puppy Kitten Pet Dog Bed for Small Large Dogs Pet Rug,4.7,1479,"1,000+ sold",1570,1000.0,Conforto,7.299797366758161,7.359467638255621,6.90875477931522,no,Flannel Pet Mat Dog Bed Cat Bed Thicken Sleeping Mat Dog Blanket Mat For Puppy Kitten Pet Dog Bed for Small Large Dogs Pet Rug,Flannel Pet Mat Dog,Cachorro
Pet Poop Picker Pet Dog Long Handle Pet Pooper Scooper Dogs Cats Poop Scoop Up Clean  Waste Cleaning Tools Pet Supplies 45CM,0.0,19,13 sold,5,13.0,Higiene,2.995732273553991,1.791759469228055,2.6390573296152584,nl,Pet Poop Picker Pet Dog Long Handle Pet Pooper Scooper Dogs Cats Poop Scoop Up Clean  Waste Cleaning Tools Pet Supplies 45CM,Pet Poop Picker Pet,Cachorro
Pet Toy Interactive Cat Toys Funny Cat Stick Spring Rope Ball Plush Toy Interactive Play Training Toys Cats Supplies,4.8,184,306 sold,271,306.0,Brinquedos,5.220355825078324,5.605802066295998,5.726847747587197,en,Pet Toy Interactive Cat Toys Funny Cat Stick Spring Rope Ball Plush Toy Interactive Play Training Toys Cats Supplies,Pet Toy Interactive Cat,Gato
2/1PCS Pet ID Tag for Puppy and Cat Kitten Dogs Collar Accessories Dog Tag Customized Pet Identity Card Pet Supplies,5.0,2600,24 sold,29,24.0,Acessórios,7.8636512654486515,3.4011973816621555,3.218875824868201,en,2/1PCS Pet ID Tag for Puppy and Cat Kitten Dogs Collar Accessories Dog Tag Customized Pet Identity Card Pet Supplies,2/1PCS Pet ID Tag,Cachorro
Double Pet Bowls Dog Food Water Feeder Stainless Steel Pet Drinking Dish Feeder Cat Puppy Feeding Supplies Small Dog Accessories,4.7,25,62 sold,1157,62.0,Alimentação,3.258096538021482,7.05444965813294,4.143134726391533,en,Double Pet Bowls Dog Food Water Feeder Stainless Steel Pet Drinking Dish Feeder Cat Puppy Feeding Supplies Small Dog Accessories,Double Pet Bowls Dog,Cachorro
Smart Interactive Dog Cat Toys Ball USB Rechargeable Pet Supply Funny Rolling Ball Electric Automatic Rotating Jumping Playing,4.0,21,51 sold,54,51.0,Brinquedos,3.091042453358316,4.007333185232471,3.951243718581428,en,Smart Interactive Dog Cat Toys Ball USB Rechargeable Pet Supply Funny Rolling Ball Electric Automatic Rotating Jumping Playing,Smart Interactive Dog Cat,Cachorro
3 In 1 Dog Cat Food Bowl with Water Fountain Durable Feeding Bowls for Pet Feeding Supplies Puppy Kitten Accessories,3.8,23,26 sold,10,26.0,Alimentação,3.1780538303479458,2.3978952727983707,3.295836866004329,en,3 In 1 Dog Cat Food Bowl with Water Fountain Durable Feeding Bowls for Pet Feeding Supplies Puppy Kitten Accessories,3 In 1 Dog,Cachorro
Cat Steam Brush Pet Triple Beauty Comb Dog Grooming Hair Removal Comb Electric Spray Dogs Steamy Supplies Products Home Garden,4.8,1016,"2,000+ sold",988,2000.0,Higiene,6.92461239604856,6.8966943316227125,7.601402334583733,en,Cat Steam Brush Pet Triple Beauty Comb Dog Grooming Hair Removal Comb Electric Spray Dogs Steamy Supplies Products Home Garden,Cat Steam Brush Pet,Cachorro
Pet Supplies Dog Cat Anti Choking Feeding Food Bowls Puppy Slow Down Eating Feeder Dish Prevent Obesity New Product Variety,4.5,30,88 sold,670,88.0,Alimentação,3.4339872044851463,6.508769136971682,4.48863636973214,en,Pet Supplies Dog Cat Anti Choking Feeding Food Bowls Puppy Slow Down Eating Feeder Dish Prevent Obesity New Product Variety,Pet Supplies Dog Cat,Cachorro
HOOPET Winter Comfortable Pet Mat Bed for Dogs Cats Fluff Sleeping Pad  Dog Sofa Cushion Pet Calming Dog Bed House Pet Supplies,3.4,13,45 sold,1231,45.0,Conforto,2.6390573296152584,7.116394144093465,3.828641396489095,en,HOOPET Winter Comfortable Pet Mat Bed for Dogs Cats Fluff Sleeping Pad  Dog Sofa Cushion Pet Calming Dog Bed House Pet Supplies,HOOPET Winter Comfortable Pet,Cachorro
Elevated Cats Feeder Bowl Anti-choking Raised Cat Food Water Bowl With Stand Pet Feeding Drinking Supplies Small and Midium Dogs,4.6,1878,71 sold,212,71.0,Alimentação,7.538494999413465,5.3612921657094255,4.276666119016055,en,Elevated Cats Feeder Bowl Anti-choking Raised Cat Food Water Bowl With Stand Pet Feeding Drinking Supplies Small and Midium Dogs,Elevated Cats Feeder Bowl,Cachorro
Pet Double Head Dog Toothbrush Pet Tooth Cleaning Tools Dental Care for Pet Cat Grooming Toothbrush Pet Supplies,4.7,14,108 sold,43,108.0,Higiene,2.70805020110221,3.784189633918261,4.691347882229144,en,Pet Double Head Dog Toothbrush Pet Tooth Cleaning Tools Dental Care for Pet Cat Grooming Toothbrush Pet Supplies,Pet Double Head Dog,Cachorro
Pet Dog Harness For Small Medium Dogs Cat Reflective Puppy Cats No Pull Breathable Mesh Saddle Pet Chihuahua Bulldog Supplies,4.3,161,7 sold,2,7.0,Acessórios,5.087596335232384,1.0986122886681098,2.079441541679836,en,Pet Dog Harness For Small Medium Dogs Cat Reflective Puppy Cats No Pull Breathable Mesh Saddle Pet Chihuahua Bulldog Supplies,Pet Dog Harness For,Cachorro
Pet Dog Bed Sofa Plush Mats Dogs Basket Supplies For Large Medium Small House Cat Bed Pet Products 37x32cm,2.8,30,47 sold,68,47.0,Brinquedos,3.4339872044851463,4.23410650459726,3.871201010907891,en,Pet Dog Bed Sofa Plush Mats Dogs Basket Supplies For Large Medium Small House Cat Bed Pet Products 37x32cm,Pet Dog Bed Sofa,Cachorro
Funny Pet Dog Toys Plush Slippers Bite Chicken Leg Shoe Shape  Small And Medium-Sized Dog Outdoor Training Cat Relieve Anxiety,4.8,295,151 sold,833,151.0,Brinquedos,5.69035945432406,6.726233402358747,5.0238805208462765,en,Funny Pet Dog Toys Plush Slippers Bite Chicken Leg Shoe Shape  Small And Medium-Sized Dog Outdoor Training Cat Relieve Anxiety,Funny Pet Dog Toys,Cachorro
Cat Toys Pet Cat Scratching Board Corrugated Cardboard Pad Grinding Nails Interactive Protecting Furniture Cats Scratcher Toy,4.6,200,500+ sold,444,500.0,Brinquedos,5.303304908059076,6.09807428216624,6.2166061010848646,en,Cat Toys Pet Cat Scratching Board Corrugated Cardboard Pad Grinding Nails Interactive Protecting Furniture Cats Scratcher Toy,Cat Toys Pet Cat,Gato
Pet Call Bell Dog Toys IQ Training Dog Cat Feeding Ringer Educational Pets Toys Interactive Bell Eating Food Feeder Pet Supplies,5.0,181,15 sold,5,15.0,Brinquedos,5.204006687076795,1.791759469228055,2.772588722239781,en,Pet Call Bell Dog Toys IQ Training Dog Cat Feeding Ringer Educational Pets Toys Interactive Bell Eating Food Feeder Pet Supplies,Pet Call Bell Dog,Cachorro
Oxford Cloth Pet Dog Harness Waterproof Adjustable Vest Style Reflective Dog Harness for Medium，Large Dogs and Cats Pet Supplies,4.8,11766,30 sold,202,30.0,Acessórios,9.37305428246393,5.313205979041787,3.4339872044851463,en,Oxford Cloth Pet Dog Harness Waterproof Adjustable Vest Style Reflective Dog Harness for Medium，Large Dogs and Cats Pet Supplies,Oxford Cloth Pet Dog,Cachorro
Double-Side Pet Dog Bed Warm Cushion for Small Medium Large Dogs Sleeping Beds Waterproof Baskets Cats House Kennel Mat Blanket,3.0,16,10 sold,381,10.0,Conforto,2.833213344056216,5.945420608606575,2.3978952727983707,en,Double-Side Pet Dog Bed Warm Cushion for Small Medium Large Dogs Sleeping Beds Waterproof Baskets Cats House Kennel Mat Blanket,Double-Side Pet Dog Bed,Cachorro
"EVA Pet Toy Pull Ring Floating Water, Resistant To Biting and Leaving No Marks Flying Toys Dog Training Sensitivity Pet Supplies",5.0,16,35 sold,7,35.0,Brinquedos,2.833213344056216,2.079441541679836,3.58351893845611,en,"EVA Pet Toy Pull Ring Floating Water, Resistant To Biting and Leaving No Marks Flying Toys Dog Training Sensitivity Pet Supplies",EVA Pet Toy Pull,Cachorro
Pet Cat Toy Colorful Handmade Bouncy Ball Interactive Toy Cat Plush Cat Toy Set Cat Toys Interactive Mini Pet Supplies,4.7,558,43 sold,11,43.0,Brinquedos,6.326149473155099,2.4849066497880004,3.784189633918261,en,Pet Cat Toy Colorful Handmade Bouncy Ball Interactive Toy Cat Plush Cat Toy Set Cat Toys Interactive Mini Pet Supplies,Pet Cat Toy Colorful,Gato
Bed for Dog Cat Pet Square Plush Kennel Medium Small Dog Sofa Bed Cushion Pet Calming Dog Bed House Pet Supplies Accessories,4.2,47863,85 sold,191,85.0,Brinquedos,10.776118935069867,5.2574953720277815,4.454347296253507,en,Bed for Dog Cat Pet Square Plush Kennel Medium Small Dog Sofa Bed Cushion Pet Calming Dog Bed House Pet Supplies Accessories,Bed for Dog Cat,Cachorro
Mini Electric Bug Pet Dog Cat Toy Interactive Cute Ladybird Beetle Animal Shape Cat Toys Walking Insect Cat Playing Supplies,4.6,624,"2,000+ sold",970,2000.0,Brinquedos,6.437751649736401,6.878326468291325,7.601402334583733,en,Mini Electric Bug Pet Dog Cat Toy Interactive Cute Ladybird Beetle Animal Shape Cat Toys Walking Insect Cat Playing Supplies,Mini Electric Bug Pet,Cachorro
New Pet Dog Grooming Rubber Band Pet Accessories Colorful Pet Supplies Elastic Pet Hair Product Hairpin Hair Accessory100pcs,4.7,149990,35 sold,177,35.0,Higiene,11.918330571278322,5.181783550292085,3.58351893845611,en,New Pet Dog Grooming Rubber Band Pet Accessories Colorful Pet Supplies Elastic Pet Hair Product Hairpin Hair Accessory100pcs,New Pet Dog Grooming,Cachorro
Portable Dog Poop Biodegradable Bag Dispenser Pouch Pet Puppy Cat Pick Up Poop Bag Holder Pets Supplies Garbage Bags,4.8,18,97 sold,4386,97.0,Outros,2.9444389791664403,8.386400901166214,4.584967478670572,de,Portable Dog Poop Biodegradable Bag Dispenser Pouch Pet Puppy Cat Pick Up Poop Bag Holder Pets Supplies Garbage Bags,Portable Dog Poop Biodegradable,Cachorro
2-in-1 Professional Pet Grooming Razor Comb Plastic Trimmer for Dogs Cats with 2pcs Metal Blades for Safe Grooming Pet Supplies,4.8,6,60 sold,72,60.0,Higiene,1.9459101490553128,4.290459441148391,4.110873864173311,en,2-in-1 Professional Pet Grooming Razor Comb Plastic Trimmer for Dogs Cats with 2pcs Metal Blades for Safe Grooming Pet Supplies,2-in-1 Professional Pet Grooming,Cachorro
Pet Toothbrush Set Pet Supplies Dog Toothpaste Toothbrush Oral Care Set for Cats and Dogs Vanilla Beef Finger Toothbrush Set C05,4.4,159910,46 sold,79,46.0,Higiene,11.982372689451536,4.382026634673881,3.8501476017100575,en,Pet Toothbrush Set Pet Supplies Dog Toothpaste Toothbrush Oral Care Set for Cats and Dogs Vanilla Beef Finger Toothbrush Set C05,Pet Toothbrush Set Pet,Cachorro
New Pet Tent House Cat Bed Warm Winter Cat Dog House Deep Sleep For Puppy Cat Indoor Outdoor Tent With Cushion Pet Supplies,4.9,3,54 sold,123,54.0,Conforto,1.3862943611198906,4.820281565605037,4.007333185232471,en,New Pet Tent House Cat Bed Warm Winter Cat Dog House Deep Sleep For Puppy Cat Indoor Outdoor Tent With Cushion Pet Supplies,New Pet Tent House,Cachorro
"3 in 1 Motorized Spray Cat Brush Dog Massage Brush for Grooming Massage, Tangle Removal and Loose Hair Pet Products",5.0,423,22 sold,2,22.0,Higiene,6.049733455231958,1.0986122886681098,3.1354942159291497,en,"3 in 1 Motorized Spray Cat Brush Dog Massage Brush for Grooming Massage, Tangle Removal and Loose Hair Pet Products",3 in 1 Motorized,Cachorro
24CM Pet Giant Tennis Ball For Dog Chew Toy Funny Large Inflatable Tennis Ball Pet Supplies Dog Interactive Toys for Dog Play,4.5,53,121 sold,50,121.0,Brinquedos,3.9889840465642745,3.9318256327243257,4.804021044733257,en,24CM Pet Giant Tennis Ball For Dog Chew Toy Funny Large Inflatable Tennis Ball Pet Supplies Dog Interactive Toys for Dog Play,24CM Pet Giant Tennis,Cachorro
Pet Selfie Stick for Dogs Cat photography tools Pet Interaction Toys Concentrate Training Supplies Dog Accessories Drop Shipping,4.4,197,51 sold,180,51.0,Brinquedos,5.288267030694535,5.198497031265826,3.951243718581428,en,Pet Selfie Stick for Dogs Cat photography tools Pet Interaction Toys Concentrate Training Supplies Dog Accessories Drop Shipping,Pet Selfie Stick for,Cachorro
1PCs Pet Comb Grooming Double-sided Pet Comb Big Dog Brush Beauty Comb for Cats Dogs Hair Wooden Removal Soft Brush Dog Supplies,4.5,1959,199 sold,55,199.0,Higiene,7.580699752224563,4.02535169073515,5.298317366548036,en,1PCs Pet Comb Grooming Double-sided Pet Comb Big Dog Brush Beauty Comb for Cats Dogs Hair Wooden Removal Soft Brush Dog Supplies,1PCs Pet Comb Grooming,Cachorro
Caramel Corduroy Dog Collar And Leash Set For Dogs Custom Engraved Nameplate Pet Supplies Dog Leash Corduroy01,4.9,27437,48 sold,107,48.0,Acessórios,10.21968419288611,4.68213122712422,3.8918202981106265,en,Caramel Corduroy Dog Collar And Leash Set For Dogs Custom Engraved Nameplate Pet Supplies Dog Leash Corduroy01,Caramel Corduroy Dog Collar,Cachorro
Cat Steam Brush Electric Spray Water Spray Kitten Pet Comb Soft Silicone Depilation Cats Bath Hair Brush Grooming Supplies,0.0,29807,157 sold,0,157.0,Higiene,10.30253209284137,0.0,5.062595033026967,en,Cat Steam Brush Electric Spray Water Spray Kitten Pet Comb Soft Silicone Depilation Cats Bath Hair Brush Grooming Supplies,Cat Steam Brush Electric,Gato
Funny Chicken Helmet Bird Protect Cap Sun Rain Protection Helmet DIY Small Pet Accessories Small Pet Protective Gear Supplies,4.0,53,27 sold,23,27.0,Outros,3.9889840465642745,3.1780538303479458,3.332204510175204,en,Funny Chicken Helmet Bird Protect Cap Sun Rain Protection Helmet DIY Small Pet Accessories Small Pet Protective Gear Supplies,Funny Chicken Helmet Bird,Pássaro
Love Flower Puppy Collar Hand-woven Cats Collar Wool Knitted Cat Collar Dog Tie Cat Small Dogs Necklace Pet Collar Pets Supplies,4.7,85,197 sold,1037,197.0,Acessórios,4.454347296253507,6.945051063725834,5.288267030694535,en,Love Flower Puppy Collar Hand-woven Cats Collar Wool Knitted Cat Collar Dog Tie Cat Small Dogs Necklace Pet Collar Pets Supplies,Love Flower Puppy Collar,Cachorro
Natural Safety Edible Pet Catnip Toys for Cat Mint Ball Healthy Cleaning Teeth Stick Molar Cat Nip Lollipop Catmint Supplies,4.2,93,20 sold,22,20.0,Brinquedos,4.543294782270004,3.1354942159291497,3.044522437723423,en,Natural Safety Edible Pet Catnip Toys for Cat Mint Ball Healthy Cleaning Teeth Stick Molar Cat Nip Lollipop Catmint Supplies,Natural Safety Edible Pet,Gato
Pet Stairs Cat Dog Stairs 2/3 Steps Ramp Sofa Puppy Old Dogs Non-slip Removable Ladder Climbing Aid High Couch Bed Pet Supplies,4.9,208,155 sold,195,155.0,Conforto,5.342334251964811,5.278114659230517,5.049856007249537,en,Pet Stairs Cat Dog Stairs 2/3 Steps Ramp Sofa Puppy Old Dogs Non-slip Removable Ladder Climbing Aid High Couch Bed Pet Supplies,Pet Stairs Cat Dog,Cachorro
10PS Flower Shape Dog Grooming Bowknot Small Dogs Hair Bows Rubber Bands Pet Cat Dog Hair Bows Pet Hair Accessories Pet Supplies,5.0,29,54 sold,37,54.0,Higiene,3.4011973816621555,3.6375861597263857,4.007333185232471,en,10PS Flower Shape Dog Grooming Bowknot Small Dogs Hair Bows Rubber Bands Pet Cat Dog Hair Bows Pet Hair Accessories Pet Supplies,10PS Flower Shape Dog,Cachorro
Tunnel Cat Nest Winter Warm Removable Washable Bed Cat Shelter Closed House Autumn and Winter Mat Pet Supplies Accessories,4.4,212,138 sold,1468,138.0,Conforto,5.3612921657094255,7.292337176173877,4.934473933130692,en,Tunnel Cat Nest Winter Warm Removable Washable Bed Cat Shelter Closed House Autumn and Winter Mat Pet Supplies Accessories,Tunnel Cat Nest Winter,Gato
Cat Toys Cat Teaser Stick Freely Retractable and Replaceable Feather Toy Head Small and Flexible Cats Mint Pet Supplies,4.9,13,140 sold,459,140.0,Brinquedos,2.6390573296152584,6.131226489483141,4.948759890378168,en,Cat Toys Cat Teaser Stick Freely Retractable and Replaceable Feather Toy Head Small and Flexible Cats Mint Pet Supplies,Cat Toys Cat Teaser,Gato
Hair Clips for Dogs Cat Sweet Bow Hairpins Colorful Hair Comb Puppy Supplies Pet Bb Hair Accessory Pet Supplies,5.0,9991,21 sold,28,21.0,Outros,9.209540051805414,3.367295829986474,3.091042453358316,en,Hair Clips for Dogs Cat Sweet Bow Hairpins Colorful Hair Comb Puppy Supplies Pet Bb Hair Accessory Pet Supplies,Hair Clips for Dogs,Cachorro
Cat Playing Toy Hamster Machine Kitten Games Teasing Interactive Toys Hunting Scratching Bite Accessories Pet Cat Supplies,4.3,15,113 sold,395,113.0,Brinquedos,2.772588722239781,5.981414211254481,4.736198448394496,en,Cat Playing Toy Hamster Machine Kitten Games Teasing Interactive Toys Hunting Scratching Bite Accessories Pet Cat Supplies,Cat Playing Toy Hamster,Gato
Lace Dog Bandana Printed Soft Collar Dress Up Pet Neckerchief Supplies Cat Scarf Floral Ribbon for Chihuahua Puppy Kitten Leash,3.9,10693,43 sold,367,43.0,Acessórios,9.277438115508676,5.908082938168931,3.784189633918261,en,Lace Dog Bandana Printed Soft Collar Dress Up Pet Neckerchief Supplies Cat Scarf Floral Ribbon for Chihuahua Puppy Kitten Leash,Lace Dog Bandana Printed,Cachorro
Round Bone Metal Dog Fag Pet Anti-Lost Identity Plate Color Lettering Metal Pendant Tag Pet Collar Accessories Pet Supplies,5.0,1053,88 sold,142,88.0,Acessórios,6.960347729101308,4.962844630259907,4.48863636973214,en,Round Bone Metal Dog Fag Pet Anti-Lost Identity Plate Color Lettering Metal Pendant Tag Pet Collar Accessories Pet Supplies,Round Bone Metal Dog,Cachorro
Dog Hair Brush Combs Dog Open Knot Comb Cat Hair Device Special Hair Removal Brush Dog Cat Pin Comb Pet Supplies,5.0,31,30 sold,58,30.0,Higiene,3.4657359027997265,4.07753744390572,3.4339872044851463,en,Dog Hair Brush Combs Dog Open Knot Comb Cat Hair Device Special Hair Removal Brush Dog Cat Pin Comb Pet Supplies,Dog Hair Brush Combs,Cachorro
Silicone Dog Treat Bag Pet Portable Dog Training Waist Bag Outdoor Feeder Puppy Snack Pouch Food Reward Storage Bag Pet Supplies,4.8,899,500+ sold,498,500.0,Alimentação,6.802394763324311,6.212606095751519,6.2166061010848646,en,Silicone Dog Treat Bag Pet Portable Dog Training Waist Bag Outdoor Feeder Puppy Snack Pouch Food Reward Storage Bag Pet Supplies,Silicone Dog Treat Bag,Cachorro
Pet Cushion Fall And Winter Warm Dog Kennel Cat Dog Printing Blanket Non-Slip Seat Cushion Dog Supplies,4.4,2,86 sold,77,86.0,Conforto,1.0986122886681098,4.356708826689592,4.465908118654584,en,Pet Cushion Fall And Winter Warm Dog Kennel Cat Dog Printing Blanket Non-Slip Seat Cushion Dog Supplies,Pet Cushion Fall And,Cachorro
Fashion Butterfly Diamond Pet Hairpin Handmade Bb Clip Hairpin Long Hair Cat Maltese Dog Small Dog Princess Style Pet Supplies,3.2,9991,23 sold,47,23.0,Outros,9.209540051805414,3.871201010907891,3.1780538303479458,en,Fashion Butterfly Diamond Pet Hairpin Handmade Bb Clip Hairpin Long Hair Cat Maltese Dog Small Dog Princess Style Pet Supplies,Fashion Butterfly Diamond Pet,Cachorro
Dog Bow Ties Lot Dog Grooming Pet Cat Dog Bowties Neckties Pet Supplies Wholesale 26 Mix Colors,4.9,14615,194 sold,347,194.0,Higiene,9.589872098057842,5.8522024797744745,5.272999558563747,en,Dog Bow Ties Lot Dog Grooming Pet Cat Dog Bowties Neckties Pet Supplies Wholesale 26 Mix Colors,Dog Bow Ties Lot,Cachorro
Pet Supplies Dog Collar Alloy Buckle Dog Chain Cat Necklace Size Adjustable for Small and Medium-sized Dog Collars Dog Supplies,4.8,526,307 sold,557,307.0,Acessórios,6.267200548541362,6.324358962381311,5.730099782973574,en,Pet Supplies Dog Collar Alloy Buckle Dog Chain Cat Necklace Size Adjustable for Small and Medium-sized Dog Collars Dog Supplies,Pet Supplies Dog Collar,Cachorro
Nylon Pet Dog Collar LED Light Night Safety Pets Supplies Cat LED Dog Collar For Small Dogs LED Collars Glowing Pet Accessories,5.0,28,63 sold,36421,63.0,Acessórios,3.367295829986474,10.502928266655765,4.158883083359672,en,Nylon Pet Dog Collar LED Light Night Safety Pets Supplies Cat LED Dog Collar For Small Dogs LED Collars Glowing Pet Accessories,Nylon Pet Dog Collar,Cachorro
Classic Plaid Dog Bandana Bibs Pet Cat Scarf Triangular Head Scarf Accessories Neckerchief for Small Medium Large Dogs Supplies,4.3,119217,41 sold,272,41.0,Outros,11.68870902892443,5.60947179518496,3.737669618283368,en,Classic Plaid Dog Bandana Bibs Pet Cat Scarf Triangular Head Scarf Accessories Neckerchief for Small Medium Large Dogs Supplies,Classic Plaid Dog Bandana,Cachorro
Dog Chewing Rubber Ball  Squeaky Cleaning Tooth Dog Chew Toy Home Funny Chewing Ball For Dogs Bite Resistant Pet Supplies,5.0,46,22 sold,305,22.0,Brinquedos,3.8501476017100575,5.723585101952381,3.1354942159291497,en,Dog Chewing Rubber Ball  Squeaky Cleaning Tooth Dog Chew Toy Home Funny Chewing Ball For Dogs Bite Resistant Pet Supplies,Dog Chewing Rubber Ball,Cachorro
No Pull Dog Harness Set with 1.2m Dog Leash Size Adjustable Canvas Print Harness for Dogs Pitbull Leashes Dog Supplies for Pet,5.0,21,43 sold,5166,43.0,Acessórios,3.091042453358316,8.550047528287184,3.784189633918261,en,No Pull Dog Harness Set with 1.2m Dog Leash Size Adjustable Canvas Print Harness for Dogs Pitbull Leashes Dog Supplies for Pet,No Pull Dog Harness,Cachorro
Dog Puzzle Toys Pet Food Interactive Tumbler Slow Feeder Puppy Toy Snack Treat Dispenser for Pet Dogs IQ Training Dog Supplies,5.0,1,85 sold,83,85.0,Brinquedos,0.6931471805599453,4.430816798843313,4.454347296253507,en,Dog Puzzle Toys Pet Food Interactive Tumbler Slow Feeder Puppy Toy Snack Treat Dispenser for Pet Dogs IQ Training Dog Supplies,Dog Puzzle Toys Pet,Cachorro
HOOPET Cute Cat Bed Warm Pet House Kitten Cave Cushion Comfort Cat House Tent Puppy Nest Small Dog Mat Supplies Bed for Cats,4.8,98,32 sold,860,32.0,Conforto,4.59511985013459,6.7580945044277305,3.49650756146648,en,HOOPET Cute Cat Bed Warm Pet House Kitten Cave Cushion Comfort Cat House Tent Puppy Nest Small Dog Mat Supplies Bed for Cats,HOOPET Cute Cat Bed,Cachorro
Pet Toy Cute Pink Pig Squeeze Squeaky Sound Soft Rubber Mini Toy Chew Interactive Games Training Funny Toy Pet Supplies 10pcs,5.0,220,121 sold,426,121.0,Brinquedos,5.3981627015177525,6.056784013228625,4.804021044733257,en,Pet Toy Cute Pink Pig Squeeze Squeaky Sound Soft Rubber Mini Toy Chew Interactive Games Training Funny Toy Pet Supplies 10pcs,Pet Toy Cute Pink,Outros
Cat Double Bowls Feeder Adjustable Height Pet Cats Drinker Water Bowl Elevated Feeding Kitten Supplies Food Feeders Dogs Dish,5.0,9,34 sold,114,34.0,Alimentação,2.302585092994046,4.74493212836325,3.555348061489413,en,Cat Double Bowls Feeder Adjustable Height Pet Cats Drinker Water Bowl Elevated Feeding Kitten Supplies Food Feeders Dogs Dish,Cat Double Bowls Feeder,Cachorro
Dog Toys Funny Simulation Meat Puppy Pet Play Games Chew Toys Squeaky Toys For Small Big Dogs Pug Cats Pets Supplies,4.8,78,30 sold,481,30.0,Brinquedos,4.3694478524670215,6.1779441140506,3.4339872044851463,en,Dog Toys Funny Simulation Meat Puppy Pet Play Games Chew Toys Squeaky Toys For Small Big Dogs Pug Cats Pets Supplies,Dog Toys Funny Simulation,Cachorro
15 Kinds Of Color Nylon Printed Dog Collar Adjustable Collar For Dogs Pet Products Custom Engraved Nameplate Pet Supplies,4.6,29751,178 sold,3502,178.0,Acessórios,10.300651635604906,8.161375023197486,5.187385805840755,en,15 Kinds Of Color Nylon Printed Dog Collar Adjustable Collar For Dogs Pet Products Custom Engraved Nameplate Pet Supplies,15 Kinds Of Color,Cachorro
50pcs Christmas Pet Dog Cat Bow Ties Adjustable Dog Ties Pet Holiday Bow Tie Collar Pet Grooming Supplies for Small Dogs,5.0,900,23 sold,27,23.0,Acessórios,6.803505257608338,3.332204510175204,3.1780538303479458,en,50pcs Christmas Pet Dog Cat Bow Ties Adjustable Dog Ties Pet Holiday Bow Tie Collar Pet Grooming Supplies for Small Dogs,50pcs Christmas Pet Dog,Cachorro
Dog Soft Pet Finger Toothbrush Teeth Cleaning Bad Breath Care Silicone Tooth Brush Tool Cat Cleaning Supplies Pet Oral Cleaning,0.0,77,2 sold,3,2.0,Higiene,4.356708826689592,1.3862943611198906,1.0986122886681098,en,Dog Soft Pet Finger Toothbrush Teeth Cleaning Bad Breath Care Silicone Tooth Brush Tool Cat Cleaning Supplies Pet Oral Cleaning,Dog Soft Pet Finger,Cachorro
Large Capacity Dog Bowl Stainless Steel Pet Feeding Bowl Cat and Dog Food Drinking Bowl Metal Feeding Bowl 9 Size Dog Supplies,4.8,49,23 sold,22,23.0,Alimentação,3.912023005428146,3.1354942159291497,3.1780538303479458,en,Large Capacity Dog Bowl Stainless Steel Pet Feeding Bowl Cat and Dog Food Drinking Bowl Metal Feeding Bowl 9 Size Dog Supplies,Large Capacity Dog Bowl,Cachorro
Double Layer EVA Cat Litter Pad Waterproof Non-slip Sand Basin Filter Kitten Dog Washable Mattress Floor Mat Pet Clean Supplies,4.8,35187,"1,000+ sold",3193,1000.0,Conforto,10.468460394372563,8.069029328774958,6.90875477931522,en,Double Layer EVA Cat Litter Pad Waterproof Non-slip Sand Basin Filter Kitten Dog Washable Mattress Floor Mat Pet Clean Supplies,Double Layer EVA Cat,Cachorro
HOOPET Winter Warm Pet Mat Soft Sofa for Small Medium Dog Removable Bed for Cats Dogs Washable Fluff Sleeping Pet Beds Supplies,5.0,198,18 sold,67,18.0,Conforto,5.293304824724492,4.219507705176107,2.9444389791664403,en,HOOPET Winter Warm Pet Mat Soft Sofa for Small Medium Dog Removable Bed for Cats Dogs Washable Fluff Sleeping Pet Beds Supplies,HOOPET Winter Warm Pet,Cachorro
Cat Steam Brush Pet Massage Comb Cat Dog Grooming Comb Electric Spray Water Spray Cats Bath Brush Hair Brushes Grooming Supplies,4.8,462,49 sold,170,49.0,Higiene,6.137727054086234,5.14166355650266,3.912023005428146,en,Cat Steam Brush Pet Massage Comb Cat Dog Grooming Comb Electric Spray Water Spray Cats Bath Brush Hair Brushes Grooming Supplies,Cat Steam Brush Pet,Cachorro
3pcs/set Pet Toothbrush Purple Cat Silica Gel Brush Clear Up Bad Breath Tartar Teeth Care Dog Cat Cleaning Mouth Dogs Supplies,5.0,33,75 sold,253,75.0,Higiene,3.5263605246161616,5.537334267018537,4.330733340286331,en,3pcs/set Pet Toothbrush Purple Cat Silica Gel Brush Clear Up Bad Breath Tartar Teeth Care Dog Cat Cleaning Mouth Dogs Supplies,3pcs/set Pet Toothbrush Purple,Cachorro
Funny Chicken Helmet Small Bird Duck Quail Hard Hat Headgear Prevent The Chicken From Smash Protect For Hens Head Pet Supplies,3.7,44845,65 sold,35,65.0,Outros,10.710989677333476,3.58351893845611,4.189654742026425,en,Funny Chicken Helmet Small Bird Duck Quail Hard Hat Headgear Prevent The Chicken From Smash Protect For Hens Head Pet Supplies,Funny Chicken Helmet Small,Pássaro
MADDEN 3M 5M Retractable Dog Leash Durable Nylon Pet Walking Leash Automatic Extending Dog Lead Rope for Small Medium Pet,4.9,592,500+ sold,969,500.0,Acessórios,6.385194398997726,6.877296071497429,6.2166061010848646,en,MADDEN 3M 5M Retractable Dog Leash Durable Nylon Pet Walking Leash Automatic Extending Dog Lead Rope for Small Medium Pet,MADDEN 3M 5M Retractable,Cachorro
Personalized Stainless Steel Pet Cat Dog ID Tag Collar Accessories Custom Engraved Necklace Supplies For Dog Tag Name Products,4.8,1094,154 sold,349,154.0,Acessórios,6.9985096422506015,5.857933154483459,5.043425116919247,en,Personalized Stainless Steel Pet Cat Dog ID Tag Collar Accessories Custom Engraved Necklace Supplies For Dog Tag Name Products,Personalized Stainless Steel Pet,Cachorro
Pet food bowls tilt high bottom neck protection to prevent choking of dogs and cats and to prevent dumping of pet feed supplies,5.0,39986,44 sold,36,44.0,Alimentação,10.596309680272128,3.610917912644224,3.80666248977032,en,Pet food bowls tilt high bottom neck protection to prevent choking of dogs and cats and to prevent dumping of pet feed supplies,Pet food bowls tilt,Cachorro
Portable Pet Deodorizer Home Air Purifier Negative Ion Generator For Toilet Cat Litter Box Cleaning Pet Odor Cleaning Supplies,4.3,11,296 sold,701,296.0,Higiene,2.4849066497880004,6.553933404025811,5.6937321388027,en,Portable Pet Deodorizer Home Air Purifier Negative Ion Generator For Toilet Cat Litter Box Cleaning Pet Odor Cleaning Supplies,Portable Pet Deodorizer Home,Gato
Dog Cat Steam Brush Electric Spray Water Spray Kitten Pet Comb Soft Silicone Depilation Cats Bath Hair Brush Grooming Supplies,4.6,1763,37 sold,19,37.0,Higiene,7.475339236566737,2.995732273553991,3.6375861597263857,en,Dog Cat Steam Brush Electric Spray Water Spray Kitten Pet Comb Soft Silicone Depilation Cats Bath Hair Brush Grooming Supplies,Dog Cat Steam Brush,Cachorro
Large Capacity Automatic Cat Food Dispenser Drinking Water Bowl Pet Supplies Wet and Dry Separation Dog Food Container,4.5,2125,316 sold,517,316.0,Alimentação,7.661997558901893,6.249975242259483,5.75890177387728,en,Large Capacity Automatic Cat Food Dispenser Drinking Water Bowl Pet Supplies Wet and Dry Separation Dog Food Container,Large Capacity Automatic Cat,Cachorro
10PCS Handmake Dog Hair Clips Cute Bow Hairpin for Small Dogs Puppy Cat Hairpins Dog Grooming Accessoires Pet Supplies,4.8,42,48 sold,30,48.0,Higiene,3.7612001156935615,3.4339872044851463,3.8918202981106265,en,10PCS Handmake Dog Hair Clips Cute Bow Hairpin for Small Dogs Puppy Cat Hairpins Dog Grooming Accessoires Pet Supplies,10PCS Handmake Dog Hair,Cachorro
Flannel Thickened Dog Bed Mat Soft Pet Sleeping Mat for Small Medium Large Dogs Cats Winter Warm Pet Blanket Pet Supplies,4.8,87,117 sold,1850,117.0,Conforto,4.477336814478207,7.523481312573497,4.770684624465665,en,Flannel Thickened Dog Bed Mat Soft Pet Sleeping Mat for Small Medium Large Dogs Cats Winter Warm Pet Blanket Pet Supplies,Flannel Thickened Dog Bed,Cachorro
10Pcs Handmade Pet Dog Bow Diamond Pearl Pet Supplies Pet Hair bows Boutique Puppy Pet Dog Grooming Accessories for Small Dogs,4.7,427,125 sold,1429,125.0,Higiene,6.059123195581797,7.265429723253953,4.836281906951478,en,10Pcs Handmade Pet Dog Bow Diamond Pearl Pet Supplies Pet Hair bows Boutique Puppy Pet Dog Grooming Accessories for Small Dogs,10Pcs Handmade Pet Dog,Cachorro
Pet Dog Flying Disk Toy Silicone Material Environmentally Friendly Anti-Chew Dog Puppy Interactive Training Pet Supplies,4.6,102,"1,000+ sold",608,1000.0,Brinquedos,4.634728988229636,6.411818267709897,6.90875477931522,en,Pet Dog Flying Disk Toy Silicone Material Environmentally Friendly Anti-Chew Dog Puppy Interactive Training Pet Supplies,Pet Dog Flying Disk,Cachorro
Foldable Cat Bed Pet Dog House Winter Cat Villa Sleep Kennel Removable Warm Nest Enclosed Tents Cave Sofa Pet Supplies,4.6,4,62 sold,201,62.0,Conforto,1.6094379124341005,5.308267697401205,4.143134726391533,en,Foldable Cat Bed Pet Dog House Winter Cat Villa Sleep Kennel Removable Warm Nest Enclosed Tents Cave Sofa Pet Supplies,Foldable Cat Bed Pet,Cachorro
1pc 53cm Luxury Dog Gold Chain Necklace Dollars adjustable trendy pendan Metal Collar Pet Accessories  Dog  photo props Supplies,4.9,6,63 sold,368,63.0,Acessórios,1.9459101490553128,5.910796644040527,4.158883083359672,en,1pc 53cm Luxury Dog Gold Chain Necklace Dollars adjustable trendy pendan Metal Collar Pet Accessories  Dog  photo props Supplies,1pc 53cm Luxury Dog,Cachorro
Animal Hair Brush Dog Grooming Brush Pet Hair Remover for Matted Long and Short Curly Haired Cats Pet Supplies Dog Accessories,5.0,32,24 sold,184,24.0,Conforto,3.49650756146648,5.220355825078324,3.218875824868201,en,Animal Hair Brush Dog Grooming Brush Pet Hair Remover for Matted Long and Short Curly Haired Cats Pet Supplies Dog Accessories,Animal Hair Brush Dog,Cachorro
Super Absorbent Pet Diaper Dog Training Pee Pads Disposable Healthy Nappy Mat For Cats Dog Diapers Cage Mat Pet Supplies,2.6,2362,41 sold,498,41.0,Conforto,7.767687277186908,6.212606095751519,3.737669618283368,en,Super Absorbent Pet Diaper Dog Training Pee Pads Disposable Healthy Nappy Mat For Cats Dog Diapers Cage Mat Pet Supplies,Super Absorbent Pet Diaper,Cachorro
Dog Chew Toy Pet Squeaky Ball Toy Teeth Care Cartoon Big Eye Monster Rubber Latex Interactive Trainning Puppy Pet Dog Supplies,4.6,1994,86 sold,156,86.0,Brinquedos,7.598399329323964,5.056245805348308,4.465908118654584,en,Dog Chew Toy Pet Squeaky Ball Toy Teeth Care Cartoon Big Eye Monster Rubber Latex Interactive Trainning Puppy Pet Dog Supplies,Dog Chew Toy Pet,Cachorro
Shock-absorption Dog Harness Vest Adjustable Reflective Harness for Medium Dogs French Bulldog Walking Chest Strap Pet Supplies,4.6,587,52 sold,91,52.0,Acessórios,6.376726947898627,4.5217885770490405,3.970291913552122,en,Shock-absorption Dog Harness Vest Adjustable Reflective Harness for Medium Dogs French Bulldog Walking Chest Strap Pet Supplies,Shock-absorption Dog Harness Vest,Cachorro
Pet Dog Cat Hair Removal Brush Comb Pet Grooming Tools Cini Furmines Hair Shedding Trimmer Comb for Dogs Cats Cleaning Supplies,4.8,9,151 sold,1335,151.0,Higiene,2.302585092994046,7.197435354096591,5.0238805208462765,en,Pet Dog Cat Hair Removal Brush Comb Pet Grooming Tools Cini Furmines Hair Shedding Trimmer Comb for Dogs Cats Cleaning Supplies,Pet Dog Cat Hair,Cachorro
Dog Eyewear Pet Sunglasses Clear Vision Adjustable UV Protection Eye Protection Pet Cat Pet Supplies,4.7,40,35 sold,51,35.0,Outros,3.713572066704308,3.951243718581428,3.58351893845611,en,Dog Eyewear Pet Sunglasses Clear Vision Adjustable UV Protection Eye Protection Pet Cat Pet Supplies,Dog Eyewear Pet Sunglasses,Cachorro
Adjustable Width Cat Door Holder Latch Fish Shaped Design Fast Flex Latch Strap Door Stopper Pet Supplies,4.8,30,193 sold,93,193.0,Outros,3.4339872044851463,4.543294782270004,5.267858159063328,en,Adjustable Width Cat Door Holder Latch Fish Shaped Design Fast Flex Latch Strap Door Stopper Pet Supplies,Adjustable Width Cat Door,Gato
Personalized Cat Dog Pet ID Tag Keychain Custom Free Engraved Pet ID Name for Cat Dog Collar Tag Harness Nameplate Pet Supplies,4.6,22265,102 sold,1291,102.0,Acessórios,10.010816130288651,7.163946684342547,4.634728988229636,en,Personalized Cat Dog Pet ID Tag Keychain Custom Free Engraved Pet ID Name for Cat Dog Collar Tag Harness Nameplate Pet Supplies,Personalized Cat Dog Pet,Cachorro
Multi Color Durable China Pet Supplies Cleaning Tool Plastic Shovel Cat Litter Scoop Holder,4.8,3980,23 sold,15,23.0,Higiene,8.289288323000317,2.772588722239781,3.1780538303479458,en,Multi Color Durable China Pet Supplies Cleaning Tool Plastic Shovel Cat Litter Scoop Holder,Multi Color Durable China,Gato
2019 Fashion Pet Pillow Cat and Dog Sleeping Pillows Special Pillows Teddy Bear Pomeranian Dogs Supplies Dog Mat Puppy,4.8,5940,137 sold,1919,137.0,Conforto,8.689632748355741,7.560080465021827,4.927253685157205,en,2019 Fashion Pet Pillow Cat and Dog Sleeping Pillows Special Pillows Teddy Bear Pomeranian Dogs Supplies Dog Mat Puppy,2019 Fashion Pet Pillow,Cachorro
Foldable Pet Dog Tent House Portable Cute Pattern Soft Mat Sturdy Cat Cage Pet Cat Small Dog Puppy Kennel Tents Pet Supplies,4.3,224,22 sold,34,22.0,Conforto,5.41610040220442,3.555348061489413,3.1354942159291497,en,Foldable Pet Dog Tent House Portable Cute Pattern Soft Mat Sturdy Cat Cage Pet Cat Small Dog Puppy Kennel Tents Pet Supplies,Foldable Pet Dog Tent,Cachorro
Dog Spill Toy Biomimetic Pineapple Dog Toy Interactive Puzzle Card Food Pet Supplies Spill Ball Pet Interactive Toys,5.0,200,32 sold,104,32.0,Brinquedos,5.303304908059076,4.653960350157523,3.49650756146648,en,Dog Spill Toy Biomimetic Pineapple Dog Toy Interactive Puzzle Card Food Pet Supplies Spill Ball Pet Interactive Toys,Dog Spill Toy Biomimetic,Cachorro
Double Dog Car Seat Belt Elasticity Extention Reflective Stripe Adjustable Vehicle Travel Accessories Safety Leash for Two Pets,5.0,83,82 sold,352,82.0,Acessórios,4.430816798843313,5.8664680569332965,4.418840607796598,en,Double Dog Car Seat Belt Elasticity Extention Reflective Stripe Adjustable Vehicle Travel Accessories Safety Leash for Two Pets,Double Dog Car Seat,Cachorro
Leaking Food Dog Toy Ball Exercise Reflexes Chihuahua Tool Entertain Itself With Educational Pet Toys Teddy Feeding Supplies,4.7,44,52 sold,27,52.0,Brinquedos,3.80666248977032,3.332204510175204,3.970291913552122,en,Leaking Food Dog Toy Ball Exercise Reflexes Chihuahua Tool Entertain Itself With Educational Pet Toys Teddy Feeding Supplies,Leaking Food Dog Toy,Cachorro
Funny Cat Interactive Teaser Training Toy Creative Kittens Mini Bamboo-copter Games Toys Pets Supplies Accessories Toys For Cat,4.9,53,108 sold,1532,108.0,Brinquedos,3.9889840465642745,7.334981878871814,4.691347882229144,en,Funny Cat Interactive Teaser Training Toy Creative Kittens Mini Bamboo-copter Games Toys Pets Supplies Accessories Toys For Cat,Funny Cat Interactive Teaser,Gato
Cooling Pet Elevated Cat Dog Bed Portable Raised Pet Cots for Indoor & Outdoor Travel Camping Cat Dog Pet Supplies,4.4,46,34 sold,43,34.0,Conforto,3.8501476017100575,3.784189633918261,3.555348061489413,en,Cooling Pet Elevated Cat Dog Bed Portable Raised Pet Cots for Indoor & Outdoor Travel Camping Cat Dog Pet Supplies,Cooling Pet Elevated Cat,Cachorro
Dog Poop Bag Dispenser Hangingable Dog Poop Bag Holder Poo Bags Dispenser for Dogs Walking Garbage Bags Dispensers Pet Supplies,4.5,2440,79 sold,34,79.0,Outros,7.80016307039296,3.555348061489413,4.382026634673881,af,Dog Poop Bag Dispenser Hangingable Dog Poop Bag Holder Poo Bags Dispenser for Dogs Walking Garbage Bags Dispensers Pet Supplies,Dog Poop Bag Dispenser,Cachorro
Dog Cat Supplies Table Scissors Dog Comb Boxes Plastic Storage Box On the bracket Pet Grooming Tools Brushes Organizer,5.0,32,251 sold,419,251.0,Higiene,3.49650756146648,6.040254711277414,5.529429087511423,en,Dog Cat Supplies Table Scissors Dog Comb Boxes Plastic Storage Box On the bracket Pet Grooming Tools Brushes Organizer,Dog Cat Supplies Table,Cachorro
Pet Feeders Bowl Oblique Mouth Large Capacity Cats Bowls Cute Cat Dog Food Dispenser Pet Water Feeder Supplies Safeguard Neck,4.4,61,28 sold,101,28.0,Alimentação,4.127134385045092,4.624972813284271,3.367295829986474,en,Pet Feeders Bowl Oblique Mouth Large Capacity Cats Bowls Cute Cat Dog Food Dispenser Pet Water Feeder Supplies Safeguard Neck,Pet Feeders Bowl Oblique,Cachorro
HOOPET Dog Bed Mat Warm Pet Cat Scratchable Blanket Anti-slip Washable Cushion Sofa Cover For Large Dogs Pet Supplies,4.9,3934,213 sold,1721,213.0,Conforto,8.277666160851503,7.451241684987676,5.365976015021851,en,HOOPET Dog Bed Mat Warm Pet Cat Scratchable Blanket Anti-slip Washable Cushion Sofa Cover For Large Dogs Pet Supplies,HOOPET Dog Bed Mat,Cachorro
Thickened TPE Folding Silicone Pet Bowls Outdoor Pet Double Bowls Pet Supplies Portable Cat Dog Bowls Travel and Indoor Use,4.7,68,30 sold,22,30.0,Alimentação,4.23410650459726,3.1354942159291497,3.4339872044851463,en,Thickened TPE Folding Silicone Pet Bowls Outdoor Pet Double Bowls Pet Supplies Portable Cat Dog Bowls Travel and Indoor Use,Thickened TPE Folding Silicone,Cachorro
Cat Toy Simulation Rotating Electric Hummingbird Funny Cat Stick Automatic Funny Cat Hummingbird Toy Kitten Pet Supplies,0.0,478,32 sold,5,32.0,Brinquedos,6.171700597410915,1.791759469228055,3.49650756146648,en,Cat Toy Simulation Rotating Electric Hummingbird Funny Cat Stick Automatic Funny Cat Hummingbird Toy Kitten Pet Supplies,Cat Toy Simulation Rotating,Gato
Nylon Dog Collar Adjustable TPU Pet Leash for Large Dogs Collars Accessories Pets Cat Leashs Lead Dog Supplies Waterproof,4.9,63816,282 sold,499,282.0,Acessórios,11.06377489151959,6.214608098422191,5.645446897643238,en,Nylon Dog Collar Adjustable TPU Pet Leash for Large Dogs Collars Accessories Pets Cat Leashs Lead Dog Supplies Waterproof,Nylon Dog Collar Adjustable,Cachorro
40cm Adjustable Dog Cat Bow Tie Puppy Pets Neck Tie Pet Supplies Kitten Cat Dog Collar Strap Cat Dog Grooming Accessories 1PC,4.6,1205,53 sold,1176,53.0,Acessórios,7.095064377287131,7.0707241072602764,3.9889840465642745,en,40cm Adjustable Dog Cat Bow Tie Puppy Pets Neck Tie Pet Supplies Kitten Cat Dog Collar Strap Cat Dog Grooming Accessories 1PC,40cm Adjustable Dog Cat,Cachorro
5 Pcs Toys for Cats Pet Products Eva Striped Rainbow Ball Colorful Cat Toy Scratcher Interactive Pet Toy Cat Supplies Kitty Ball,4.6,30,37 sold,28,37.0,Brinquedos,3.4339872044851463,3.367295829986474,3.6375861597263857,en,5 Pcs Toys for Cats Pet Products Eva Striped Rainbow Ball Colorful Cat Toy Scratcher Interactive Pet Toy Cat Supplies Kitty Ball,5 Pcs Toys for,Gato
2L Automatic Drinking Fountain With Fountain Filter Drink Fountain Pet Stainless Steel Drinking Fountain Cat Dog Water Supplies,4.8,3974,36 sold,607,36.0,Conforto,8.287780027088433,6.410174881966167,3.610917912644224,en,2L Automatic Drinking Fountain With Fountain Filter Drink Fountain Pet Stainless Steel Drinking Fountain Cat Dog Water Supplies,2L Automatic Drinking Fountain,Cachorro
30Rolls Dog Poop Bags with Dispenser and Leash Clip Disposable  Puppy Pooper Scooper Bag Small Rolls Outdoor Clean Pets Supplies,4.5,24,57 sold,17,57.0,Acessórios,3.218875824868201,2.8903717578961645,4.060443010546419,en,30Rolls Dog Poop Bags with Dispenser and Leash Clip Disposable  Puppy Pooper Scooper Bag Small Rolls Outdoor Clean Pets Supplies,30Rolls Dog Poop Bags,Cachorro
"2022 new cat dog pet winter pillow sleep U-shaped throw pillow, comfortable sleep aid cervical spine pet supplies cat toy",4.3,7282,374 sold,254,374.0,Brinquedos,8.893298144217916,5.541263545158426,5.926926025970411,en,"2022 new cat dog pet winter pillow sleep U-shaped throw pillow, comfortable sleep aid cervical spine pet supplies cat toy",2022 new cat dog,Cachorro
Pet Supplies Dog Cat Travel Water Bottle Portable Dog Water Bottle Drinking Water Feeder for Dog Cat Outdoor Water Bowl Bottle,3.8,53,41 sold,44,41.0,Alimentação,3.9889840465642745,3.80666248977032,3.737669618283368,en,Pet Supplies Dog Cat Travel Water Bottle Portable Dog Water Bottle Drinking Water Feeder for Dog Cat Outdoor Water Bowl Bottle,Pet Supplies Dog Cat,Cachorro
800ml Portable Dog Water Bottle For Big Dogs Pet Outdoor Travel Hiking Walking Foldable Drinking Bowl Golden Retriever Supplies,4.3,53,31 sold,27,31.0,Alimentação,3.9889840465642745,3.332204510175204,3.4657359027997265,no,800ml Portable Dog Water Bottle For Big Dogs Pet Outdoor Travel Hiking Walking Foldable Drinking Bowl Golden Retriever Supplies,800ml Portable Dog Water,Cachorro
Cat Steam Brush Pet Massage Comb Cat Dog Grooming Comb Electric Spray Water Spray Cats Bath Brush Hair Brushes Grooming Supplies,4.8,496,351 sold,101,351.0,Higiene,6.208590026096629,4.624972813284271,5.863631175598097,en,Cat Steam Brush Pet Massage Comb Cat Dog Grooming Comb Electric Spray Water Spray Cats Bath Brush Hair Brushes Grooming Supplies,Cat Steam Brush Pet,Cachorro
Kimpets Pet Cat Automatic Feeder Drinking Water Large Capacity Water Dispenser Dry Wet Separation Food Container Pet Supplies,4.8,335,132 sold,585,132.0,Alimentação,5.817111159963204,6.373319789577012,4.890349128221754,en,Kimpets Pet Cat Automatic Feeder Drinking Water Large Capacity Water Dispenser Dry Wet Separation Food Container Pet Supplies,Kimpets Pet Cat Automatic,Gato
Nylon Reflective Big Dog Harness Pet Dog Accessories for Small Large Dogs Dog Walking Cat Collar Supplies Dog Leash,5.0,68864,32 sold,46,32.0,Acessórios,11.139903345351431,3.8501476017100575,3.49650756146648,en,Nylon Reflective Big Dog Harness Pet Dog Accessories for Small Large Dogs Dog Walking Cat Collar Supplies Dog Leash,Nylon Reflective Big Dog,Cachorro
Pet Automatic water Feeders Elevated Bowls for Cats and Dogs Durable Double Bowl Elevated Cat Feeding and Drinking Pet Supplies,5.0,23,25 sold,32,25.0,Alimentação,3.1780538303479458,3.49650756146648,3.258096538021482,en,Pet Automatic water Feeders Elevated Bowls for Cats and Dogs Durable Double Bowl Elevated Cat Feeding and Drinking Pet Supplies,Pet Automatic water Feeders,Cachorro
Cat Anti-Bite Breathable Protective Mask Anti-Licking Cat Muzzle Grooming Mask Cats Bath Nail Clipping Grooming Pet Supplies,4.5,7,41 sold,240,41.0,Higiene,2.079441541679836,5.484796933490655,3.737669618283368,en,Cat Anti-Bite Breathable Protective Mask Anti-Licking Cat Muzzle Grooming Mask Cats Bath Nail Clipping Grooming Pet Supplies,Cat Anti-Bite Breathable Protective,Gato
New Pet Lovely Heart Sunglasses Hairpins Pet Dog Bows Hair Clips for Puppy Dogs Cat Yorkie Teddy Pet Hair Decor Pet Supplies 1pc,4.8,31931,171 sold,5131,171.0,Outros,10.37136392076569,8.543250725735527,5.147494476813453,en,New Pet Lovely Heart Sunglasses Hairpins Pet Dog Bows Hair Clips for Puppy Dogs Cat Yorkie Teddy Pet Hair Decor Pet Supplies 1pc,New Pet Lovely Heart,Cachorro
Dog Collar Light Luminous Flashing Glowing Bright Nylon Reflective LED Dog Collar Night Safety For Cats Puppy pet supplies,4.3,576,163 sold,108,163.0,Acessórios,6.3578422665081,4.691347882229144,5.099866427824199,en,Dog Collar Light Luminous Flashing Glowing Bright Nylon Reflective LED Dog Collar Night Safety For Cats Puppy pet supplies,Dog Collar Light Luminous,Cachorro
Large Capacity Automatic Cat Food Dispenser Drinking Water Bowl Pet Supplies Wet and Dry Separation Dog Food Container,4.7,123,105 sold,187,105.0,Alimentação,4.820281565605037,5.236441962829949,4.663439094112067,en,Large Capacity Automatic Cat Food Dispenser Drinking Water Bowl Pet Supplies Wet and Dry Separation Dog Food Container,Large Capacity Automatic Cat,Cachorro
Intelligent Smart Car Cat Toys Funny Stick Feather Kitten Pet Supplies Party and for Cat Interactive Cat Toys,3.7,3,41 sold,143,41.0,Brinquedos,1.3862943611198906,4.969813299576001,3.737669618283368,en,Intelligent Smart Car Cat Toys Funny Stick Feather Kitten Pet Supplies Party and for Cat Interactive Cat Toys,Intelligent Smart Car Cat,Gato
Pet supplies Cat backpack transparent expandable backpack portable backpack dog breathable large capacity space capsule bag,5.0,948,32 sold,459,32.0,Outros,6.855408798609928,6.131226489483141,3.49650756146648,en,Pet supplies Cat backpack transparent expandable backpack portable backpack dog breathable large capacity space capsule bag,Pet supplies Cat backpack,Cachorro
Simulation Cat Toy Cat Scratching Rope Feather Funny Kitten Playing Game Interactive Toy Retractable Hanging Door Pet Supplies,5.0,39,69 sold,21,69.0,Brinquedos,3.688879454113936,3.091042453358316,4.248495242049359,en,Simulation Cat Toy Cat Scratching Rope Feather Funny Kitten Playing Game Interactive Toy Retractable Hanging Door Pet Supplies,Simulation Cat Toy Cat,Gato
Pet Diapers Panties For Dogs Waterproof Breathable Male Disposable Diapers For Dogs Nappies Dog Physiological Pants Pet Supplies,4.8,52,74 sold,34,74.0,Sanitário,3.970291913552122,3.555348061489413,4.31748811353631,en,Pet Diapers Panties For Dogs Waterproof Breathable Male Disposable Diapers For Dogs Nappies Dog Physiological Pants Pet Supplies,Pet Diapers Panties For,Cachorro
Cute Animals Plush Squeak Dog Toys Bite Resistant Chewing Toy for s Cats Pet Supplies    Toy  Teeth Cleaning,4.5,2207,276 sold,37,276.0,Brinquedos,7.699842407396986,3.6375861597263857,5.6240175061873385,en,Cute Animals Plush Squeak Dog Toys Bite Resistant Chewing Toy for s Cats Pet Supplies    Toy  Teeth Cleaning,Cute Animals Plush Squeak,Cachorro
Bathroom Dog Bath Brush Massage Gloves Soft Safety Silicone Comb with Shampoo Box Pet Dog Brush Grooming Supplies,4.0,29,75 sold,63,75.0,Higiene,3.4011973816621555,4.158883083359672,4.330733340286331,en,Bathroom Dog Bath Brush Massage Gloves Soft Safety Silicone Comb with Shampoo Box Pet Dog Brush Grooming Supplies,Bathroom Dog Bath Brush,Cachorro
1Pc Pet Dog Cat Bath Brush Comb Rubber Glove Hair Fur Grooming Massaging Dog Cleaning Gloves Silicone Bath Brush Dog Supplies,4.0,4722,25 sold,35,25.0,Higiene,8.460199469896118,3.58351893845611,3.258096538021482,en,1Pc Pet Dog Cat Bath Brush Comb Rubber Glove Hair Fur Grooming Massaging Dog Cleaning Gloves Silicone Bath Brush Dog Supplies,1Pc Pet Dog Cat,Cachorro
1PC Teaser Feather Toys Kitten Funny Colorful Rod Cat Wand Toys Wood Pet Cat Toys Interactive Stick Pet Cat Supplies,4.8,130,256 sold,78,256.0,Brinquedos,4.875197323201151,4.3694478524670215,5.54907608489522,en,1PC Teaser Feather Toys Kitten Funny Colorful Rod Cat Wand Toys Wood Pet Cat Toys Interactive Stick Pet Cat Supplies,1PC Teaser Feather Toys,Gato
Outdoor Dog Obstacle Training Set Pet Agility Equipment Jumping Set  Dog Training Accessories Dog Obstacle Course Pet Supplies,5.0,173,62 sold,294,62.0,Outros,5.159055299214529,5.68697535633982,4.143134726391533,en,Outdoor Dog Obstacle Training Set Pet Agility Equipment Jumping Set  Dog Training Accessories Dog Obstacle Course Pet Supplies,Outdoor Dog Obstacle Training,Cachorro
Winter Pet Cat Bed Foldable Dog House Dog Villa Sleep Kennel Removable Nest Warm Enclosed Cave Sofa Big Dog Kennel Pet Supplies,4.7,1238,167 sold,377,167.0,Conforto,7.122059881629142,5.934894195619588,5.123963979403259,no,Winter Pet Cat Bed Foldable Dog House Dog Villa Sleep Kennel Removable Nest Warm Enclosed Cave Sofa Big Dog Kennel Pet Supplies,Winter Pet Cat Bed,Cachorro
Translucent Pocket Dog Leash Pet Accessories 2.5m Automatic Extending Nylon Mini Walking Leash Pet Supplies for Cats Puppy,4.9,74,66 sold,157,66.0,Acessórios,4.31748811353631,5.062595033026967,4.204692619390966,en,Translucent Pocket Dog Leash Pet Accessories 2.5m Automatic Extending Nylon Mini Walking Leash Pet Supplies for Cats Puppy,Translucent Pocket Dog Leash,Cachorro
Pet Dogs Training Toy Natural Rubber Ball On Rope For Reward Fetch Play Interactive Funny Dog Toy Dog Training Supplies,5.0,199,32 sold,19,32.0,Brinquedos,5.298317366548036,2.995732273553991,3.49650756146648,en,Pet Dogs Training Toy Natural Rubber Ball On Rope For Reward Fetch Play Interactive Funny Dog Toy Dog Training Supplies,Pet Dogs Training Toy,Cachorro
Dog Muzzle Puppy and Large Dog Anti Barking Adjustable Anti-biting Mesh Breathable Soft Pet Mouth Muzzles Straps Doggie Supplies,5.0,62,28 sold,32,28.0,Outros,4.143134726391533,3.49650756146648,3.367295829986474,en,Dog Muzzle Puppy and Large Dog Anti Barking Adjustable Anti-biting Mesh Breathable Soft Pet Mouth Muzzles Straps Doggie Supplies,Dog Muzzle Puppy and,Cachorro
HOOPET Dogs Automatic Feeders Water Bottle Cats Bowl Food Storage Drinking Dispenser Container Pet Supplies,4.6,326,101 sold,104,101.0,Alimentação,5.7899601708972535,4.653960350157523,4.624972813284271,en,HOOPET Dogs Automatic Feeders Water Bottle Cats Bowl Food Storage Drinking Dispenser Container Pet Supplies,HOOPET Dogs Automatic Feeders,Cachorro
Luxury Dog Collar Rhinestone Pet Necklace PU Leather Adjustable Cat Dog Collar Small Medium Large Dog Pet Accessories Supplies,4.6,38621,51 sold,668,51.0,Acessórios,10.561577341280673,6.505784060128229,3.951243718581428,en,Luxury Dog Collar Rhinestone Pet Necklace PU Leather Adjustable Cat Dog Collar Small Medium Large Dog Pet Accessories Supplies,Luxury Dog Collar Rhinestone,Cachorro
Wholesale 100/50/20 Cute Adjustable Dog Cat Bow Tie Neck Ties Dogs Puppy Bowties Pets Grooming Accessories Pet Dog Supplies,4.9,62370,209 sold,132,209.0,Higiene,11.040855702741002,4.890349128221754,5.3471075307174685,en,Wholesale 100/50/20 Cute Adjustable Dog Cat Bow Tie Neck Ties Dogs Puppy Bowties Pets Grooming Accessories Pet Dog Supplies,Wholesale 100/50/20 Cute Adjustable,Cachorro
Dog Cover Adjustable Nylon Tape Soft Silicone Duckbill Design Breathable Dog Muzzle Anti Biting Training Stop Chew Pet Supplies,4.3,48,25 sold,111,25.0,Brinquedos,3.8918202981106265,4.718498871295094,3.258096538021482,en,Dog Cover Adjustable Nylon Tape Soft Silicone Duckbill Design Breathable Dog Muzzle Anti Biting Training Stop Chew Pet Supplies,Dog Cover Adjustable Nylon,Cachorro
Personalized Anti-lost Pet ID Tag Identification Customized Dog Collar With Name Number Pet Supplies Accessories,5.0,3438,63 sold,107,63.0,Acessórios,8.142936010432265,4.68213122712422,4.158883083359672,en,Personalized Anti-lost Pet ID Tag Identification Customized Dog Collar With Name Number Pet Supplies Accessories,Personalized Anti-lost Pet ID,Cachorro
Total PetWound Healing Protection Cone Dog Smart Collar Dog Accessories  Pet Supplies PetAccessories,4.8,38,29 sold,2,29.0,Acessórios,3.6635616461296463,1.0986122886681098,3.4011973816621555,en,Total PetWound Healing Protection Cone Dog Smart Collar Dog Accessories  Pet Supplies PetAccessories,Total PetWound Healing Protection,Cachorro
Pet Dog Collar Flowers Accessories Puppy Bowties Grooming Exquisite Movable Dog Collar Bows for Small Dog Cats Pet Supplies,4.8,52,119 sold,129,119.0,Acessórios,3.970291913552122,4.867534450455582,4.787491742782046,en,Pet Dog Collar Flowers Accessories Puppy Bowties Grooming Exquisite Movable Dog Collar Bows for Small Dog Cats Pet Supplies,Pet Dog Collar Flowers,Cachorro
Pet Hair Removal Knife Dog Brush Grooming Tools Dogs Lint Shedding Trimmer Brushes Cats Hair Shedding Comb Pet Supplies,4.7,37,139 sold,144,139.0,Higiene,3.6375861597263857,4.976733742420574,4.941642422609304,en,Pet Hair Removal Knife Dog Brush Grooming Tools Dogs Lint Shedding Trimmer Brushes Cats Hair Shedding Comb Pet Supplies,Pet Hair Removal Knife,Cachorro
Pet Flying Saucer Ball Magic Outdoor Throw Disc Ball for Kids and Dog Interactive Pet Training Sports Game Supplies UFO Pets Toy,3.9,9798,122 sold,37,122.0,Brinquedos,9.190035618635818,3.6375861597263857,4.812184355372417,en,Pet Flying Saucer Ball Magic Outdoor Throw Disc Ball for Kids and Dog Interactive Pet Training Sports Game Supplies UFO Pets Toy,Pet Flying Saucer Ball,Cachorro
Cat Kennel Dog Kennel Plush Round Soft Washable Tie Dye Dog Bed for puppy Round Winter Warm Mat Pet Sleeping Nest Pet Supplies,4.6,18,106 sold,59,106.0,Brinquedos,2.9444389791664403,4.0943445622221,4.672828834461906,en,Cat Kennel Dog Kennel Plush Round Soft Washable Tie Dye Dog Bed for puppy Round Winter Warm Mat Pet Sleeping Nest Pet Supplies,Cat Kennel Dog Kennel,Cachorro
Pet Dog Chew Toys Molar Teeth Clean Stick Interesting Pine Wood Cute Bone Shape Durable Bite Puppy Interactive Toy Pet Supplies,3.0,2051,35 sold,9,35.0,Brinquedos,7.62657020629066,2.302585092994046,3.58351893845611,en,Pet Dog Chew Toys Molar Teeth Clean Stick Interesting Pine Wood Cute Bone Shape Durable Bite Puppy Interactive Toy Pet Supplies,Pet Dog Chew Toys,Cachorro
Solid Color Simple Style Automatic Feeder Drinker Dog Bowl Pet Double Bowl Cat Bowl Pet Bowl Pet Supplies Pet Accessories,4.6,10064,150 sold,128,150.0,Alimentação,9.216819338073892,4.859812404361672,5.017279836814924,en,Solid Color Simple Style Automatic Feeder Drinker Dog Bowl Pet Double Bowl Cat Bowl Pet Bowl Pet Supplies Pet Accessories,Solid Color Simple Style,Cachorro
Dog Slow Feeder Toys Interactive Puzzle Durable Dog Food Dispenser Mental Treat Stimulation Chase Rolling Puppy Toy Pet Supplies,4.7,8,31 sold,40,31.0,Brinquedos,2.19722457733622,3.713572066704308,3.4657359027997265,en,Dog Slow Feeder Toys Interactive Puzzle Durable Dog Food Dispenser Mental Treat Stimulation Chase Rolling Puppy Toy Pet Supplies,Dog Slow Feeder Toys,Cachorro
1pc Rubber Dog Toys Squeaky Cleaning Tooth Dog Chew Toy Small Puppy Toys Ball Bite Resistant Pet Supplies Petshop Diameter 7cm,4.3,397,"1,000+ sold",663,1000.0,Brinquedos,5.986452005284438,6.498282149476434,6.90875477931522,en,1pc Rubber Dog Toys Squeaky Cleaning Tooth Dog Chew Toy Small Puppy Toys Ball Bite Resistant Pet Supplies Petshop Diameter 7cm,1pc Rubber Dog Toys,Cachorro
50/100pcs Small Dog Accessories Pet Dog Bowtie Small Dog Bowtie Pentagram Style for Dog Puppy Dog Bow Tie Neckties Pet Supplies,5.0,19933,41 sold,35,41.0,Outros,9.900182095527402,3.58351893845611,3.737669618283368,en,50/100pcs Small Dog Accessories Pet Dog Bowtie Small Dog Bowtie Pentagram Style for Dog Puppy Dog Bow Tie Neckties Pet Supplies,50/100pcs Small Dog Accessories,Cachorro
HOOPET Dog Toy Six Tennis Balls Bite-resistant Dogs Puppy Teddy Training Product Pet Supplies,4.5,4,238 sold,213,238.0,Brinquedos,1.6094379124341005,5.365976015021851,5.476463551931511,en,HOOPET Dog Toy Six Tennis Balls Bite-resistant Dogs Puppy Teddy Training Product Pet Supplies,HOOPET Dog Toy Six,Cachorro
Pet Dog Grooming Unit Wire Rope Cable For Small And Medium Dog Beauty Blowing Hair Dog Collar Dogs Neckleck Supplies Decoration,4.6,25,170 sold,422,170.0,Acessórios,3.258096538021482,6.0473721790462776,5.14166355650266,en,Pet Dog Grooming Unit Wire Rope Cable For Small And Medium Dog Beauty Blowing Hair Dog Collar Dogs Neckleck Supplies Decoration,Pet Dog Grooming Unit,Cachorro
4 Layers Pet Dog Pee Pad Reusable Non-slip Machine Washable Pet Puppy Diaper Mat Breathable Training Pee Pad New Pet Supplies,4.7,2,25 sold,48,25.0,Conforto,1.0986122886681098,3.8918202981106265,3.258096538021482,en,4 Layers Pet Dog Pee Pad Reusable Non-slip Machine Washable Pet Puppy Diaper Mat Breathable Training Pee Pad New Pet Supplies,4 Layers Pet Dog,Cachorro
Soft Fluffy Pet Dog Blanket Cute Star Printing Pet Mat Warm Breathable Skin Friendly Cats And Dogs Bed Blanket Pet Supplies,5.0,121,68 sold,45,68.0,Conforto,4.804021044733257,3.828641396489095,4.23410650459726,en,Soft Fluffy Pet Dog Blanket Cute Star Printing Pet Mat Warm Breathable Skin Friendly Cats And Dogs Bed Blanket Pet Supplies,Soft Fluffy Pet Dog,Cachorro
Pet Supplies Cat Play Tunnel Tube Collapsible Hamster House Tunnel For Pet Gerbil Rat Small Animals,4.9,101,413 sold,263,413.0,Outros,4.624972813284271,5.575949103146316,6.025865973825314,en,Pet Supplies Cat Play Tunnel Tube Collapsible Hamster House Tunnel For Pet Gerbil Rat Small Animals,Pet Supplies Cat Play,Gato
Elevated Bed Canvas Cat Bed House Cat Solid Wood Hammock Pet Camping Bed Cat House Portable Removable Washable Pet Supplies,4.5,25,28 sold,80,28.0,Conforto,3.258096538021482,4.394449154672439,3.367295829986474,en,Elevated Bed Canvas Cat Bed House Cat Solid Wood Hammock Pet Camping Bed Cat House Portable Removable Washable Pet Supplies,Elevated Bed Canvas Cat,Gato
Dog Sofa Pet Bed Kennel Mat Soft Puppy Beds Cat House Warm Pets Couch Cats Supplies Large Dog Winter Multifunction Accessories,4.9,35970,36 sold,3410,36.0,Conforto,10.490468337248462,8.134760782418645,3.610917912644224,en,Dog Sofa Pet Bed Kennel Mat Soft Puppy Beds Cat House Warm Pets Couch Cats Supplies Large Dog Winter Multifunction Accessories,Dog Sofa Pet Bed,Cachorro
Dog Brush Bamboo Dogs Comb Double-sided Dogs Hair Brush Pet Grooming Massage Comb Stainless Steel Dog Hair Remover Pet Supplies,5.0,457,28 sold,22,28.0,Higiene,6.126869184114185,3.1354942159291497,3.367295829986474,en,Dog Brush Bamboo Dogs Comb Double-sided Dogs Hair Brush Pet Grooming Massage Comb Stainless Steel Dog Hair Remover Pet Supplies,Dog Brush Bamboo Dogs,Cachorro
Pet traction belt Dog chain chest belt Small and medium-sized dog Dynamic rope Pet traction supplies,4.4,10025,49 sold,63,49.0,Outros,9.212936997823448,4.158883083359672,3.912023005428146,en,Pet traction belt Dog chain chest belt Small and medium-sized dog Dynamic rope Pet traction supplies,Pet traction belt Dog,Cachorro
Cat Interactive Toy Cat Toy Balls Mouse Cage Toys Plush Artificial Colorful Cat Teaser Toy Pet Supplies Interactive Plush Toy,4.9,69,105 sold,330,105.0,Brinquedos,4.248495242049359,5.802118375377063,4.663439094112067,en,Cat Interactive Toy Cat Toy Balls Mouse Cage Toys Plush Artificial Colorful Cat Teaser Toy Pet Supplies Interactive Plush Toy,Cat Interactive Toy Cat,Gato
Dog Bandanas Large Pet Scarf for Dog Cotton Plaid Washable Bow Ties Collar Cat Dog Scarf Large Dog Accessories Pet Supplies,5.0,16,29 sold,28,29.0,Acessórios,2.833213344056216,3.367295829986474,3.4011973816621555,en,Dog Bandanas Large Pet Scarf for Dog Cotton Plaid Washable Bow Ties Collar Cat Dog Scarf Large Dog Accessories Pet Supplies,Dog Bandanas Large Pet,Cachorro
Plush Ball Cat Dog Toy Rainbow Bell Ball Pet Supplies Mute Ball Christmas Catnip Ball Interactive Cat Toy Cat Plush Cat Stuff,5.0,7,60 sold,81,60.0,Brinquedos,2.079441541679836,4.406719247264253,4.110873864173311,en,Plush Ball Cat Dog Toy Rainbow Bell Ball Pet Supplies Mute Ball Christmas Catnip Ball Interactive Cat Toy Cat Plush Cat Stuff,Plush Ball Cat Dog,Cachorro
Dog plush chew toy cute koala shape bite resistant teeth interactive play pet supplies,4.9,19,67 sold,37,67.0,Brinquedos,2.995732273553991,3.6375861597263857,4.219507705176107,en,Dog plush chew toy cute koala shape bite resistant teeth interactive play pet supplies,Dog plush chew toy,Cachorro
Dog Collars Creative Shiny Diamond Bowknot Decoration Cute Pet Collars Cat Collars Pet Supplies Pet Accessories Pet Products,4.8,35,62 sold,82,62.0,Acessórios,3.58351893845611,4.418840607796598,4.143134726391533,en,Dog Collars Creative Shiny Diamond Bowknot Decoration Cute Pet Collars Cat Collars Pet Supplies Pet Accessories Pet Products,Dog Collars Creative Shiny,Cachorro
50/100pcs Pet Dog Grooming Accessories Cute Ball Style Puppy Dog Collar Bow Ties Accessories Pet Necktie Pet Supplies Dog Bows,5.0,8972,30 sold,275,30.0,Brinquedos,9.101975347298058,5.62040086571715,3.4339872044851463,en,50/100pcs Pet Dog Grooming Accessories Cute Ball Style Puppy Dog Collar Bow Ties Accessories Pet Necktie Pet Supplies Dog Bows,50/100pcs Pet Dog Grooming,Cachorro
New Fashion Pet Dog Collar High Quality TPU + Nylon Waterproof Deodorant Resistant Dirt Easy Clean Collars 7 Colors Pet Supplies,5.0,25072,63 sold,2256,63.0,Acessórios,10.129546848931234,7.721791776817535,4.158883083359672,en,New Fashion Pet Dog Collar High Quality TPU + Nylon Waterproof Deodorant Resistant Dirt Easy Clean Collars 7 Colors Pet Supplies,New Fashion Pet Dog,Cachorro
1Pc Pet Cat Comb Massage Brush Shell Shaped Handle Pet Grooming Massage Tool To Remove Loose Hairs For Cats Cleaning Supplies,5.0,299,63 sold,23,63.0,Higiene,5.703782474656201,3.1780538303479458,4.158883083359672,en,1Pc Pet Cat Comb Massage Brush Shell Shaped Handle Pet Grooming Massage Tool To Remove Loose Hairs For Cats Cleaning Supplies,1Pc Pet Cat Comb,Gato
Dog Treat Toy Interactive Tumbler Robot Slow Food Feeder Puppy Cat Snack Treat Dispenser Dog Supplies for Pet Dogs IQ Training,5.0,49978,27 sold,75,27.0,Brinquedos,10.81935819618558,4.330733340286331,3.332204510175204,en,Dog Treat Toy Interactive Tumbler Robot Slow Food Feeder Puppy Cat Snack Treat Dispenser Dog Supplies for Pet Dogs IQ Training,Dog Treat Toy Interactive,Cachorro
Eat Slow Dog Bowl Slow Feeder Bath Pet Supplies Pet Accessories Dog Slow Feeder Bowl For Cat Pets Slow Feeder Dog Bowl,4.5,62,24 sold,125,24.0,Alimentação,4.143134726391533,4.836281906951478,3.218875824868201,en,Eat Slow Dog Bowl Slow Feeder Bath Pet Supplies Pet Accessories Dog Slow Feeder Bowl For Cat Pets Slow Feeder Dog Bowl,Eat Slow Dog Bowl,Cachorro
Pet Toothbrush Round Head Remove Bad Breath Tartar Teeth Care Soft Brush Dog Cat Oral Cleaning Tool Small Pets Cleaning Supplies,5.0,4,48 sold,18,48.0,Higiene,1.6094379124341005,2.9444389791664403,3.8918202981106265,en,Pet Toothbrush Round Head Remove Bad Breath Tartar Teeth Care Soft Brush Dog Cat Oral Cleaning Tool Small Pets Cleaning Supplies,Pet Toothbrush Round Head,Cachorro
Dog Toothbrushes Soft Pet Fingers Toothbrush Teddy Dog Cat Cotton Brush Teeth Oral Cleaning Kitten Bad Breath Care Pet Supplies,5.0,206,38 sold,5,38.0,Higiene,5.332718793265369,1.791759469228055,3.6635616461296463,en,Dog Toothbrushes Soft Pet Fingers Toothbrush Teddy Dog Cat Cotton Brush Teeth Oral Cleaning Kitten Bad Breath Care Pet Supplies,Dog Toothbrushes Soft Pet,Cachorro
Dog Anti Bark Collar Pet Anti-barking Device 8-27 Inch Dog Collar Dog Stop Bark Shock Collar for S/M Dog Dropship Fast ship!,4.9,6286,69 sold,157,69.0,Acessórios,8.74623928838306,5.062595033026967,4.248495242049359,en,Dog Anti Bark Collar Pet Anti-barking Device 8-27 Inch Dog Collar Dog Stop Bark Shock Collar for S/M Dog Dropship Fast ship!,Dog Anti Bark Collar,Cachorro
Dog Toys Knot Rope Chew for Small Medium Large Dogs Durable Braided Pets Interactive Funny Teeth Cleaning Supplies 1pc,4.6,26,146 sold,41,146.0,Brinquedos,3.295836866004329,3.737669618283368,4.990432586778736,en,Dog Toys Knot Rope Chew for Small Medium Large Dogs Durable Braided Pets Interactive Funny Teeth Cleaning Supplies 1pc,Dog Toys Knot Rope,Cachorro
"Super Soft Dog Finger Toothbrush, Teeth Cleaning, Bad Breath Care, Nontoxic Silicone Tooth Brush, Pet Supplies, Cat Cleaning",4.9,120,67 sold,116,67.0,Higiene,4.795790545596741,4.762173934797756,4.219507705176107,en,"Super Soft Dog Finger Toothbrush, Teeth Cleaning, Bad Breath Care, Nontoxic Silicone Tooth Brush, Pet Supplies, Cat Cleaning",Super Soft Dog Finger,Cachorro
Thick Pet Car Seat Travel Carrier Handbag Detachable and Washable Ultra Soft Portable Cat Dog Car Travel Bed Safety Pet Supplies,4.8,374,22 sold,49,22.0,Conforto,5.926926025970411,3.912023005428146,3.1354942159291497,en,Thick Pet Car Seat Travel Carrier Handbag Detachable and Washable Ultra Soft Portable Cat Dog Car Travel Bed Safety Pet Supplies,Thick Pet Car Seat,Cachorro
Stainless Steel Dog Bowls Feeder Cage Hanging Pet Cat Bowl Water Dispenser Dog Food Container Cat Bowls for Puppy Dog Supplies,4.8,15,36 sold,50,36.0,Alimentação,2.772588722239781,3.9318256327243257,3.610917912644224,en,Stainless Steel Dog Bowls Feeder Cage Hanging Pet Cat Bowl Water Dispenser Dog Food Container Cat Bowls for Puppy Dog Supplies,Stainless Steel Dog Bowls,Cachorro
Dog Hair Brush Cat Comb Pet Hair Remover Brush for Dogs Cats Puppy Kitten Grooming Tools Dogs Dematting Comb Pet Supplies,5.0,1819,50 sold,10,50.0,Conforto,7.506591780070841,2.3978952727983707,3.9318256327243257,en,Dog Hair Brush Cat Comb Pet Hair Remover Brush for Dogs Cats Puppy Kitten Grooming Tools Dogs Dematting Comb Pet Supplies,Dog Hair Brush Cat,Cachorro
Cat Chew Toys Interactive Molar Grilled Fish Toys Silvervine Cat Teaser Toy Clean Mouth Kitten Play Toy Pet Supplies Accessories,4.9,6,43 sold,109,43.0,Brinquedos,1.9459101490553128,4.700480365792417,3.784189633918261,en,Cat Chew Toys Interactive Molar Grilled Fish Toys Silvervine Cat Teaser Toy Clean Mouth Kitten Play Toy Pet Supplies Accessories,Cat Chew Toys Interactive,Gato
Orange Cute Puppy Pet Supplies Carrot Vegetables Shape Plush Chew Squeaker Sound Squeaky Interaction Dog Toys Gift Dog Accessor,4.8,379,471 sold,146,471.0,Brinquedos,5.940171252720432,4.990432586778736,6.156978985585555,en,Orange Cute Puppy Pet Supplies Carrot Vegetables Shape Plush Chew Squeaker Sound Squeaky Interaction Dog Toys Gift Dog Accessor,Orange Cute Puppy Pet,Cachorro
Silicone Canned Lid Sealed Feeders Food Can Lid For Puppy Dog Cat Storage Top Cap Reusable Cover Lid Health Pet Daily Supplies,5.0,31,19 sold,15,19.0,Alimentação,3.4657359027997265,2.772588722239781,2.995732273553991,en,Silicone Canned Lid Sealed Feeders Food Can Lid For Puppy Dog Cat Storage Top Cap Reusable Cover Lid Health Pet Daily Supplies,Silicone Canned Lid Sealed,Cachorro
Pet Supplies Bowl Ceramics Double Food Water Bowls with Wood Stand No Spill Large Feeder Dish for Dogs Cats Feeding Puppy,5.0,29590,47 sold,106,47.0,Alimentação,10.295225540024292,4.672828834461906,3.871201010907891,en,Pet Supplies Bowl Ceramics Double Food Water Bowls with Wood Stand No Spill Large Feeder Dish for Dogs Cats Feeding Puppy,Pet Supplies Bowl Ceramics,Cachorro
Small Dog Harness Leash Material Quick Release Nylon Straps Anti Pulls Dogs Pet Items Cat Leash Supplies Lanyard Accessories,4.7,56,387 sold,520,387.0,Acessórios,4.04305126783455,6.255750041753367,5.961005339623274,en,Small Dog Harness Leash Material Quick Release Nylon Straps Anti Pulls Dogs Pet Items Cat Leash Supplies Lanyard Accessories,Small Dog Harness Leash,Cachorro
Dog Bowl Pet Floating Bowl Simple Cat Dog Drink Water Without Wet Mouth Cat Bowl Pet Automatic Water Dispenser Pet Supplies,4.8,30,28 sold,367,28.0,Alimentação,3.4339872044851463,5.908082938168931,3.367295829986474,en,Dog Bowl Pet Floating Bowl Simple Cat Dog Drink Water Without Wet Mouth Cat Bowl Pet Automatic Water Dispenser Pet Supplies,Dog Bowl Pet Floating,Cachorro
Cat Toys Electric Fish With USB Charging Built-In Lithium Battery Simulation Realistic Pet Molar Interactive Toys Pet Supplies,3.9,92,49 sold,22,49.0,Brinquedos,4.532599493153256,3.1354942159291497,3.912023005428146,en,Cat Toys Electric Fish With USB Charging Built-In Lithium Battery Simulation Realistic Pet Molar Interactive Toys Pet Supplies,Cat Toys Electric Fish,Gato
Pet supplies Bottom suction cup non-slip slow food mat dog slow food mat Cat silicone choking utensil Snowflake shape,4.4,15,70 sold,180,70.0,Alimentação,2.772588722239781,5.198497031265826,4.262679877041316,en,Pet supplies Bottom suction cup non-slip slow food mat dog slow food mat Cat silicone choking utensil Snowflake shape,Pet supplies Bottom suction,Cachorro
Round Animal Bed Pet Bed Soft Fleece Thicken Nest Dog Kennel Cat Semi-enclosed Sleeping Bag Puppy Cozy Dog Bed Sofa Pet Supply,4.4,7789,52 sold,770,52.0,Conforto,8.960596138864794,6.647688373563329,3.970291913552122,en,Round Animal Bed Pet Bed Soft Fleece Thicken Nest Dog Kennel Cat Semi-enclosed Sleeping Bag Puppy Cozy Dog Bed Sofa Pet Supply,Round Animal Bed Pet,Cachorro
Cat Toys Launch Training Interactive Shooter Gun Teaser Plush Ball Pet Creative Games Stretch Mini Pompoms Kittens Supplies,4.8,77,168 sold,103,168.0,Brinquedos,4.356708826689592,4.6443908991413725,5.1298987149230735,en,Cat Toys Launch Training Interactive Shooter Gun Teaser Plush Ball Pet Creative Games Stretch Mini Pompoms Kittens Supplies,Cat Toys Launch Training,Gato
Dog Dryer Smart Hair Dryer For Dogs Pet Mascotas Perros Cat Brush Hair Removing Combing Blow Comb Grooming Accessories Supplies,3.8,14,37 sold,182,37.0,Higiene,2.70805020110221,5.209486152841421,3.6375861597263857,en,Dog Dryer Smart Hair Dryer For Dogs Pet Mascotas Perros Cat Brush Hair Removing Combing Blow Comb Grooming Accessories Supplies,Dog Dryer Smart Hair,Cachorro
Pet Sofa Beds Soft Long Plush Dog Kennel Winter Home Supplies Washable Warm Cat Sleeping Mat,4.0,43,57 sold,360,57.0,Brinquedos,3.784189633918261,5.8888779583328805,4.060443010546419,en,Pet Sofa Beds Soft Long Plush Dog Kennel Winter Home Supplies Washable Warm Cat Sleeping Mat,Pet Sofa Beds Soft,Cachorro
Dog Paw Washing Foam Pet Foot Cleaning Foam Rinse-free Paw Cleaner No Washing Claw Care Supplies For Cat With Silicone Brush,5.0,987,38 sold,43,38.0,Higiene,6.895682697747868,3.784189633918261,3.6635616461296463,en,Dog Paw Washing Foam Pet Foot Cleaning Foam Rinse-free Paw Cleaner No Washing Claw Care Supplies For Cat With Silicone Brush,Dog Paw Washing Foam,Cachorro
Puppy Pet Supplies Dogs Accessories Dogs Hair Care Grooming Dog Paws Cleaner Dog Brush Washer Automatic Paw Plunger for Dogs,4.7,1999,123 sold,945,123.0,Conforto,7.600902459542082,6.852242569051878,4.820281565605037,en,Puppy Pet Supplies Dogs Accessories Dogs Hair Care Grooming Dog Paws Cleaner Dog Brush Washer Automatic Paw Plunger for Dogs,Puppy Pet Supplies Dogs,Cachorro
Dog Harness Collar Dog Leash Nylon Adjustable Pet Dog Leash High Quality Rope Dog Leash Leash Pet Collar Pet Supplies,4.6,33,33 sold,10,33.0,Acessórios,3.5263605246161616,2.3978952727983707,3.5263605246161616,en,Dog Harness Collar Dog Leash Nylon Adjustable Pet Dog Leash High Quality Rope Dog Leash Leash Pet Collar Pet Supplies,Dog Harness Collar Dog,Cachorro
Reflective Summer Dog Harness and Leash Set for Small Dogs Anti-escape Puppy Cat Harness Vest Chihuahua Pug Walking Pet Supplies,4.5,84,46 sold,35,46.0,Acessórios,4.442651256490317,3.58351893845611,3.8501476017100575,en,Reflective Summer Dog Harness and Leash Set for Small Dogs Anti-escape Puppy Cat Harness Vest Chihuahua Pug Walking Pet Supplies,Reflective Summer Dog Harness,Cachorro
Diagonal Bag Waist Pocket Large Capacity Pet Snack Bag Multi-use Outdoors Dog Treat Bag Pet Supplies Pet Training Pouch,4.7,8,34 sold,24,34.0,Alimentação,2.19722457733622,3.218875824868201,3.555348061489413,en,Diagonal Bag Waist Pocket Large Capacity Pet Snack Bag Multi-use Outdoors Dog Treat Bag Pet Supplies Pet Training Pouch,Diagonal Bag Waist Pocket,Cachorro
Portable Folding Pet Tent Cat House Cage For Cats Pet Dog Tent Playpen Puppy Kennel Fence Outdoor Small Dogs House Pet Supplies,5.0,2186,36 sold,10445,36.0,Outros,7.690286020676768,9.253974408996244,3.610917912644224,en,Portable Folding Pet Tent Cat House Cage For Cats Pet Dog Tent Playpen Puppy Kennel Fence Outdoor Small Dogs House Pet Supplies,Portable Folding Pet Tent,Cachorro
Dog Cat Food Pail Plastic Storage Tank with Measuring Cup Container Moisture-proof Sealed Jar Pet Supplies Accessories,4.8,229,73 sold,123,73.0,Alimentação,5.438079308923196,4.820281565605037,4.30406509320417,en,Dog Cat Food Pail Plastic Storage Tank with Measuring Cup Container Moisture-proof Sealed Jar Pet Supplies Accessories,Dog Cat Food Pail,Cachorro
Leash Leads For Pet Grooming Table Adjustable Fixed Dog Cat Safety Rope Pet Grooming Loops Nylon Restraint Noose Pet Supplies,4.8,112,48 sold,17,48.0,Acessórios,4.727387818712341,2.8903717578961645,3.8918202981106265,en,Leash Leads For Pet Grooming Table Adjustable Fixed Dog Cat Safety Rope Pet Grooming Loops Nylon Restraint Noose Pet Supplies,Leash Leads For Pet,Cachorro
6pcs/set Dog Bowtie Puppy Bow Grooming Bowtie Plaid Love Heart Pet Necklace Puppy Bowtie Dog Accessories for Small Dogs Supplies,5.0,243,20 sold,82,20.0,Higiene,5.497168225293202,4.418840607796598,3.044522437723423,en,6pcs/set Dog Bowtie Puppy Bow Grooming Bowtie Plaid Love Heart Pet Necklace Puppy Bowtie Dog Accessories for Small Dogs Supplies,6pcs/set Dog Bowtie Puppy,Cachorro
Hot Warm Pet Fleece Blanket Bed Mat Pad Cover Cushion for Dog Cat Puppy Animal Winter Supplies,4.3,16,247 sold,1905,247.0,Conforto,2.833213344056216,7.552762084214147,5.513428746164983,en,Hot Warm Pet Fleece Blanket Bed Mat Pad Cover Cushion for Dog Cat Puppy Animal Winter Supplies,Hot Warm Pet Fleece,Cachorro
1 Pcs 27CM Dog Toys Funny Cotton Rope Toys For Small Puppy Dogs Pet Chew Toys Pet Supplies Random Colors,4.5,880,27 sold,11,27.0,Brinquedos,6.78105762593618,2.4849066497880004,3.332204510175204,en,1 Pcs 27CM Dog Toys Funny Cotton Rope Toys For Small Puppy Dogs Pet Chew Toys Pet Supplies Random Colors,1 Pcs 27CM Dog,Cachorro
Pet Plush Toy Cat Dog Voice Octopus Shell Puzzle Toy Bite Resistant Interactive Pet Dog Teeth Cleaning Chew Toy Pet Supplies,4.9,61,700+ sold,1852,700.0,Brinquedos,4.127134385045092,7.52456122628536,6.55250788703459,en,Pet Plush Toy Cat Dog Voice Octopus Shell Puzzle Toy Bite Resistant Interactive Pet Dog Teeth Cleaning Chew Toy Pet Supplies,Pet Plush Toy Cat,Cachorro
Cat Toys Assortments Spiral Springs Assorted Cat Balls Crinkle Furry Cat Mouse Toys Catnip for Kittens Interactive Pet Supplies,4.7,2081,268 sold,119,268.0,Brinquedos,7.641084249174914,4.787491742782046,5.594711379601839,en,Cat Toys Assortments Spiral Springs Assorted Cat Balls Crinkle Furry Cat Mouse Toys Catnip for Kittens Interactive Pet Supplies,Cat Toys Assortments Spiral,Gato
Warm Banana Shaped Dog Cat Bed Cozy Basket Puppy Kittens Cushion Kennel Portable Pet Sleeping Mat Bed Cats Supplies,5.0,1056,28 sold,49,28.0,Conforto,6.963189985870238,3.912023005428146,3.367295829986474,en,Warm Banana Shaped Dog Cat Bed Cozy Basket Puppy Kittens Cushion Kennel Portable Pet Sleeping Mat Bed Cats Supplies,Warm Banana Shaped Dog,Cachorro
Round Pet Dog Bed Mat Long Plush Soft Fluffy Pet Cushion Cats Bed Blanket Pad For Small Medium Large Dogs Cats Sleeping Supplies,5.0,41306,21 sold,598,21.0,Brinquedos,10.62878725611248,6.395261598115449,3.091042453358316,en,Round Pet Dog Bed Mat Long Plush Soft Fluffy Pet Cushion Cats Bed Blanket Pad For Small Medium Large Dogs Cats Sleeping Supplies,Round Pet Dog Bed,Cachorro
Intelligent Escaping Toy Cat Dog Automatic Walk Interactive Toys for Kids Pets Infrared Sensor Rabbit Pet Supplies Accessories,4.7,1957,92 sold,2436,92.0,Brinquedos,7.579678823090456,7.798523053625206,4.532599493153256,en,Intelligent Escaping Toy Cat Dog Automatic Walk Interactive Toys for Kids Pets Infrared Sensor Rabbit Pet Supplies Accessories,Intelligent Escaping Toy Cat,Cachorro
PETKIT Smart Feeder Desiccant for Cat Dog Pets Smart Automatic Feeder Cat Bowl Dog Automatic Feeder Desiccant Pet Supplies,5.0,964,45 sold,15,45.0,Alimentação,6.872128101338986,2.772588722239781,3.828641396489095,en,PETKIT Smart Feeder Desiccant for Cat Dog Pets Smart Automatic Feeder Cat Bowl Dog Automatic Feeder Desiccant Pet Supplies,PETKIT Smart Feeder Desiccant,Cachorro
Luxury Cat Bed Sofa Winter Warm Cat Nest Pet Bed for Small Medium Dogs Cats Comfortable Plush Puppy Bed Pet Supplies,4.6,63,175 sold,357,175.0,Brinquedos,4.158883083359672,5.8805329864007,5.170483995038151,en,Luxury Cat Bed Sofa Winter Warm Cat Nest Pet Bed for Small Medium Dogs Cats Comfortable Plush Puppy Bed Pet Supplies,Luxury Cat Bed Sofa,Cachorro
Pink Purple Corduroy Dog Collar And Leash Set For Dogs Custom Engraved Nameplate Pet Supplies Dog Leash Corduroy10,5.0,27440,53 sold,444,53.0,Acessórios,10.219793524324476,6.09807428216624,3.9889840465642745,en,Pink Purple Corduroy Dog Collar And Leash Set For Dogs Custom Engraved Nameplate Pet Supplies Dog Leash Corduroy10,Pink Purple Corduroy Dog,Cachorro
Super Soft Pet Toothbrush Double Head Dog Brush Bad Breath Tartar Teeth Tool Dog Cat Cleaning Supplies,4.0,10992,20 sold,3,20.0,Higiene,9.305013985578864,1.3862943611198906,3.044522437723423,en,Super Soft Pet Toothbrush Double Head Dog Brush Bad Breath Tartar Teeth Tool Dog Cat Cleaning Supplies,Super Soft Pet Toothbrush,Cachorro
Oversize Soft cartoon Chai Dog shaped Dog bed Winter Warm Cat Sleeping Mat plush cushion Puppy Kitten Sofa Pet Supplies,4.3,400,21 sold,64,21.0,Brinquedos,5.993961427306569,4.174387269895637,3.091042453358316,en,Oversize Soft cartoon Chai Dog shaped Dog bed Winter Warm Cat Sleeping Mat plush cushion Puppy Kitten Sofa Pet Supplies,Oversize Soft cartoon Chai,Cachorro
Pet dog toy Squirrel raccoon plush interactive bite resistant molar skin shell pet supplies,4.7,159,340 sold,118,340.0,Brinquedos,5.075173815233827,4.77912349311153,5.831882477283517,en,Pet dog toy Squirrel raccoon plush interactive bite resistant molar skin shell pet supplies,Pet dog toy Squirrel,Cachorro
Cats Toys Natural Catnip Cat Rotatable Licking Catnip Wall Ball Toy Freshen Breath Remove Hair Balls Cat Accessories Pet Supply,4.8,980,405 sold,174,405.0,Brinquedos,6.888572459565364,5.1647859739235145,6.0063531596017325,en,Cats Toys Natural Catnip Cat Rotatable Licking Catnip Wall Ball Toy Freshen Breath Remove Hair Balls Cat Accessories Pet Supply,Cats Toys Natural Catnip,Gato
360 Degrees Pet Toothbrush Cat Brush Addition Bad Breath Tartar Teeth Care Dog Cat Cleaning Mouth Dog Cat Cleaning Supplies,4.4,48,86 sold,62,86.0,Higiene,3.8918202981106265,4.143134726391533,4.465908118654584,en,360 Degrees Pet Toothbrush Cat Brush Addition Bad Breath Tartar Teeth Care Dog Cat Cleaning Mouth Dog Cat Cleaning Supplies,360 Degrees Pet Toothbrush,Cachorro
Pet Chew Toy Soft Rubber Bite-resistance Bone Shape Teeth Grinding Chewing Toys for Small Dogs Training Pet Supplies,4.0,116,275 sold,12,275.0,Brinquedos,4.762173934797756,2.5649493574615367,5.62040086571715,en,Pet Chew Toy Soft Rubber Bite-resistance Bone Shape Teeth Grinding Chewing Toys for Small Dogs Training Pet Supplies,Pet Chew Toy Soft,Cachorro
Big Dog Mat Corduroy Pad for Medium Large Dogs Oversize Pet Sleeping Bed Big Thicken Dog Sofa Removable Washable Pet Supplies,3.7,130,20 sold,96,20.0,Conforto,4.875197323201151,4.574710978503383,3.044522437723423,en,Big Dog Mat Corduroy Pad for Medium Large Dogs Oversize Pet Sleeping Bed Big Thicken Dog Sofa Removable Washable Pet Supplies,Big Dog Mat Corduroy,Cachorro
Plush Pet Dog Toys Interactive Pet Ball Toys with Bells Dog Chewing Ball Cleaning Tooth Dog Chew Toy For Dogs Pet Supplies,4.8,115,348 sold,228,348.0,Brinquedos,4.7535901911063645,5.43372200355424,5.855071922202427,en,Plush Pet Dog Toys Interactive Pet Ball Toys with Bells Dog Chewing Ball Cleaning Tooth Dog Chew Toy For Dogs Pet Supplies,Plush Pet Dog Toys,Cachorro
Apron Bear Style Pet Dog Toy Plush Toy Dog Supplies Suitable For All Small Dogs Pet Toys Fun Durable Chewing Teeth,5.0,137,50 sold,33,50.0,Brinquedos,4.927253685157205,3.5263605246161616,3.9318256327243257,en,Apron Bear Style Pet Dog Toy Plush Toy Dog Supplies Suitable For All Small Dogs Pet Toys Fun Durable Chewing Teeth,Apron Bear Style Pet,Cachorro
Genuine Leather Dog Collar Adjustable Puppy Dogs Collars Real Leather Pet Necklace Soft For Small Dogs Chihuahua Pet Supplies,4.6,848,50 sold,146,50.0,Acessórios,6.744059186311348,4.990432586778736,3.9318256327243257,en,Genuine Leather Dog Collar Adjustable Puppy Dogs Collars Real Leather Pet Necklace Soft For Small Dogs Chihuahua Pet Supplies,Genuine Leather Dog Collar,Cachorro
Adjustable Nylon Dog Collar Durable Basic Dog Collar for Small Large Dogs French Bulldog Safety Walking Training Pet Supplies,4.9,236,62 sold,26,62.0,Acessórios,5.468060141135132,3.295836866004329,4.143134726391533,en,Adjustable Nylon Dog Collar Durable Basic Dog Collar for Small Large Dogs French Bulldog Safety Walking Training Pet Supplies,Adjustable Nylon Dog Collar,Cachorro
2PCS Christmas Hair Clips For Dogs Handmade Pet Dog Hair Clip Bows For Christmas Small Dog Cat Hair Accessories For Dog Supplies,4.9,489,87 sold,121,87.0,Outros,6.194405391104672,4.804021044733257,4.477336814478207,en,2PCS Christmas Hair Clips For Dogs Handmade Pet Dog Hair Clip Bows For Christmas Small Dog Cat Hair Accessories For Dog Supplies,2PCS Christmas Hair Clips,Cachorro
Elevated Cats Feeder Bowl Anti-choking Raised Cat Food Water Bowl With Stand Pet Feeding Drinking Supplies Small and Midium Dogs,4.8,400,327 sold,1482,327.0,Alimentação,5.993961427306569,7.301822342137932,5.793013608384144,en,Elevated Cats Feeder Bowl Anti-choking Raised Cat Food Water Bowl With Stand Pet Feeding Drinking Supplies Small and Midium Dogs,Elevated Cats Feeder Bowl,Cachorro
Adjustable Pet Nylon Collar Durable Dog Neck Band Comfortable Kitten Dog Necklace Solid Colorful Pet Dog Supplies Accessories,4.9,110,111 sold,46,111.0,Acessórios,4.709530201312334,3.8501476017100575,4.718498871295094,en,Adjustable Pet Nylon Collar Durable Dog Neck Band Comfortable Kitten Dog Necklace Solid Colorful Pet Dog Supplies Accessories,Adjustable Pet Nylon Collar,Cachorro
Winter Warm Cat House Super Soft Cozy Cat Sleeping Cave Thicken Cute Kitten Puppy Tents Windproof Cat Bed Nest Pet Supplies,4.5,3,21 sold,88,21.0,Conforto,1.3862943611198906,4.48863636973214,3.091042453358316,en,Winter Warm Cat House Super Soft Cozy Cat Sleeping Cave Thicken Cute Kitten Puppy Tents Windproof Cat Bed Nest Pet Supplies,Winter Warm Cat House,Cachorro
Silicone Bowl Dog Lick Mat Slow Feeding Food Bowl For Small Medium Dogs Anti-slip Puppy Cat Treat Feeder Dispenser Pet Supplies,4.5,5,28 sold,34,28.0,Alimentação,1.791759469228055,3.555348061489413,3.367295829986474,en,Silicone Bowl Dog Lick Mat Slow Feeding Food Bowl For Small Medium Dogs Anti-slip Puppy Cat Treat Feeder Dispenser Pet Supplies,Silicone Bowl Dog Lick,Cachorro
Pet Bathing Brush Soft Silicone Massager Dog Cat Bath Massage Gloves Brush Soft Safety Silicone Pet Grooming tools Accessories,5.0,29,1 sold,1,1.0,Higiene,3.4011973816621555,0.6931471805599453,0.6931471805599453,en,Pet Bathing Brush Soft Silicone Massager Dog Cat Bath Massage Gloves Brush Soft Safety Silicone Pet Grooming tools Accessories,Pet Bathing Brush Soft,Cachorro
Cat Squeaky Ball Toy Dog Toy Wool Bell Tease Cat Toy Colorful Interactive Toy Gift Box Containing Pet Supplies Cat Accessories,4.9,19,99 sold,388,99.0,Brinquedos,2.995732273553991,5.963579343618446,4.605170185988092,en,Cat Squeaky Ball Toy Dog Toy Wool Bell Tease Cat Toy Colorful Interactive Toy Gift Box Containing Pet Supplies Cat Accessories,Cat Squeaky Ball Toy,Cachorro
Pet Feed Spoon Food Scoop Cat Strip Squeezer Feeder Dispenser Puppy Kitten Snack Liquid Food Scoop Kitty Treat Pet Supplies,4.8,70,38 sold,32,38.0,Alimentação,4.262679877041316,3.49650756146648,3.6635616461296463,en,Pet Feed Spoon Food Scoop Cat Strip Squeezer Feeder Dispenser Puppy Kitten Snack Liquid Food Scoop Kitty Treat Pet Supplies,Pet Feed Spoon Food,Cachorro
Pet Poop Bag pets Supplies Canvas Garbage Bags Dispenser Portable Dog Poop Waste Bag Holder Outdoor Puppy Cat outdoor Pick Up,4.9,7910,37 sold,19,37.0,Outros,8.976009475021396,2.995732273553991,3.6375861597263857,nl,Pet Poop Bag pets Supplies Canvas Garbage Bags Dispenser Portable Dog Poop Waste Bag Holder Outdoor Puppy Cat outdoor Pick Up,Pet Poop Bag pets,Cachorro
Bed for Dog Cat Pet Kennel Medium Dog Sofa Bed Cushion Pet Calming Dog Bed House Pet Supplies Accessories Four seasons universal,4.2,5300,108 sold,341,108.0,Conforto,8.575650760987806,5.834810737062605,4.691347882229144,en,Bed for Dog Cat Pet Kennel Medium Dog Sofa Bed Cushion Pet Calming Dog Bed House Pet Supplies Accessories Four seasons universal,Bed for Dog Cat,Cachorro
wholesale 100pcs Bone Pet ID Tag Blank Engraved Stainless Steel  Pet Supplies Puppy cat collar accessory Pet name pendant Custom,5.0,23357,65 sold,411,65.0,Acessórios,10.05869481683851,6.021023349349527,4.189654742026425,en,wholesale 100pcs Bone Pet ID Tag Blank Engraved Stainless Steel  Pet Supplies Puppy cat collar accessory Pet name pendant Custom,wholesale 100pcs Bone Pet,Cachorro
Cat Comb Dog Comb Special Needle Comb Cat Hair Beauty Supplies pet groomer pet hair pet race,5.0,112,35 sold,726,35.0,Outros,4.727387818712341,6.588926477533519,3.58351893845611,en,Cat Comb Dog Comb Special Needle Comb Cat Hair Beauty Supplies pet groomer pet hair pet race,Cat Comb Dog Comb,Cachorro
"Fashion Cute with Faux Pearl Pet Decor for Puppy,Cat Pet Grooming Supplies Pet Hairpins Pets Hair Clips Dog Accessories",5.0,17,29 sold,15,29.0,Higiene,2.8903717578961645,2.772588722239781,3.4011973816621555,en,"Fashion Cute with Faux Pearl Pet Decor for Puppy,Cat Pet Grooming Supplies Pet Hairpins Pets Hair Clips Dog Accessories",Fashion Cute with Faux,Cachorro
Dog Cat Food Pail Plastic Storage Tank with Measuring Cup Container Moisture-proof Sealed Jar Pet Supplies Accessories,4.6,342,434 sold,7768,434.0,Alimentação,5.83773044716594,8.95789673495042,6.075346031088684,en,Dog Cat Food Pail Plastic Storage Tank with Measuring Cup Container Moisture-proof Sealed Jar Pet Supplies Accessories,Dog Cat Food Pail,Cachorro
Pet Dog Brush Comb Cat Hair Remover Massage Grooming Tool for Small Breeds Dogs Comb Hair Brush Cleaning Supplies Accessory,5.0,300,27 sold,19,27.0,Higiene,5.707110264748875,2.995732273553991,3.332204510175204,en,Pet Dog Brush Comb Cat Hair Remover Massage Grooming Tool for Small Breeds Dogs Comb Hair Brush Cleaning Supplies Accessory,Pet Dog Brush Comb,Cachorro
Pet Food Bowl Tilt High Bottom Cat Bowl Neck Protector Dog Feeding Water Feeder Feeding Watering Supplies Cats Products,4.8,9,57 sold,95,57.0,Alimentação,2.302585092994046,4.564348191467836,4.060443010546419,en,Pet Food Bowl Tilt High Bottom Cat Bowl Neck Protector Dog Feeding Water Feeder Feeding Watering Supplies Cats Products,Pet Food Bowl Tilt,Cachorro
Pet Dog Cat Harness with Leash Adjustable Vest Walking Supplies Soft Breathable Plaid Collar Puppy for Small Medidum Large Dogs,0.0,1429,23 sold,8,23.0,Acessórios,7.265429723253953,2.19722457733622,3.1780538303479458,en,Pet Dog Cat Harness with Leash Adjustable Vest Walking Supplies Soft Breathable Plaid Collar Puppy for Small Medidum Large Dogs,Pet Dog Cat Harness,Cachorro
Replacement Head for Funny Cat Stick Toy Insect Ocean Plush Series Bell Various Kinds Cats Rod Feather Teaser Toy Pet Supplies,4.6,7774,88 sold,45,88.0,Brinquedos,8.958668737047434,3.828641396489095,4.48863636973214,en,Replacement Head for Funny Cat Stick Toy Insect Ocean Plush Series Bell Various Kinds Cats Rod Feather Teaser Toy Pet Supplies,Replacement Head for Funny,Gato
"Plush Round Dog Bed for Winter, Soft and Comfortable Pet Supplies Dog Accessories",4.6,5808,700+ sold,448,700.0,Brinquedos,8.667163717992533,6.107022887742255,6.55250788703459,en,"Plush Round Dog Bed for Winter, Soft and Comfortable Pet Supplies Dog Accessories",Plush Round Dog Bed,Cachorro
Cat Feeder Slope Anti-Ant Food Bowl For Cat Pet Accessories Dog Bowl Quality Stainless Steel Container For Cats Pet Supplies,4.9,23,54 sold,288,54.0,Alimentação,3.1780538303479458,5.666426688112432,4.007333185232471,en,Cat Feeder Slope Anti-Ant Food Bowl For Cat Pet Accessories Dog Bowl Quality Stainless Steel Container For Cats Pet Supplies,Cat Feeder Slope Anti-Ant,Cachorro
1Rolls Pet garbage bagDog Poop Bag Roll Large Cat Waste Bags Doggie Outdoor Home Clean Refill Garbage Bag Pet Supplies,5.0,45,35 sold,21,35.0,Higiene,3.828641396489095,3.091042453358316,3.58351893845611,da,1Rolls Pet garbage bagDog Poop Bag Roll Large Cat Waste Bags Doggie Outdoor Home Clean Refill Garbage Bag Pet Supplies,1Rolls Pet garbage bagDog,Cachorro
50/100PCS Hair Bows For Dogs Pet Dog Grooming Bows Small Dogs Hair Accessories For Dog Pet Dog Supplies Elastic Bands,5.0,19987,59 sold,85,59.0,Higiene,9.902887372464097,4.454347296253507,4.0943445622221,en,50/100PCS Hair Bows For Dogs Pet Dog Grooming Bows Small Dogs Hair Accessories For Dog Pet Dog Supplies Elastic Bands,50/100PCS Hair Bows For,Cachorro
Pet Agility Training Set Jumping Bar Dog Obstacle Training Equipment Hurdle Training Dog Training Device Pet Supplies,4.1,2044,91 sold,89,91.0,Outros,7.623153068476902,4.499809670330265,4.5217885770490405,en,Pet Agility Training Set Jumping Bar Dog Obstacle Training Equipment Hurdle Training Dog Training Device Pet Supplies,Pet Agility Training Set,Cachorro
Dog Toothbrush Durable Dog Chew Toy Stick Soft Rubber Tooth Cleaning Point Massage Toothpaste Pet Toothbrush Molar Pet Supplies,4.3,28978,409 sold,1768,409.0,Brinquedos,10.274326708723065,7.478169694159785,6.016157159698354,en,Dog Toothbrush Durable Dog Chew Toy Stick Soft Rubber Tooth Cleaning Point Massage Toothpaste Pet Toothbrush Molar Pet Supplies,Dog Toothbrush Durable Dog,Cachorro
"Id Paw Tag for Dog, Puppy, Kitten, Cat Collar Accessories, Dog ID Tag, Free Engraving, Message Supplies, Pet Products",4.8,131,30 sold,28,30.0,Acessórios,4.882801922586371,3.367295829986474,3.4339872044851463,en,"Id Paw Tag for Dog, Puppy, Kitten, Cat Collar Accessories, Dog ID Tag, Free Engraving, Message Supplies, Pet Products",Id Paw Tag for,Cachorro
Funny Pet Toy Donkey Shape Corduroy Chew Toys for Dogs Puppy Squeaker Squeaky Plush Bone Molar Dog Toy Training Pets Supplies,5.0,11,28 sold,56,28.0,Brinquedos,2.4849066497880004,4.04305126783455,3.367295829986474,en,Funny Pet Toy Donkey Shape Corduroy Chew Toys for Dogs Puppy Squeaker Squeaky Plush Bone Molar Dog Toy Training Pets Supplies,Funny Pet Toy Donkey,Cachorro
Interactive Pet Chew Toy Squeak Plush Doll for All Puppy Pet Sound Toys Durable Chewing Molar Pets Supplies משחקי חשיבה לכלבים,5.0,73,48 sold,20,48.0,Brinquedos,4.30406509320417,3.044522437723423,3.8918202981106265,en,Interactive Pet Chew Toy Squeak Plush Doll for All Puppy Pet Sound Toys Durable Chewing Molar Pets Supplies משחקי חשיבה לכלבים,Interactive Pet Chew Toy,Cachorro
Rainbow EVA Cat Toys Ball Interactive Cat Dog Play Chewing Rattle Scratch EVA Ball Training Balls Pet Toy Supplies Colorful Ball,4.7,6253,22 sold,18,22.0,Brinquedos,8.740976538017787,2.9444389791664403,3.1354942159291497,en,Rainbow EVA Cat Toys Ball Interactive Cat Dog Play Chewing Rattle Scratch EVA Ball Training Balls Pet Toy Supplies Colorful Ball,Rainbow EVA Cat Toys,Cachorro
3.8L Pet Dog Cat Automatic Feeder Bowl Large Capacity Dog Cat Feeding And Drinking Dog Water Dispenser Feeding Bowl Pet Supplies,5.0,11,23 sold,71,23.0,Alimentação,2.4849066497880004,4.276666119016055,3.1780538303479458,en,3.8L Pet Dog Cat Automatic Feeder Bowl Large Capacity Dog Cat Feeding And Drinking Dog Water Dispenser Feeding Bowl Pet Supplies,3.8L Pet Dog Cat,Cachorro
Dog Interactive Training Toy Pet Snack Catapult Launcher Outdoor Beach Toy Dog Cat Treat Launcher Snack Food Feeder Pet Supplies,3.8,661,28 sold,25,28.0,Brinquedos,6.495265555937008,3.258096538021482,3.367295829986474,en,Dog Interactive Training Toy Pet Snack Catapult Launcher Outdoor Beach Toy Dog Cat Treat Launcher Snack Food Feeder Pet Supplies,Dog Interactive Training Toy,Cachorro
1Set Dog Teeth Cleaning Kit Include Toothpaste & Soft Long Toothbrush & Finger Toothbrush Fit for All Size Dog Safe Pet Supplies,5.0,13,27 sold,8,27.0,Higiene,2.6390573296152584,2.19722457733622,3.332204510175204,en,1Set Dog Teeth Cleaning Kit Include Toothpaste & Soft Long Toothbrush & Finger Toothbrush Fit for All Size Dog Safe Pet Supplies,1Set Dog Teeth Cleaning,Cachorro
Silicone Pet Feeding Lickmat Dog Cat Lick Pad Sucker Slow Food Pad Shower Distraction Mats Lick Pad Slow Food Tray Pet Supplies,4.8,79,75 sold,130,75.0,Alimentação,4.382026634673881,4.875197323201151,4.330733340286331,en,Silicone Pet Feeding Lickmat Dog Cat Lick Pad Sucker Slow Food Pad Shower Distraction Mats Lick Pad Slow Food Tray Pet Supplies,Silicone Pet Feeding Lickmat,Cachorro
Bling Rhinestone PU Leather Crystal Diamond Puppy Collar Pet Dog Collars Pets Supplies Dog Accessories,4.5,19883,129 sold,1054,129.0,Acessórios,9.897670667214562,6.961296045910167,4.867534450455582,en,Bling Rhinestone PU Leather Crystal Diamond Puppy Collar Pet Dog Collars Pets Supplies Dog Accessories,Bling Rhinestone PU Leather,Cachorro
Dog leash Winnie the Pooh harness leash cat walking dog small dog Teddy vest style harness pet supplies,4.0,11946,45 sold,14,45.0,Acessórios,9.388235479817224,2.70805020110221,3.828641396489095,en,Dog leash Winnie the Pooh harness leash cat walking dog small dog Teddy vest style harness pet supplies,Dog leash Winnie the,Cachorro
Big Dog Mat Corduroy Pad for Medium Large Dogs Oversize Pet Sleeping Bed Big Thicken Dog Sofa Removable Washable Pet Supplies,4.3,11403,292 sold,5257,292.0,Conforto,9.341719450032562,8.567506005289827,5.680172609017068,en,Big Dog Mat Corduroy Pad for Medium Large Dogs Oversize Pet Sleeping Bed Big Thicken Dog Sofa Removable Washable Pet Supplies,Big Dog Mat Corduroy,Cachorro
1Pc Personalized Pet Name Tags Soundless Custom Bone Silicone Free Engraving Dog Name Phone Address Pet Supplies,4.6,3931,53 sold,82,53.0,Outros,8.276903481267057,4.418840607796598,3.9889840465642745,en,1Pc Personalized Pet Name Tags Soundless Custom Bone Silicone Free Engraving Dog Name Phone Address Pet Supplies,1Pc Personalized Pet Name,Cachorro
Round Head Pet Toothbrush Remove Bad Breath Tartar Teeth Care Soft Brush Dog Cat Oral Cleaning Tool Small Pets Cleaning Supplies,4.6,61,34 sold,19,34.0,Higiene,4.127134385045092,2.995732273553991,3.555348061489413,en,Round Head Pet Toothbrush Remove Bad Breath Tartar Teeth Care Soft Brush Dog Cat Oral Cleaning Tool Small Pets Cleaning Supplies,Round Head Pet Toothbrush,Cachorro
Pet  Puppy Dog Harnesses Leash Set Bee Animals Shape Dog Cat Harnesses Soft Adjustable Outdoor Walking Anti-lost Leash Supplies,5.0,986,72 sold,1135,72.0,Acessórios,6.894670039433482,7.035268599281097,4.290459441148391,en,Pet  Puppy Dog Harnesses Leash Set Bee Animals Shape Dog Cat Harnesses Soft Adjustable Outdoor Walking Anti-lost Leash Supplies,Pet Puppy Dog Harnesses,Cachorro
"Portable Pet Playpen Door, Cage DIY Metal Wire Supplies, Expandable, Wire Fence for Puppy Turtle",5.0,22,32 sold,102,32.0,Outros,3.1354942159291497,4.634728988229636,3.49650756146648,en,"Portable Pet Playpen Door, Cage DIY Metal Wire Supplies, Expandable, Wire Fence for Puppy Turtle","Portable Pet Playpen Door,",Cachorro
1PC Dog Training Clicker Pet Cat Plastic New Dogs Click Trainer Aid Tools Adjustable Wrist Strap Sound Key Chain Dog Supplies,4.8,220,800+ sold,349,800.0,Outros,5.3981627015177525,5.857933154483459,6.68586094706836,en,1PC Dog Training Clicker Pet Cat Plastic New Dogs Click Trainer Aid Tools Adjustable Wrist Strap Sound Key Chain Dog Supplies,1PC Dog Training Clicker,Cachorro
2-12pcs Pet Two-finger Brushing Finger Cots Puppy Teeth Oral Cleaning Tool Kitten Finger Toothbrush Pets Care Accessories Supply,4.7,1351,75 sold,21,75.0,Higiene,7.20934025660291,3.091042453358316,4.330733340286331,en,2-12pcs Pet Two-finger Brushing Finger Cots Puppy Teeth Oral Cleaning Tool Kitten Finger Toothbrush Pets Care Accessories Supply,2-12pcs Pet Two-finger Brushing,Cachorro
Luxury Girl Dot Pattern Design Pet Dogs Chest Harness Dog Leash Small Puppy Supplies,4.6,28,55 sold,265,55.0,Acessórios,3.367295829986474,5.583496308781699,4.02535169073515,en,Luxury Girl Dot Pattern Design Pet Dogs Chest Harness Dog Leash Small Puppy Supplies,Luxury Girl Dot Pattern,Cachorro
2L/3.5L Cat Automatic Feeder Water Dispenser Pet Feeding Food Container Bowl Large Capacity Plastic Solid Vertical Dog Supply,4.8,29,31 sold,55,31.0,Alimentação,3.4011973816621555,4.02535169073515,3.4657359027997265,en,2L/3.5L Cat Automatic Feeder Water Dispenser Pet Feeding Food Container Bowl Large Capacity Plastic Solid Vertical Dog Supply,2L/3.5L Cat Automatic Feeder,Cachorro
Pet Supplies Dog Collar Alloy Buckle Dog Chain Cat Necklace Size Adjustable for Small and Medium-sized Dog Collars Dog Supplies,4.6,168,61 sold,4213,61.0,Acessórios,5.1298987149230735,8.346167594364134,4.127134385045092,en,Pet Supplies Dog Collar Alloy Buckle Dog Chain Cat Necklace Size Adjustable for Small and Medium-sized Dog Collars Dog Supplies,Pet Supplies Dog Collar,Cachorro
10Pcs Dog Hair Clips Mini Bone Shaped Puppy Hairpin Multicolor Pet Items Hair Decoration Supplies Dog Hair Accessories,4.0,2997,20 sold,2071,20.0,Outros,8.005700678662542,7.636269603379373,3.044522437723423,en,10Pcs Dog Hair Clips Mini Bone Shaped Puppy Hairpin Multicolor Pet Items Hair Decoration Supplies Dog Hair Accessories,10Pcs Dog Hair Clips,Cachorro
HOOPET Cat Delivery Room Detachable Summer Pet Tent Outdoor Dog Folding Fence Cat Cage Dogs Enclosure Surrounded Pet Supplies,4.6,4,209 sold,7287,209.0,Outros,1.6094379124341005,8.893984438939794,5.3471075307174685,en,HOOPET Cat Delivery Room Detachable Summer Pet Tent Outdoor Dog Folding Fence Cat Cage Dogs Enclosure Surrounded Pet Supplies,HOOPET Cat Delivery Room,Cachorro
Dog Brush Pet Hair Remover Massage Cat Brush Dog Comb Dog Grooming Dogs Combs Clothes Hair Collector Wool Sticker Pet Supplies,4.4,2951,22 sold,15,22.0,Acessórios,7.990238185720363,2.772588722239781,3.1354942159291497,en,Dog Brush Pet Hair Remover Massage Cat Brush Dog Comb Dog Grooming Dogs Combs Clothes Hair Collector Wool Sticker Pet Supplies,Dog Brush Pet Hair,Cachorro
Dog litter cat litter long plush circular pet litter dog bed winter dog mat pet bed pet supplies,4.3,19951,40 sold,26,40.0,Brinquedos,9.901084667919818,3.295836866004329,3.713572066704308,en,Dog litter cat litter long plush circular pet litter dog bed winter dog mat pet bed pet supplies,Dog litter cat litter,Cachorro
Pet Bowl Large Capacity Cats Bowls Oblique Mouth Cute Cartoon Cat Shape Cat Dog Food Dispenser Pet Feeder Pets Supplies,4.8,13533,55 sold,73,55.0,Alimentação,9.51296031679217,4.30406509320417,4.02535169073515,en,Pet Bowl Large Capacity Cats Bowls Oblique Mouth Cute Cartoon Cat Shape Cat Dog Food Dispenser Pet Feeder Pets Supplies,Pet Bowl Large Capacity,Cachorro
Cat Tunnel Pet Supplies Cat S Pass Play Tunnel Foldable Cat Tunnel Cat Toy Suede Drill Barrel for Indoor,4.7,74,268 sold,547,268.0,Brinquedos,4.31748811353631,6.306275286948016,5.594711379601839,en,Cat Tunnel Pet Supplies Cat S Pass Play Tunnel Foldable Cat Tunnel Cat Toy Suede Drill Barrel for Indoor,Cat Tunnel Pet Supplies,Gato
30/50pcs 4th of July Dog Bow Tie Dog Collar Dog Bandanas Pet Accessories American Independence Day Pet Supplies,5.0,31987,30 sold,11,30.0,Acessórios,10.37311611145178,2.4849066497880004,3.4339872044851463,en,30/50pcs 4th of July Dog Bow Tie Dog Collar Dog Bandanas Pet Accessories American Independence Day Pet Supplies,30/50pcs 4th of July,Cachorro
Fountain Head Drinker Ball Hanging Bottle Pet Dog Cat Pet Supplies Water Drink,4.8,39,30 sold,255,30.0,Brinquedos,3.688879454113936,5.545177444479562,3.4339872044851463,de,Fountain Head Drinker Ball Hanging Bottle Pet Dog Cat Pet Supplies Water Drink,Fountain Head Drinker Ball,Cachorro
24CM Giant Tennis Ball For Dog Chew Toy Pet Dog Interactive Toys Big Inflatable Tennis Ball Pet Supplies Outdoor Cricket Dog Toy,4.9,21,257 sold,99,257.0,Brinquedos,3.091042453358316,4.605170185988092,5.552959584921617,en,24CM Giant Tennis Ball For Dog Chew Toy Pet Dog Interactive Toys Big Inflatable Tennis Ball Pet Supplies Outdoor Cricket Dog Toy,24CM Giant Tennis Ball,Cachorro
Ceramic Dog Bowl Anti-slip Pet Bowl For Dogs 12.8-20cm Diameter Cat Dog Feeder With Wood Stand Cat Dog Food Bowl Dog Supplies,4.9,2879,53 sold,549,53.0,Alimentação,7.965545573129992,6.309918278226516,3.9889840465642745,en,Ceramic Dog Bowl Anti-slip Pet Bowl For Dogs 12.8-20cm Diameter Cat Dog Feeder With Wood Stand Cat Dog Food Bowl Dog Supplies,Ceramic Dog Bowl Anti-slip,Cachorro
Pet Dog Hair Remover Comb Cat Hair Shedding Brush Wooden Handle Grooming Tools For Dog Pet Massage Cleaning Supplies Accessories,5.0,84,22 sold,39,22.0,Higiene,4.442651256490317,3.688879454113936,3.1354942159291497,en,Pet Dog Hair Remover Comb Cat Hair Shedding Brush Wooden Handle Grooming Tools For Dog Pet Massage Cleaning Supplies Accessories,Pet Dog Hair Remover,Cachorro
Cat Toy Caterpillar Cat Teaser Wand Cat Interactive Toys Funny  Feather Colorful Rod Teaser Wand Pet Cat Supplies Cat Accessory,5.0,129,346 sold,129,346.0,Brinquedos,4.867534450455582,4.867534450455582,5.849324779946859,en,Cat Toy Caterpillar Cat Teaser Wand Cat Interactive Toys Funny  Feather Colorful Rod Teaser Wand Pet Cat Supplies Cat Accessory,Cat Toy Caterpillar Cat,Gato
25/50/100pcs/lot Pet Cat Dog Bow Tie Lots Mix Colors Grooming Accessories Adjustable Puppy Bow Tie Products Pet Bowtie Supplies,4.9,29622,371 sold,356,371.0,Higiene,10.29630636560997,5.877735781779639,5.918893854273146,en,25/50/100pcs/lot Pet Cat Dog Bow Tie Lots Mix Colors Grooming Accessories Adjustable Puppy Bow Tie Products Pet Bowtie Supplies,25/50/100pcs/lot Pet Cat Dog,Cachorro
Puppy Accessories Pet Supplies Wool Puppy Scarves Pet Cat Scarves Keep Warm In Autumn Winter Pet Supplies Pet Scarves Product,5.0,62,25 sold,58,25.0,Outros,4.143134726391533,4.07753744390572,3.258096538021482,en,Puppy Accessories Pet Supplies Wool Puppy Scarves Pet Cat Scarves Keep Warm In Autumn Winter Pet Supplies Pet Scarves Product,Puppy Accessories Pet Supplies,Cachorro
50/100pcs Puppy Dog Grooming Accessories Bee Shape Style Cute Dog Bows Pet Dog Bow Tie Necktie  Bowknot Dog Bowties Supplies,5.0,1832,34 sold,56,34.0,Higiene,7.513709247839705,4.04305126783455,3.555348061489413,en,50/100pcs Puppy Dog Grooming Accessories Bee Shape Style Cute Dog Bows Pet Dog Bow Tie Necktie  Bowknot Dog Bowties Supplies,50/100pcs Puppy Dog Grooming,Cachorro
Rotatable Catnip Molar Stick Natural Safe Catnip Edible Lick Balls Catnip Wall Balls for Cats Teeth Cleaning Pet Health Supplies,5.0,253,117 sold,42,117.0,Brinquedos,5.537334267018537,3.7612001156935615,4.770684624465665,en,Rotatable Catnip Molar Stick Natural Safe Catnip Edible Lick Balls Catnip Wall Balls for Cats Teeth Cleaning Pet Health Supplies,Rotatable Catnip Molar Stick,Gato
Pet Placemat Cat Food Mat Dog Bowl Pad Pet Feeding Mat Prevent Food and Water Spills Pet Supplies Silicone Easy To Clean,4.9,42,167 sold,188,167.0,Alimentação,3.7612001156935615,5.241747015059643,5.123963979403259,en,Pet Placemat Cat Food Mat Dog Bowl Pad Pet Feeding Mat Prevent Food and Water Spills Pet Supplies Silicone Easy To Clean,Pet Placemat Cat Food,Cachorro
Small and Large Size Pet Shop Tudo Para Caes Lambswool Kennel Bichon Pet Bed Mat Supplies,4.1,3525,108 sold,121,108.0,Conforto,8.167919362957816,4.804021044733257,4.691347882229144,en,Small and Large Size Pet Shop Tudo Para Caes Lambswool Kennel Bichon Pet Bed Mat Supplies,Small and Large Size,Outros
Corduroy Dog Toys for Small Large Dogs Animal Shape Plush Pet Puppy Squeaky Chew Bite Resistant Toy Pets Accessories Supplies,5.0,528,32 sold,70,32.0,Brinquedos,6.270988431858299,4.262679877041316,3.49650756146648,en,Corduroy Dog Toys for Small Large Dogs Animal Shape Plush Pet Puppy Squeaky Chew Bite Resistant Toy Pets Accessories Supplies,Corduroy Dog Toys for,Cachorro
Pet Food Bowl Hanging Stainless Steel Pet Bowl Dogs Supplies Fixed Cat Bowl Cats Dog Crate Drinking Bowl Little Pet Feeding,4.8,190,73 sold,62,73.0,Alimentação,5.25227342804663,4.143134726391533,4.30406509320417,en,Pet Food Bowl Hanging Stainless Steel Pet Bowl Dogs Supplies Fixed Cat Bowl Cats Dog Crate Drinking Bowl Little Pet Feeding,Pet Food Bowl Hanging,Cachorro
Wholesale 20pcs Dog Cat Tag Pet Dog Collar Accessories Personalized Paw Shape ID Tags Name No. Telephone Tags For Dog Supplies,4.8,26760,65 sold,127,65.0,Acessórios,10.194700882751729,4.852030263919617,4.189654742026425,en,Wholesale 20pcs Dog Cat Tag Pet Dog Collar Accessories Personalized Paw Shape ID Tags Name No. Telephone Tags For Dog Supplies,Wholesale 20pcs Dog Cat,Cachorro
Cat Toy Launch Gun Flying Saucer Rotating Gyro Launcher Cats Chasing  Plaything Training Kitten Interactive Toys Pet Supplies,5.0,40,48 sold,28,48.0,Brinquedos,3.713572066704308,3.367295829986474,3.8918202981106265,en,Cat Toy Launch Gun Flying Saucer Rotating Gyro Launcher Cats Chasing  Plaything Training Kitten Interactive Toys Pet Supplies,Cat Toy Launch Gun,Gato
Sport Ball Launcher Dog Toy Highly Flexible Pet Interactive Training Supplies Suit Balls Combination,5.0,5427,21 sold,368,21.0,Brinquedos,8.59932602095476,5.910796644040527,3.091042453358316,en,Sport Ball Launcher Dog Toy Highly Flexible Pet Interactive Training Supplies Suit Balls Combination,Sport Ball Launcher Dog,Cachorro
550ml Folding Pet Outdoor Walking Mug Portable Travel Water Bottle Puppy Cats Dogs Drinking Water Dispenser Cup Supplies,4.9,89,340 sold,732,340.0,Outros,4.499809670330265,6.597145701886651,5.831882477283517,en,550ml Folding Pet Outdoor Walking Mug Portable Travel Water Bottle Puppy Cats Dogs Drinking Water Dispenser Cup Supplies,550ml Folding Pet Outdoor,Cachorro
Pet Cat Poop Bags Drawstring Closure for Tonepie Automatic Cat Litter Box Clean Pets Supplies ONLY GARBAGE BAGS 2/4 Rollers,4.3,46,30 sold,85,30.0,Conforto,3.8501476017100575,4.454347296253507,3.4339872044851463,en,Pet Cat Poop Bags Drawstring Closure for Tonepie Automatic Cat Litter Box Clean Pets Supplies ONLY GARBAGE BAGS 2/4 Rollers,Pet Cat Poop Bags,Gato
Pet Party Decoration Set Dog Birthday Triangle Scarf Hat Bow Tie Dog Birthday Decoration SuppliesDog Supplies  для собак Cat,5.0,100,26 sold,33,26.0,Outros,4.61512051684126,3.5263605246161616,3.295836866004329,en,Pet Party Decoration Set Dog Birthday Triangle Scarf Hat Bow Tie Dog Birthday Decoration SuppliesDog Supplies  для собак Cat,Pet Party Decoration Set,Cachorro
Foldable Cat Food Bucket On Wheels Multifunctional Pet Food Moisture Proof Box Dog Snack Container With Clear Lid Pet Supplies,4.8,48,85 sold,143,85.0,Alimentação,3.8918202981106265,4.969813299576001,4.454347296253507,en,Foldable Cat Food Bucket On Wheels Multifunctional Pet Food Moisture Proof Box Dog Snack Container With Clear Lid Pet Supplies,Foldable Cat Food Bucket,Cachorro
Cat & Dog Grooming Comb with Electric Spray Water Spray Soft Silicone Depilation Brush Kitten Pet Bath Brush Grooming Supplies,4.8,263,350 sold,138,350.0,Higiene,5.575949103146316,4.934473933130692,5.860786223465865,en,Cat & Dog Grooming Comb with Electric Spray Water Spray Soft Silicone Depilation Brush Kitten Pet Bath Brush Grooming Supplies,Cat & Dog Grooming,Cachorro
Soft Plush Square Dog Bed Mat Beds for Dogs Cat Small Medium Large Pet Sleep Calming Pad Cat Dog Bed Cushion Pet Supplies,4.4,1905,94 sold,1491,94.0,Brinquedos,7.552762084214147,7.307872780763706,4.553876891600541,en,Soft Plush Square Dog Bed Mat Beds for Dogs Cat Small Medium Large Pet Sleep Calming Pad Cat Dog Bed Cushion Pet Supplies,Soft Plush Square Dog,Cachorro
Straw Woven Cat Bed Bird Nest Cat Scratching Board Bowl-Shaped Pet Nest Cat Toy Supplies Hand-Woven Puppy Kennel Cat Straw Bed,4.7,39882,64 sold,231,64.0,Brinquedos,10.593705446923495,5.44673737166631,4.174387269895637,en,Straw Woven Cat Bed Bird Nest Cat Scratching Board Bowl-Shaped Pet Nest Cat Toy Supplies Hand-Woven Puppy Kennel Cat Straw Bed,Straw Woven Cat Bed,Cachorro
100PCS Hand-made Dog Bows Exquisite Fashion Hair Bows For Small Dogs Rubber Band Pet Dog Grooming Accessories Dog Supplies,5.0,591,34 sold,48,34.0,Higiene,6.3835066348840055,3.8918202981106265,3.555348061489413,en,100PCS Hand-made Dog Bows Exquisite Fashion Hair Bows For Small Dogs Rubber Band Pet Dog Grooming Accessories Dog Supplies,100PCS Hand-made Dog Bows,Cachorro
Portable Dog Training Treat Bag Reflective Puppy Snack Reward Waist Bag Pet Feed Pocket Walking Snack Pouch Detachable Supplies,4.8,59,479 sold,292,479.0,Alimentação,4.0943445622221,5.680172609017068,6.173786103901937,en,Portable Dog Training Treat Bag Reflective Puppy Snack Reward Waist Bag Pet Feed Pocket Walking Snack Pouch Detachable Supplies,Portable Dog Training Treat,Cachorro
Pet Supplies Silicone Dog Bowl Mat with High Lips Non-Stick Waterproof Food Feeding Pad Puppy Feeder Tray Water Cushion Placemat,5.0,53,36 sold,44,36.0,Alimentação,3.9889840465642745,3.80666248977032,3.610917912644224,en,Pet Supplies Silicone Dog Bowl Mat with High Lips Non-Stick Waterproof Food Feeding Pad Puppy Feeder Tray Water Cushion Placemat,Pet Supplies Silicone Dog,Cachorro
Dog Interactive Water Toys Pet Fake Turkey Interactive Training Chewing Toys Pet Supplies Suitable For Medium Large Dogs,4.8,16,75 sold,56,75.0,Brinquedos,2.833213344056216,4.04305126783455,4.330733340286331,en,Dog Interactive Water Toys Pet Fake Turkey Interactive Training Chewing Toys Pet Supplies Suitable For Medium Large Dogs,Dog Interactive Water Toys,Cachorro
20 Pieces Dog Hair Bows Handcrafted Ribbon Bow With Elastic Rubber Band Hair Accessories For Dog Cat Grooming Bows Pet Supplies,5.0,2987,58 sold,4907,58.0,Higiene,8.002359546252707,8.498621805830801,4.07753744390572,en,20 Pieces Dog Hair Bows Handcrafted Ribbon Bow With Elastic Rubber Band Hair Accessories For Dog Cat Grooming Bows Pet Supplies,20 Pieces Dog Hair,Cachorro
Pet Supplies Mice Animal Sound Cats Toys Mice For Cats Gatos Interactive Toys Mouse Products Gatos Productos Pet Products,4.8,224,149 sold,21,149.0,Brinquedos,5.41610040220442,3.091042453358316,5.010635294096256,en,Pet Supplies Mice Animal Sound Cats Toys Mice For Cats Gatos Interactive Toys Mouse Products Gatos Productos Pet Products,Pet Supplies Mice Animal,Gato
Gardening Cat Scat Mat Repellent Mat Anti-Cat Strips Spikes Straps Deterrent Keep Cat Dog Away Digging Pet Supplies 49*14*2.8cm,4.8,1969,26 sold,49,26.0,Conforto,7.585788821732034,3.912023005428146,3.295836866004329,en,Gardening Cat Scat Mat Repellent Mat Anti-Cat Strips Spikes Straps Deterrent Keep Cat Dog Away Digging Pet Supplies 49*14*2.8cm,Gardening Cat Scat Mat,Cachorro
Puppy Harness Leash Set for Small Medium Dog Cat Vest Breathable Pet Chest Strap French Bulldog Chihuahua Poodle Pet Supplies,4.5,158,32 sold,21,32.0,Acessórios,5.068904202220232,3.091042453358316,3.49650756146648,en,Puppy Harness Leash Set for Small Medium Dog Cat Vest Breathable Pet Chest Strap French Bulldog Chihuahua Poodle Pet Supplies,Puppy Harness Leash Set,Cachorro
Degradable Dog Poop Bag Biodegradable Thick Pet Waste Bag  Eco-Friendly Doggie Green EPI Unscented Thicker Pet Supplies in Rolls,4.7,46,67 sold,18,67.0,Outros,3.8501476017100575,2.9444389791664403,4.219507705176107,en,Degradable Dog Poop Bag Biodegradable Thick Pet Waste Bag  Eco-Friendly Doggie Green EPI Unscented Thicker Pet Supplies in Rolls,Degradable Dog Poop Bag,Cachorro
"Cat Dog Bed Pet Hammock Cat Standing Bed Pet Supplies Full Wash Stable Structure, Detachable, Excellent Breathability",4.4,285,98 sold,588,98.0,Conforto,5.655991810819852,6.3784261836515865,4.59511985013459,en,"Cat Dog Bed Pet Hammock Cat Standing Bed Pet Supplies Full Wash Stable Structure, Detachable, Excellent Breathability",Cat Dog Bed Pet,Cachorro
Luxury Dog Bed Square Dog Beds Long Plush Dog Mat Beds for Small Medium Large Dogs Supplies Pet Dog Calming Bed Washable Kennel,4.7,65999,71 sold,249,71.0,Brinquedos,11.097410021008562,5.521460917862246,4.276666119016055,en,Luxury Dog Bed Square Dog Beds Long Plush Dog Mat Beds for Small Medium Large Dogs Supplies Pet Dog Calming Bed Washable Kennel,Luxury Dog Bed Square,Cachorro
1Pc Cat Toy Stick Feather Wand With Bell Mouse Cage Toys Plastic Artificial Colorful Cat Teaser Toy Pet Supplies Random Color,4.5,287,"1,000+ sold",35322,1000.0,Brinquedos,5.662960480135946,10.472289588823235,6.90875477931522,en,1Pc Cat Toy Stick Feather Wand With Bell Mouse Cage Toys Plastic Artificial Colorful Cat Teaser Toy Pet Supplies Random Color,1Pc Cat Toy Stick,Gato
Dog Toys Squeak Sound Dog Ball Rubber Rubgby Football Basketball Interactive Toys For Dogs Small Medium Large Pets Toy Supplies,5.0,1575,58 sold,71,58.0,Brinquedos,7.362645270417825,4.276666119016055,4.07753744390572,en,Dog Toys Squeak Sound Dog Ball Rubber Rubgby Football Basketball Interactive Toys For Dogs Small Medium Large Pets Toy Supplies,Dog Toys Squeak Sound,Cachorro
Pet Bowl High Leg Neck Protection Pet Stainless Steel Dog Bowl Dog Food Bowl Dog Washbasin Anti-slip Anti-collision Pet Supplies,5.0,39,19 sold,80,19.0,Alimentação,3.688879454113936,4.394449154672439,2.995732273553991,en,Pet Bowl High Leg Neck Protection Pet Stainless Steel Dog Bowl Dog Food Bowl Dog Washbasin Anti-slip Anti-collision Pet Supplies,Pet Bowl High Leg,Cachorro
Dog Harness Vest Chest Cat Collars Rope Adjustable Breathable Mesh Dog Harness Clothes Outdoor Walking Small Medium Pet Supplies,4.9,477,128 sold,76,128.0,Acessórios,6.169610732491456,4.343805421853684,4.859812404361672,en,Dog Harness Vest Chest Cat Collars Rope Adjustable Breathable Mesh Dog Harness Clothes Outdoor Walking Small Medium Pet Supplies,Dog Harness Vest Chest,Cachorro
Triangle Electrostatic Dog Hair Cleaner Carpet Scraper Pet Hair Cleaner Animal Hair Brush Pet Remover Brush Pet Supplies,5.0,300,23 sold,3,23.0,Higiene,5.707110264748875,1.3862943611198906,3.1780538303479458,en,Triangle Electrostatic Dog Hair Cleaner Carpet Scraper Pet Hair Cleaner Animal Hair Brush Pet Remover Brush Pet Supplies,Triangle Electrostatic Dog Hair,Cachorro
Pet Massage Comb Cat Dog Hair Removal Brush Puppy Bath Massage Comb Shedding Tools Dog Grooming Accessories Pet Supplies,4.6,49,188 sold,134,188.0,Higiene,3.912023005428146,4.90527477843843,5.241747015059643,en,Pet Massage Comb Cat Dog Hair Removal Brush Puppy Bath Massage Comb Shedding Tools Dog Grooming Accessories Pet Supplies,Pet Massage Comb Cat,Cachorro
Pet Dog Training Round Rope 150cm Light Weight Nylon P Chain Collar Adjustable for Small Medium Dogs Walking Leash Pet Supplies,4.6,57,92 sold,91,92.0,Acessórios,4.060443010546419,4.5217885770490405,4.532599493153256,en,Pet Dog Training Round Rope 150cm Light Weight Nylon P Chain Collar Adjustable for Small Medium Dogs Walking Leash Pet Supplies,Pet Dog Training Round,Cachorro
Snack Training Obedience Bag For Dog Outdoor Training Pet Feed Pocket Waist Pouch Pet Food Treat Bag Pet Supplies,4.7,52,144 sold,85,144.0,Alimentação,3.970291913552122,4.454347296253507,4.976733742420574,en,Snack Training Obedience Bag For Dog Outdoor Training Pet Feed Pocket Waist Pouch Pet Food Treat Bag Pet Supplies,Snack Training Obedience Bag,Cachorro
1.5kg/2kg Dog Cat Food Pail Plastic Storage Tank with Measuring Cup Container Moisture-proof Sealed Jar Pet Supplies Accessories,4.2,1520,"1,000+ sold",1437,1000.0,Alimentação,7.327123292259293,7.271008538280992,6.90875477931522,en,1.5kg/2kg Dog Cat Food Pail Plastic Storage Tank with Measuring Cup Container Moisture-proof Sealed Jar Pet Supplies Accessories,1.5kg/2kg Dog Cat Food,Cachorro
Dog Pee Pad Blanket Reusable Absorbent Diaper Washable Puppy Training Pad Pet Bed Urine Mat Moisture-Proof for Pets Dog Supplies,4.8,126,208 sold,77,208.0,Conforto,4.844187086458591,4.356708826689592,5.342334251964811,en,Dog Pee Pad Blanket Reusable Absorbent Diaper Washable Puppy Training Pad Pet Bed Urine Mat Moisture-Proof for Pets Dog Supplies,Dog Pee Pad Blanket,Cachorro
Dog Bad Mat Fluffy Bed Puppy Small Dogs Supplies Cats Pet Products Large Pets Accessories Blanket Breeds Medium Kennel Baskets,5.0,777,32 sold,26,32.0,Conforto,6.656726524178391,3.295836866004329,3.49650756146648,en,Dog Bad Mat Fluffy Bed Puppy Small Dogs Supplies Cats Pet Products Large Pets Accessories Blanket Breeds Medium Kennel Baskets,Dog Bad Mat Fluffy,Cachorro
10pcs Funny Hedgehog Ball Cat Toys Creative Colorful Stretch Plastic Ball Interactive Cat Soft Spiky Cat Toy Pet Supplies,4.9,1,92 sold,148,92.0,Brinquedos,0.6931471805599453,5.003946305945459,4.532599493153256,en,10pcs Funny Hedgehog Ball Cat Toys Creative Colorful Stretch Plastic Ball Interactive Cat Soft Spiky Cat Toy Pet Supplies,10pcs Funny Hedgehog Ball,Gato
Pet Dog Bandages Dog Injurie Leg Knee Brace Strap Protection For Dogs Joint Bandage Wrap Doggy Medical Supplies Dogs Accessories,4.9,38,51 sold,68,51.0,Outros,3.6635616461296463,4.23410650459726,3.951243718581428,en,Pet Dog Bandages Dog Injurie Leg Knee Brace Strap Protection For Dogs Joint Bandage Wrap Doggy Medical Supplies Dogs Accessories,Pet Dog Bandages Dog,Cachorro
Pet Dog Toy Squeak Plush Toy For Dogs Supplies Fit for All Puppy Pet Sound Toy Funny Durable Chew Molar  Cute Toy Pets Supplies,4.6,101,117 sold,25,117.0,Brinquedos,4.624972813284271,3.258096538021482,4.770684624465665,en,Pet Dog Toy Squeak Plush Toy For Dogs Supplies Fit for All Puppy Pet Sound Toy Funny Durable Chew Molar  Cute Toy Pets Supplies,Pet Dog Toy Squeak,Cachorro
Foldable Cat House Outdoor Waterproof Pet House For Small Dogs Kitten Puppy Cave Nest With Pets Pad Dog Cat Bed Tent Supplies,5.0,6893,26 sold,450,26.0,Conforto,8.83840674707681,6.111467339502679,3.295836866004329,en,Foldable Cat House Outdoor Waterproof Pet House For Small Dogs Kitten Puppy Cave Nest With Pets Pad Dog Cat Bed Tent Supplies,Foldable Cat House Outdoor,Cachorro
Dog Harness and Leash Set For Small Medium Dog Breathable Mesh Harness French Bulldog Harness Vest Pet Walking Training Supplies,5.0,28,32 sold,357,32.0,Acessórios,3.367295829986474,5.8805329864007,3.49650756146648,en,Dog Harness and Leash Set For Small Medium Dog Breathable Mesh Harness French Bulldog Harness Vest Pet Walking Training Supplies,Dog Harness and Leash,Cachorro
Cat toy Wooden Polygonum catmint plush lollipop with built-in bell bite resistant molar pet supplies,5.0,64,31 sold,28,31.0,Brinquedos,4.174387269895637,3.367295829986474,3.4657359027997265,en,Cat toy Wooden Polygonum catmint plush lollipop with built-in bell bite resistant molar pet supplies,Cat toy Wooden Polygonum,Gato
30cm Dog Stairs Pet 2/3 Steps Stairs for Small Dog Cat Pet Ramp Ladder Anti-slip Removable Puppy Stairs Pet House Bed Supplies,4.2,44,184 sold,323,184.0,Conforto,3.80666248977032,5.780743515792329,5.220355825078324,en,30cm Dog Stairs Pet 2/3 Steps Stairs for Small Dog Cat Pet Ramp Ladder Anti-slip Removable Puppy Stairs Pet House Bed Supplies,30cm Dog Stairs Pet,Cachorro
10PCS Pet Cat Dog Bows Puppy Grooming Bows For Dogs Hair Accessories Decorate Hair for Small Dog Hair Rubber Band Dog Supplies,3.8,75,24 sold,23,24.0,Higiene,4.330733340286331,3.1780538303479458,3.218875824868201,en,10PCS Pet Cat Dog Bows Puppy Grooming Bows For Dogs Hair Accessories Decorate Hair for Small Dog Hair Rubber Band Dog Supplies,10PCS Pet Cat Dog,Cachorro
Slow Down Eating Portable Dog Feeder Utensils Puppy Feeder Dish Food Feeder Bowl Pet Supplies Pet Licking Pad Pet Bowl,4.5,2,39 sold,59,39.0,Alimentação,1.0986122886681098,4.0943445622221,3.688879454113936,en,Slow Down Eating Portable Dog Feeder Utensils Puppy Feeder Dish Food Feeder Bowl Pet Supplies Pet Licking Pad Pet Bowl,Slow Down Eating Portable,Cachorro
South Korea Style Lace Dog Bandana Adjustable Dog Collar Pet Supplies Printed Cat Scarf Dog Accessories Small Medium Pet,5.0,43,31 sold,167,31.0,Acessórios,3.784189633918261,5.123963979403259,3.4657359027997265,en,South Korea Style Lace Dog Bandana Adjustable Dog Collar Pet Supplies Printed Cat Scarf Dog Accessories Small Medium Pet,South Korea Style Lace,Cachorro
Chest Harness Pet Supplies Accessories Pet Chest Strap Braces Cat Dog Vest Breathable Reflective Walk Dog Chest Back Rope Collar,4.6,106,165 sold,297,165.0,Acessórios,4.672828834461906,5.697093486505405,5.111987788356544,en,Chest Harness Pet Supplies Accessories Pet Chest Strap Braces Cat Dog Vest Breathable Reflective Walk Dog Chest Back Rope Collar,Chest Harness Pet Supplies,Cachorro
Pet Dog Collar Adjustable Soft Leather Necklace Puppy Kitten Neck Strap Accessories for Small Medium Cats Dogs Supplies Perros,4.8,41,63 sold,59,63.0,Acessórios,3.737669618283368,4.0943445622221,4.158883083359672,en,Pet Dog Collar Adjustable Soft Leather Necklace Puppy Kitten Neck Strap Accessories for Small Medium Cats Dogs Supplies Perros,Pet Dog Collar Adjustable,Cachorro
10pcs Cartoon Dog Bow Ties Pet Dog Cat Bowtie Collar Rabbit Style Supplies For Dog Daily Small Pet Bowties Dog Cute Accessories,5.0,64,57 sold,10,57.0,Acessórios,4.174387269895637,2.3978952727983707,4.060443010546419,en,10pcs Cartoon Dog Bow Ties Pet Dog Cat Bowtie Collar Rabbit Style Supplies For Dog Daily Small Pet Bowties Dog Cute Accessories,10pcs Cartoon Dog Bow,Cachorro
Ceramic Cat Feeder Pet Bowl Food Water Treats for Cats & Dogs Supplies Outdoor Feeding Drinking Stand Raised Bowl for Doggie,5.0,251,72 sold,200,72.0,Alimentação,5.529429087511423,5.303304908059076,4.290459441148391,en,Ceramic Cat Feeder Pet Bowl Food Water Treats for Cats & Dogs Supplies Outdoor Feeding Drinking Stand Raised Bowl for Doggie,Ceramic Cat Feeder Pet,Cachorro
popcorn shape Cat Tunnel Tube Play Tent Cat Toy Indoor Puppy for Exercising Hiding Training Pet Interactive reliever Supplies,5.0,946,37 sold,79,37.0,Brinquedos,6.853299093186078,4.382026634673881,3.6375861597263857,en,popcorn shape Cat Tunnel Tube Play Tent Cat Toy Indoor Puppy for Exercising Hiding Training Pet Interactive reliever Supplies,popcorn shape Cat Tunnel,Cachorro
Windmill Cat Toy Interactive Pet Toys for Cats Puzzle Cat Game Toy With Whirligig Turntable for Kitten Brush Teeth Pet Supplies,4.7,1978,37 sold,37,37.0,Brinquedos,7.590346945602565,3.6375861597263857,3.6375861597263857,en,Windmill Cat Toy Interactive Pet Toys for Cats Puzzle Cat Game Toy With Whirligig Turntable for Kitten Brush Teeth Pet Supplies,Windmill Cat Toy Interactive,Gato
MADDEN Self Cleaning Dog Brush Comb Pet Grooming Hair Remover Combs Brush Floating Hair Pet Grooming Brush Cat Supplies,5.0,165,30 sold,22,30.0,Higiene,5.111987788356544,3.1354942159291497,3.4339872044851463,en,MADDEN Self Cleaning Dog Brush Comb Pet Grooming Hair Remover Combs Brush Floating Hair Pet Grooming Brush Cat Supplies,MADDEN Self Cleaning Dog,Cachorro
HOOPET VIP Link Dog Sofa Bed Pet Warm Nest Calming Bed Washable Soft Cat Blanket Sleeping Mat Pet Supplies,4.6,443,105 sold,81,105.0,Conforto,6.095824562432225,4.406719247264253,4.663439094112067,en,HOOPET VIP Link Dog Sofa Bed Pet Warm Nest Calming Bed Washable Soft Cat Blanket Sleeping Mat Pet Supplies,HOOPET VIP Link Dog,Cachorro
Breathable Dog Harness and Leash Set Daisy Pattern Harness Dog No Pull for Small Medium Dogs Cat Harness Comfort Pet Supplies,4.0,20,21 sold,90,21.0,Acessórios,3.044522437723423,4.51085950651685,3.091042453358316,en,Breathable Dog Harness and Leash Set Daisy Pattern Harness Dog No Pull for Small Medium Dogs Cat Harness Comfort Pet Supplies,Breathable Dog Harness and,Cachorro
Cat playing toy hamster machine kitten game teasing interactive toy hunting scratch bite accessories pet cat supplies,4.2,8,24 sold,126,24.0,Brinquedos,2.19722457733622,4.844187086458591,3.218875824868201,en,Cat playing toy hamster machine kitten game teasing interactive toy hunting scratch bite accessories pet cat supplies,Cat playing toy hamster,Gato
1/1.5L Dog Pet Floating Bowl Cat Dog Drinking Water Cat drive Water Bowl Pet Non-Wetting Mouth Water Drinker Pet Supplies,5.0,2886,86 sold,101,86.0,Alimentação,7.967973179662935,4.624972813284271,4.465908118654584,en,1/1.5L Dog Pet Floating Bowl Cat Dog Drinking Water Cat drive Water Bowl Pet Non-Wetting Mouth Water Drinker Pet Supplies,1/1.5L Dog Pet Floating,Cachorro
10ps Dog Bow Tie Small Dog Accessories Slideable Dog Bowties Dot Pet Supplies Pet Dog Collar Grooming Accessories For Dogs Cats,5.0,28,30 sold,5,30.0,Acessórios,3.367295829986474,1.791759469228055,3.4339872044851463,en,10ps Dog Bow Tie Small Dog Accessories Slideable Dog Bowties Dot Pet Supplies Pet Dog Collar Grooming Accessories For Dogs Cats,10ps Dog Bow Tie,Cachorro
For Dogs Pet Cat Large Bed Comfortable Soft Dog Cushion Accessorys Square Plush Puppy Sofa Bed Petkit Basket for Dog Supplies,4.3,102,71 sold,107,71.0,Brinquedos,4.634728988229636,4.68213122712422,4.276666119016055,en,For Dogs Pet Cat Large Bed Comfortable Soft Dog Cushion Accessorys Square Plush Puppy Sofa Bed Petkit Basket for Dog Supplies,For Dogs Pet Cat,Cachorro
Donut Dog Bed for Large Dogs Plush Beds Pets Round Accessories Small Basket Sofa Baskets Pet Big Cushion Supplies Puppy Mat Cats,4.6,387,78 sold,101,78.0,Brinquedos,5.961005339623274,4.624972813284271,4.3694478524670215,en,Donut Dog Bed for Large Dogs Plush Beds Pets Round Accessories Small Basket Sofa Baskets Pet Big Cushion Supplies Puppy Mat Cats,Donut Dog Bed for,Cachorro
Adjustable Pet Vest-style Chest Saddle Bag Cartoon Rope Traction Dog Travel Supplies Backpack Harness Set,4.5,73,21 sold,28,21.0,Acessórios,4.30406509320417,3.367295829986474,3.091042453358316,en,Adjustable Pet Vest-style Chest Saddle Bag Cartoon Rope Traction Dog Travel Supplies Backpack Harness Set,Adjustable Pet Vest-style Chest,Cachorro
Durable Dog Chew Toy Stick Dog Toothbrush Soft Rubber Tooth Cleaning Point Massage Toothpaste Pet Toothbrush Molar Pet Supplies,4.7,84,86 sold,22,86.0,Brinquedos,4.442651256490317,3.1354942159291497,4.465908118654584,en,Durable Dog Chew Toy Stick Dog Toothbrush Soft Rubber Tooth Cleaning Point Massage Toothpaste Pet Toothbrush Molar Pet Supplies,Durable Dog Chew Toy,Cachorro
Cat Double Bowl New with Stand Pet Kitten Puppy Transparent Food Feeding Dish Metal Elevated Water Feeder Dog Bowl Supplies,5.0,7,24 sold,59,24.0,Alimentação,2.079441541679836,4.0943445622221,3.218875824868201,en,Cat Double Bowl New with Stand Pet Kitten Puppy Transparent Food Feeding Dish Metal Elevated Water Feeder Dog Bowl Supplies,Cat Double Bowl New,Cachorro
Reflective Safety Quick Release Buckle Cat Pet Kitten Collar Adjustable Bell Pet Supplies Accessories Collar Small Dog Necklace,3.6,9,31 sold,9,31.0,Acessórios,2.302585092994046,2.302585092994046,3.4657359027997265,en,Reflective Safety Quick Release Buckle Cat Pet Kitten Collar Adjustable Bell Pet Supplies Accessories Collar Small Dog Necklace,Reflective Safety Quick Release,Cachorro
The lizard stuffed cat toy includes blaring paper teeth and bite resistant pet supplies,4.8,17,31 sold,25,31.0,Brinquedos,2.8903717578961645,3.258096538021482,3.4657359027997265,en,The lizard stuffed cat toy includes blaring paper teeth and bite resistant pet supplies,The lizard stuffed cat,Gato
1Pcs Summer Dog Bandana Dogs Pet Supplies Fruit Printing Small Dog Bandanas Scarf  Mini Dogs Puppy Bibs Dog Grooming Accessories,4.0,355,38 sold,631,38.0,Higiene,5.87493073085203,6.448889394146858,3.6635616461296463,en,1Pcs Summer Dog Bandana Dogs Pet Supplies Fruit Printing Small Dog Bandanas Scarf  Mini Dogs Puppy Bibs Dog Grooming Accessories,1Pcs Summer Dog Bandana,Cachorro
Toilet Bed Mat Cover Outdoor Travel Absorbency Pets Mats Washable Pee Pad Training Pads Dog Pet Supplies,4.8,111,45 sold,72,45.0,Conforto,4.718498871295094,4.290459441148391,3.828641396489095,en,Toilet Bed Mat Cover Outdoor Travel Absorbency Pets Mats Washable Pee Pad Training Pads Dog Pet Supplies,Toilet Bed Mat Cover,Cachorro
Dog ID Tag For Pet Collar Stainless Stee Accessories Personalized Puppy Cat Dog ID Tag Customized Pet Products Supplies,5.0,57967,45 sold,21,45.0,Acessórios,10.967646413134858,3.091042453358316,3.828641396489095,en,Dog ID Tag For Pet Collar Stainless Stee Accessories Personalized Puppy Cat Dog ID Tag Customized Pet Products Supplies,Dog ID Tag For,Cachorro
Snails Bubble Cat Water Fountain Automatic Pet Water Dispenser for Cats Dogs Large Capacity Cat Drinking Bowls Pet Supplies,4.9,28,46 sold,60,46.0,Alimentação,3.367295829986474,4.110873864173311,3.8501476017100575,en,Snails Bubble Cat Water Fountain Automatic Pet Water Dispenser for Cats Dogs Large Capacity Cat Drinking Bowls Pet Supplies,Snails Bubble Cat Water,Cachorro
Pet Birthday Party Set Bandana Hat Bowtie Supplies for Festival Celebrating Dog Products Supplies All for Pets Puppy Cats Party,5.0,102,87 sold,70,87.0,Outros,4.634728988229636,4.262679877041316,4.477336814478207,en,Pet Birthday Party Set Bandana Hat Bowtie Supplies for Festival Celebrating Dog Products Supplies All for Pets Puppy Cats Party,Pet Birthday Party Set,Cachorro
40CM Cat Bed Cotton Rope Weaving Pet Nest Cat Claw Grinding Board Comfortable Puppy House Large Dog Bed Pet Supplies,5.0,48,35 sold,201,35.0,Conforto,3.8918202981106265,5.308267697401205,3.58351893845611,en,40CM Cat Bed Cotton Rope Weaving Pet Nest Cat Claw Grinding Board Comfortable Puppy House Large Dog Bed Pet Supplies,40CM Cat Bed Cotton,Cachorro
New 38/70cm Pet Anti Flea Ticks Anti-parasitic Dog Collar 8 Month Protection Retractable Collars for Puppy Cat Big Dogs Supplies,4.7,268196,"1,000+ sold",208,1000.0,Acessórios,12.499477064084829,5.342334251964811,6.90875477931522,en,New 38/70cm Pet Anti Flea Ticks Anti-parasitic Dog Collar 8 Month Protection Retractable Collars for Puppy Cat Big Dogs Supplies,New 38/70cm Pet Anti,Cachorro
3 Colors Rhinestone Stretch Pet Collar Necklace Dog Leash Crystal Collar Tag Pendant Accessories for Dog Cat Pet Supplies,4.9,51,24 sold,56,24.0,Acessórios,3.951243718581428,4.04305126783455,3.218875824868201,en,3 Colors Rhinestone Stretch Pet Collar Necklace Dog Leash Crystal Collar Tag Pendant Accessories for Dog Cat Pet Supplies,3 Colors Rhinestone Stretch,Cachorro
Warm Soft Pet Dog Blanket Mat Plush Thin Pet Sleeping Blanket for Dogs Cats Warm Breathable Cat Cover Blanket Pet Dog Supplies,4.7,204,600+ sold,587,600.0,Brinquedos,5.3230099791384085,6.376726947898627,6.398594934535208,en,Warm Soft Pet Dog Blanket Mat Plush Thin Pet Sleeping Blanket for Dogs Cats Warm Breathable Cat Cover Blanket Pet Dog Supplies,Warm Soft Pet Dog,Cachorro
White Rake Comb for Dogs Brush Short Long Hair Fur Shedding Remove Cat Dog Brush Grooming Tools Pet Dog Supplies,5.0,14,22 sold,4,22.0,Higiene,2.70805020110221,1.6094379124341005,3.1354942159291497,en,White Rake Comb for Dogs Brush Short Long Hair Fur Shedding Remove Cat Dog Brush Grooming Tools Pet Dog Supplies,White Rake Comb for,Cachorro
Thickened Folding Pet Bowls Outdoor Pet Double Bowls Tableware Travel Dog Feeder Bowls Pet Supplies Portable Dog Bowls,5.0,1987,76 sold,215,76.0,Alimentação,7.59488438721652,5.375278407684165,4.343805421853684,en,Thickened Folding Pet Bowls Outdoor Pet Double Bowls Tableware Travel Dog Feeder Bowls Pet Supplies Portable Dog Bowls,Thickened Folding Pet Bowls,Cachorro
50pcs Wooden ID Tags Blank Anti-lost Wood Customized Cat ID Collar Pet Name Dog Tag Puppy Nameplate Tag Pendant Supplies,4.7,3954,34 sold,79,34.0,Acessórios,8.282735880201754,4.382026634673881,3.555348061489413,en,50pcs Wooden ID Tags Blank Anti-lost Wood Customized Cat ID Collar Pet Name Dog Tag Puppy Nameplate Tag Pendant Supplies,50pcs Wooden ID Tags,Cachorro
Metal Cat Litter Shovel with Handle Hole Pet Waste Spoon Cleaning Tool Kitten Scooper Cats Litter Tray Sifter Sand Pets Supplies,4.6,80,278 sold,213,278.0,Higiene,4.394449154672439,5.365976015021851,5.631211781821365,en,Metal Cat Litter Shovel with Handle Hole Pet Waste Spoon Cleaning Tool Kitten Scooper Cats Litter Tray Sifter Sand Pets Supplies,Metal Cat Litter Shovel,Gato
Cat Dog Universal Blanket Pad pet supplies Pet Sleeping Pad Thickened Autumn and Winter Warm Floor Mat,4.7,14969,32 sold,27,32.0,Conforto,9.613803477413674,3.332204510175204,3.49650756146648,en,Cat Dog Universal Blanket Pad pet supplies Pet Sleeping Pad Thickened Autumn and Winter Warm Floor Mat,Cat Dog Universal Blanket,Cachorro
Double Pet Bowls Dog Food Water Feeder Stainless Steel Pet Drinking Dish Feeder Cat Puppy Feeding Supplies Small Dog Accessories,4.6,682702,330 sold,22938,330.0,Alimentação,13.4338151977134,10.040593797754129,5.802118375377063,en,Double Pet Bowls Dog Food Water Feeder Stainless Steel Pet Drinking Dish Feeder Cat Puppy Feeding Supplies Small Dog Accessories,Double Pet Bowls Dog,Cachorro
Solid Color Pet Bowl Plastic Dog Bowl Cat Round Single Bowl Thickened Eco-Friendly Dog 사발 Pet Supplies Dog Accessories,4.9,352,24 sold,15,24.0,Alimentação,5.8664680569332965,2.772588722239781,3.218875824868201,en,Solid Color Pet Bowl Plastic Dog Bowl Cat Round Single Bowl Thickened Eco-Friendly Dog 사발 Pet Supplies Dog Accessories,Solid Color Pet Bowl,Cachorro
UFBemo Pet Cat Bowl Cute Drinking Water Feeding Bowl Ceramics Cat Food Dog Food Utensils Cat Dog Pet Supplies Accessories,4.3,8,41 sold,76,41.0,Alimentação,2.19722457733622,4.343805421853684,3.737669618283368,en,UFBemo Pet Cat Bowl Cute Drinking Water Feeding Bowl Ceramics Cat Food Dog Food Utensils Cat Dog Pet Supplies Accessories,UFBemo Pet Cat Bowl,Cachorro
100pcs Pet Dog Ear Cleaner Cotton Buds Animal Ear Cleaning Cotton Swab Sticks For Cat Dog Ear Wax Removal Pets Cleaning Supplies,5.0,2976,40 sold,26,40.0,Higiene,7.998671361015776,3.295836866004329,3.713572066704308,en,100pcs Pet Dog Ear Cleaner Cotton Buds Animal Ear Cleaning Cotton Swab Sticks For Cat Dog Ear Wax Removal Pets Cleaning Supplies,100pcs Pet Dog Ear,Cachorro
Super Soft Pet Finger Toothbrush Teddy Dog Brush Bad Breath Tartar Teeth Tool Dog Cat Cleaning Pet Supplies,4.6,27,75 sold,596,75.0,Higiene,3.332204510175204,6.391917113392602,4.330733340286331,en,Super Soft Pet Finger Toothbrush Teddy Dog Brush Bad Breath Tartar Teeth Tool Dog Cat Cleaning Pet Supplies,Super Soft Pet Finger,Cachorro
Pet Cover Dog Crate Cover Pet Supply Sunshade Breathable Good Ventilation Waterproof Oxford Cloth Double Door,4.7,6,21 sold,102,21.0,Outros,1.9459101490553128,4.634728988229636,3.091042453358316,en,Pet Cover Dog Crate Cover Pet Supply Sunshade Breathable Good Ventilation Waterproof Oxford Cloth Double Door,Pet Cover Dog Crate,Cachorro
Soft And Fluffy Coral Fleece Pet Blanket Stars Bones Pattern Pet Mat Warm And Comfortable Blanket For Cat And Dogs Pet Supplies,4.3,29913,26 sold,147,26.0,Conforto,10.306081877219272,4.997212273764115,3.295836866004329,en,Soft And Fluffy Coral Fleece Pet Blanket Stars Bones Pattern Pet Mat Warm And Comfortable Blanket For Cat And Dogs Pet Supplies,Soft And Fluffy Coral,Cachorro
Pet Hair Remover Dog Brush Cat Comb Animal Grooming Tools Dogs Accessories Cat Supplies Stainless Steel Beauty Massage Comb,4.8,22,"1,000+ sold",3366,1000.0,Higiene,3.1354942159291497,8.121777419161074,6.90875477931522,en,Pet Hair Remover Dog Brush Cat Comb Animal Grooming Tools Dogs Accessories Cat Supplies Stainless Steel Beauty Massage Comb,Pet Hair Remover Dog,Cachorro
New animal shape sisal plush doll with feather containing sound paper bite resistant interactive play pet supplies,4.7,50,133 sold,49,133.0,Brinquedos,3.9318256327243257,3.912023005428146,4.897839799950911,en,New animal shape sisal plush doll with feather containing sound paper bite resistant interactive play pet supplies,New animal shape sisal,Outros
Hydroponic Seedling Tray Creative Cat Snack Catnip Growing Pot Reusable Garden Catnip Growing Bowl Pet Supplies,4.8,73,"1,000+ sold",3491,1000.0,Alimentação,4.30406509320417,8.158229916959494,6.90875477931522,en,Hydroponic Seedling Tray Creative Cat Snack Catnip Growing Pot Reusable Garden Catnip Growing Bowl Pet Supplies,Hydroponic Seedling Tray Creative,Gato
New 30ml Pet Dog Spray Inducer Dog Toilet Training Puppy Positioning Defecation Pet Potty Training Spray Dog Trainings Supplies,4.0,21,31 sold,88,31.0,Outros,3.091042453358316,4.48863636973214,3.4657359027997265,en,New 30ml Pet Dog Spray Inducer Dog Toilet Training Puppy Positioning Defecation Pet Potty Training Spray Dog Trainings Supplies,New 30ml Pet Dog,Cachorro
2PCS Pet Interactive Electric Bug Mice Cat Toy Electric Toothbrush Worm Micro-nano Worm Obstacle Automatic Flip Pet Cat Supply,4.7,5988,192 sold,41,192.0,Brinquedos,8.697679732264463,3.737669618283368,5.262690188904886,en,2PCS Pet Interactive Electric Bug Mice Cat Toy Electric Toothbrush Worm Micro-nano Worm Obstacle Automatic Flip Pet Cat Supply,2PCS Pet Interactive Electric,Gato
Pet Treat Balls with Rope Interactive Dog Rubber Leaking Balls Toy for Small Large Dogs Chewing Bite Resistant Toys Pet Supplies,4.8,193,600+ sold,330,600.0,Brinquedos,5.267858159063328,5.802118375377063,6.398594934535208,en,Pet Treat Balls with Rope Interactive Dog Rubber Leaking Balls Toy for Small Large Dogs Chewing Bite Resistant Toys Pet Supplies,Pet Treat Balls with,Cachorro
1000ml Collapsible Dog Pet Folding Silicone Bowl Outdoor Travel Portable Puppy Food Container Feeder Dish Bowl Pet Supplies,5.0,11974,24 sold,27,24.0,Alimentação,9.390576422279116,3.332204510175204,3.218875824868201,en,1000ml Collapsible Dog Pet Folding Silicone Bowl Outdoor Travel Portable Puppy Food Container Feeder Dish Bowl Pet Supplies,1000ml Collapsible Dog Pet,Cachorro
Personalized Cat Dog Pet ID Name Tag Custom Free Engraved Pet ID Name for Cat Dog Collar Tag Harness Pet Supplies Accessories,4.8,1316,35 sold,180,35.0,Acessórios,7.183111701743281,5.198497031265826,3.58351893845611,en,Personalized Cat Dog Pet ID Name Tag Custom Free Engraved Pet ID Name for Cat Dog Collar Tag Harness Pet Supplies Accessories,Personalized Cat Dog Pet,Cachorro
Automatic pet feeder Cat Drinking bowl Cat bowl Large capacity Dog bowl 3.8L combination food storage bucket Pet supplies,4.6,5940,42 sold,33,42.0,Alimentação,8.689632748355741,3.5263605246161616,3.7612001156935615,en,Automatic pet feeder Cat Drinking bowl Cat bowl Large capacity Dog bowl 3.8L combination food storage bucket Pet supplies,Automatic pet feeder Cat,Cachorro
Pet Plush Toy Cat Dog Puzzle Toy Cute Animals Bite Resistant Interactive Squeaky Pet Dog Teeth Cleaning Chew Toy Pet Supplies,4.8,117,700+ sold,1234,700.0,Brinquedos,4.770684624465665,7.118826249062078,6.55250788703459,en,Pet Plush Toy Cat Dog Puzzle Toy Cute Animals Bite Resistant Interactive Squeaky Pet Dog Teeth Cleaning Chew Toy Pet Supplies,Pet Plush Toy Cat,Cachorro
Lovely Pet Supply Cute Papa Duck Plush Dog Toy With Rope Clean Teeth Bite Resistant Dog Toys Christmas Gifts,5.0,16,33 sold,17,33.0,Brinquedos,2.833213344056216,2.8903717578961645,3.5263605246161616,en,Lovely Pet Supply Cute Papa Duck Plush Dog Toy With Rope Clean Teeth Bite Resistant Dog Toys Christmas Gifts,Lovely Pet Supply Cute,Cachorro
10PCS Lace Diamond Dog Bow Tie Small Dog Cat Puppy Bowties Wedding Dog Supplies Dog Grooming Accessories For Small Dogs,5.0,80,24 sold,31,24.0,Higiene,4.394449154672439,3.4657359027997265,3.218875824868201,en,10PCS Lace Diamond Dog Bow Tie Small Dog Cat Puppy Bowties Wedding Dog Supplies Dog Grooming Accessories For Small Dogs,10PCS Lace Diamond Dog,Cachorro
Nylon Dog Collar Belt Big Medium Small Dog Collar Accessories Products Safety Pet Supplies French Bulldog Pug Pitbull Chihuahua,4.9,118,40 sold,324,40.0,Acessórios,4.77912349311153,5.783825182329737,3.713572066704308,en,Nylon Dog Collar Belt Big Medium Small Dog Collar Accessories Products Safety Pet Supplies French Bulldog Pug Pitbull Chihuahua,Nylon Dog Collar Belt,Cachorro
Adjustable Dog Bandana Leather Printed Soft Collar For Dog Pet Supplies Cat Scarf Collar For Chihuahua Puppy Pet Neckerchief,4.1,141,88 sold,4661,88.0,Acessórios,4.955827057601261,8.447199819595703,4.48863636973214,en,Adjustable Dog Bandana Leather Printed Soft Collar For Dog Pet Supplies Cat Scarf Collar For Chihuahua Puppy Pet Neckerchief,Adjustable Dog Bandana Leather,Cachorro
Interactive Launch Training Cat Toys Creative Kittens Games Stretch Plush Ball Toys Cat Supplies Pet Accessories herbe à chat,5.0,70,40 sold,23,40.0,Brinquedos,4.262679877041316,3.1780538303479458,3.713572066704308,en,Interactive Launch Training Cat Toys Creative Kittens Games Stretch Plush Ball Toys Cat Supplies Pet Accessories herbe à chat,Interactive Launch Training Cat,Gato
Cat Toys Interactive Cute Soft Fleece False Mouse Colorful Feather Funny Playing Training Toys For Cats Kitten  Pet Supplies,5.0,19971,143 sold,45,143.0,Brinquedos,9.9020865716205,3.828641396489095,4.969813299576001,en,Cat Toys Interactive Cute Soft Fleece False Mouse Colorful Feather Funny Playing Training Toys For Cats Kitten  Pet Supplies,Cat Toys Interactive Cute,Gato
Pet Dog Hair Removal Comb Dog Cleaning Supplies Needle Long Hair Brush Puppy Cat Massage Bath Brush Pet Grooming Tools Accessori,5.0,7,37 sold,55,37.0,Higiene,2.079441541679836,4.02535169073515,3.6375861597263857,en,Pet Dog Hair Removal Comb Dog Cleaning Supplies Needle Long Hair Brush Puppy Cat Massage Bath Brush Pet Grooming Tools Accessori,Pet Dog Hair Removal,Cachorro
Pet Automatic Rolling Cat Toy Training Self-propelled Kitten Toy Indoor Interactive Play Electric Smart Cat Ball Toy Supplies,4.7,380,"1,000+ sold",1647,1000.0,Brinquedos,5.942799375126701,7.4073177104694174,6.90875477931522,en,Pet Automatic Rolling Cat Toy Training Self-propelled Kitten Toy Indoor Interactive Play Electric Smart Cat Ball Toy Supplies,Pet Automatic Rolling Cat,Gato
3.2L Cat Automatic Water Dispenser Pet Smart Induction Water Feeder USB With Filter Stainless Steel Dog Feeder Pet Supplies,5.0,169,69 sold,131,69.0,Alimentação,5.135798437050262,4.882801922586371,4.248495242049359,en,3.2L Cat Automatic Water Dispenser Pet Smart Induction Water Feeder USB With Filter Stainless Steel Dog Feeder Pet Supplies,3.2L Cat Automatic Water,Cachorro
Pet Dog Muzzle Medium Large Dogs Pitbull Golden Retriever  Anti Stop Barking Supplies Dog Mouth Guard  Adjustable French Bulldog,4.9,14,60 sold,173,60.0,Outros,2.70805020110221,5.159055299214529,4.110873864173311,en,Pet Dog Muzzle Medium Large Dogs Pitbull Golden Retriever  Anti Stop Barking Supplies Dog Mouth Guard  Adjustable French Bulldog,Pet Dog Muzzle Medium,Cachorro
Rubber Puppy Toys 8 Pcs Dog Ball Squeak Sound  for Small Large Dogs Interactive Pet Supplies Pet Puppy Toys Accessories,4.6,175,118 sold,42,118.0,Brinquedos,5.170483995038151,3.7612001156935615,4.77912349311153,en,Rubber Puppy Toys 8 Pcs Dog Ball Squeak Sound  for Small Large Dogs Interactive Pet Supplies Pet Puppy Toys Accessories,Rubber Puppy Toys 8,Cachorro
Cat Toys Colorful Splicing Bell Ball Large Cat Toys Cat Self Hi Bell Pet Toys Pet Supplies Random Colors,4.7,51,254 sold,65,254.0,Brinquedos,3.951243718581428,4.189654742026425,5.541263545158426,en,Cat Toys Colorful Splicing Bell Ball Large Cat Toys Cat Self Hi Bell Pet Toys Pet Supplies Random Colors,Cat Toys Colorful Splicing,Gato
Cat Litter Shovel Anti-rust Non-slip Time-saving Stainless Steel Pet Poops Shovel   Climbing Pet Shovel  Pet Supplies,4.6,20,94 sold,222,94.0,Sanitário,3.044522437723423,5.407171771460119,4.553876891600541,en,Cat Litter Shovel Anti-rust Non-slip Time-saving Stainless Steel Pet Poops Shovel   Climbing Pet Shovel  Pet Supplies,Cat Litter Shovel Anti-rust,Gato
3pcs/set Pet Toothbrush Purple Cat Silica Gel Brush Clear Up Bad Breath Tartar Teeth Care Dog Cat Cleaning Mouth Dogs Supplies,4.8,54,97 sold,273,97.0,Higiene,4.007333185232471,5.613128106388071,4.584967478670572,en,3pcs/set Pet Toothbrush Purple Cat Silica Gel Brush Clear Up Bad Breath Tartar Teeth Care Dog Cat Cleaning Mouth Dogs Supplies,3pcs/set Pet Toothbrush Purple,Cachorro
Pet Dog Ice Silk Pad Breathable Cooling Mat Cat Cushion Supplies Large and Small Dog Machine Washable Seat Prevent Sunstroke,5.0,348,24 sold,85,24.0,Conforto,5.855071922202427,4.454347296253507,3.218875824868201,en,Pet Dog Ice Silk Pad Breathable Cooling Mat Cat Cushion Supplies Large and Small Dog Machine Washable Seat Prevent Sunstroke,Pet Dog Ice Silk,Cachorro
30pcs Dog Bandana Cotton Adjustable Pet Dog Bibs Scarf Small-Middle-Large Dog Bandanas Collar Pet Supplies Dog Accessories,5.0,29914,41 sold,54,41.0,Acessórios,10.306115305824132,4.007333185232471,3.737669618283368,en,30pcs Dog Bandana Cotton Adjustable Pet Dog Bibs Scarf Small-Middle-Large Dog Bandanas Collar Pet Supplies Dog Accessories,30pcs Dog Bandana Cotton,Cachorro
New Arrival Pet Bath Brush Cleaning Massage Shower Gloves for Dogs and Cats Pet Bathing and Grooming Supplies,5.0,5000,44 sold,56,44.0,Higiene,8.517393171418904,4.04305126783455,3.80666248977032,en,New Arrival Pet Bath Brush Cleaning Massage Shower Gloves for Dogs and Cats Pet Bathing and Grooming Supplies,New Arrival Pet Bath,Cachorro
Pet Dispenser Large Capacity Automatic Cat Food Dispenser Drinking Water Bowl Pet Supplies Wet Dry Separation Dog Food Container,5.0,33,21 sold,20,21.0,Alimentação,3.5263605246161616,3.044522437723423,3.091042453358316,en,Pet Dispenser Large Capacity Automatic Cat Food Dispenser Drinking Water Bowl Pet Supplies Wet Dry Separation Dog Food Container,Pet Dispenser Large Capacity,Cachorro
1 Piece Pet Cat Dog Training Clicker Pet Obedient Whistle Adjustable Wrist Strap Sound Key Chain Household Pet Supplies,4.4,1058,73 sold,39,73.0,Conforto,6.965080345601407,3.688879454113936,4.30406509320417,en,1 Piece Pet Cat Dog Training Clicker Pet Obedient Whistle Adjustable Wrist Strap Sound Key Chain Household Pet Supplies,1 Piece Pet Cat,Cachorro
Stylish Color Three Head Pet Toothbrush Teddy Dog Hair Brush Add Bad Breath Tartar Tooth Care Dog Cat Cleaning Supplies,5.0,162,23 sold,5,23.0,Higiene,5.093750200806762,1.791759469228055,3.1780538303479458,en,Stylish Color Three Head Pet Toothbrush Teddy Dog Hair Brush Add Bad Breath Tartar Tooth Care Dog Cat Cleaning Supplies,Stylish Color Three Head,Cachorro
new Pets Styptic Powder Blood Stopper Home Aids Hemostatic Powder Care Supplies 50ml,4.6,9996,142 sold,79,142.0,Outros,9.210040326967182,4.382026634673881,4.962844630259907,en,new Pets Styptic Powder Blood Stopper Home Aids Hemostatic Powder Care Supplies 50ml,new Pets Styptic Powder,Outros
Dog Toys For Small Dogs Indestructible Dog Toy Teeth Cleaning Chew Training Toys Pet Supplies Dog Accessories,5.0,37,28 sold,68,28.0,Brinquedos,3.6375861597263857,4.23410650459726,3.367295829986474,en,Dog Toys For Small Dogs Indestructible Dog Toy Teeth Cleaning Chew Training Toys Pet Supplies Dog Accessories,Dog Toys For Small,Cachorro
Dog Harness with Leash Adjustable Vest Walking Supplies Soft Breathable Pet Accessories for Chihuahua Pug Small Puppy Dog Lead,5.0,74904,52 sold,65,52.0,Acessórios,11.223975922951482,4.189654742026425,3.970291913552122,en,Dog Harness with Leash Adjustable Vest Walking Supplies Soft Breathable Pet Accessories for Chihuahua Pug Small Puppy Dog Lead,Dog Harness with Leash,Cachorro
Pet Medicine Syringe Tablet Cat Dog Feeder Medicine Dispenser Pill Gun Piller Push Dispenser Injection Needle Container Supplies,4.9,59,363 sold,187,363.0,Alimentação,4.0943445622221,5.236441962829949,5.8971538676367405,en,Pet Medicine Syringe Tablet Cat Dog Feeder Medicine Dispenser Pill Gun Piller Push Dispenser Injection Needle Container Supplies,Pet Medicine Syringe Tablet,Cachorro
2-In-1 Pet Automatic Feeder Dog Cat Drinking Fountain Water Dispenser Food Bowl Pet Supplies For Dogs Cats Auto Feeders,4.0,26,57 sold,1307,57.0,Alimentação,3.295836866004329,7.176254532017144,4.060443010546419,en,2-In-1 Pet Automatic Feeder Dog Cat Drinking Fountain Water Dispenser Food Bowl Pet Supplies For Dogs Cats Auto Feeders,2-In-1 Pet Automatic Feeder,Cachorro
Flea And Tick Dogs Collar Silicone Adjustable Dogs Cats Collar 8 Month Protection Anti-mosquitoes Insect Repellent Pet Supplies,5.0,20,20 sold,4,20.0,Acessórios,3.044522437723423,1.6094379124341005,3.044522437723423,en,Flea And Tick Dogs Collar Silicone Adjustable Dogs Cats Collar 8 Month Protection Anti-mosquitoes Insect Repellent Pet Supplies,Flea And Tick Dogs,Cachorro
Portable Dog Water Bottle For Small Large Dogs Bowl Outdoor Walking Puppy Pet Travel Water Bottle Cat Drinking Bowl Dog Supplies,4.5,6324,78 sold,126,78.0,Alimentação,8.752265313595721,4.844187086458591,4.3694478524670215,no,Portable Dog Water Bottle For Small Large Dogs Bowl Outdoor Walking Puppy Pet Travel Water Bottle Cat Drinking Bowl Dog Supplies,Portable Dog Water Bottle,Cachorro
100pcs Dog Flower-Collar dog bow tie Dog Supplies Slidable Pet Dog Collar Accessories Small Dog Cat Bowties Collar Charms,5.0,139750,43 sold,106,43.0,Acessórios,11.847617546626807,4.672828834461906,3.784189633918261,en,100pcs Dog Flower-Collar dog bow tie Dog Supplies Slidable Pet Dog Collar Accessories Small Dog Cat Bowties Collar Charms,100pcs Dog Flower-Collar dog,Cachorro
40PCS Small Dog Hair Bows Pet Bows Rubber Bands Cute Pet Puppy Hair Bows for Small Dog Hair Accessories Pet Supplies,4.8,79,23 sold,20,23.0,Outros,4.382026634673881,3.044522437723423,3.1780538303479458,en,40PCS Small Dog Hair Bows Pet Bows Rubber Bands Cute Pet Puppy Hair Bows for Small Dog Hair Accessories Pet Supplies,40PCS Small Dog Hair,Cachorro
Anti-suffocation bowl pet slow food bowl slow food plastic puppy cat bowl anti-swallowing tray healthy feeding food supply,4.7,32,26 sold,11,26.0,Alimentação,3.49650756146648,2.4849066497880004,3.295836866004329,en,Anti-suffocation bowl pet slow food bowl slow food plastic puppy cat bowl anti-swallowing tray healthy feeding food supply,Anti-suffocation bowl pet slow,Cachorro
Pet Dog Silicone Mouth Cover Breathable Dogs Muzzle Anti Biting Training Stop Chew Adjustable Soft Duckbill Covers Pets Supplies,5.0,19,29 sold,19,29.0,Brinquedos,2.995732273553991,2.995732273553991,3.4011973816621555,en,Pet Dog Silicone Mouth Cover Breathable Dogs Muzzle Anti Biting Training Stop Chew Adjustable Soft Duckbill Covers Pets Supplies,Pet Dog Silicone Mouth,Cachorro
Pet Dog Plush Animal Chewing Toy Wear-resistant Squeak Cute Bear Fox Toys for Dog Puppy Teddy Interactive Toy Supplies,4.9,112,201 sold,3757,201.0,Brinquedos,4.727387818712341,8.231642179973411,5.308267697401205,en,Pet Dog Plush Animal Chewing Toy Wear-resistant Squeak Cute Bear Fox Toys for Dog Puppy Teddy Interactive Toy Supplies,Pet Dog Plush Animal,Cachorro
Flea And Tick Collar Silicone Adjustable Dogs Cats Collar 8 Month Protection Anti-mosquitoes Insect Repellent Pet Supplies,4.6,274,500+ sold,121,500.0,Acessórios,5.616771097666572,4.804021044733257,6.2166061010848646,en,Flea And Tick Collar Silicone Adjustable Dogs Cats Collar 8 Month Protection Anti-mosquitoes Insect Repellent Pet Supplies,Flea And Tick Collar,Cachorro
Round Head Pet Toothbrush Remove Bad Breath Tartar Teeth Care Soft Brush Dog Cat Oral Cleaning Tool Small Pets Cleaning Supplies,5.0,61,22 sold,11,22.0,Higiene,4.127134385045092,2.4849066497880004,3.1354942159291497,en,Round Head Pet Toothbrush Remove Bad Breath Tartar Teeth Care Soft Brush Dog Cat Oral Cleaning Tool Small Pets Cleaning Supplies,Round Head Pet Toothbrush,Cachorro
3 in 1 Steamy Pet Dog Brush Cat Steam Brush Electric Spray Cat Hair Brush Comb Massage Pet Grooming Tool Loose Hair Supplies,5.0,17,29 sold,30,29.0,Higiene,2.8903717578961645,3.4339872044851463,3.4011973816621555,en,3 in 1 Steamy Pet Dog Brush Cat Steam Brush Electric Spray Cat Hair Brush Comb Massage Pet Grooming Tool Loose Hair Supplies,3 in 1 Steamy,Cachorro
1pc Pet Food Shovel Plastic Puppy Food Scooper Dogfood Measuring Cup Catfood Scoop Pet Feeding Supplies Dog Accessories,5.0,217,22 sold,8,22.0,Alimentação,5.384495062789089,2.19722457733622,3.1354942159291497,en,1pc Pet Food Shovel Plastic Puppy Food Scooper Dogfood Measuring Cup Catfood Scoop Pet Feeding Supplies Dog Accessories,1pc Pet Food Shovel,Cachorro
Cat Brush Pet Hair Remover Double Sided Brush for Cats Wool Collector Cats Hair Scraper Wool Ball Shaver Brushes Pet Supplies,4.2,17,44 sold,39,44.0,Brinquedos,2.8903717578961645,3.688879454113936,3.80666248977032,en,Cat Brush Pet Hair Remover Double Sided Brush for Cats Wool Collector Cats Hair Scraper Wool Ball Shaver Brushes Pet Supplies,Cat Brush Pet Hair,Gato
120 Rolls Pet Dog Poop Bags Dispenser Collector Garbage Bag Puppy Cat Pooper Scooper Bag Small Rolls Outdoor Clean Pets Supplies,4.7,10807,51 sold,72,51.0,Higiene,9.288041879640035,4.290459441148391,3.951243718581428,en,120 Rolls Pet Dog Poop Bags Dispenser Collector Garbage Bag Puppy Cat Pooper Scooper Bag Small Rolls Outdoor Clean Pets Supplies,120 Rolls Pet Dog,Cachorro
Ulmpp Cat Double Bowl with Stand and Mat Pet Kitten Puppy Ceramic Food Feeding Dish Metal Elevated Water Feeder Dog Supplies,5.0,108,35 sold,59,35.0,Alimentação,4.691347882229144,4.0943445622221,3.58351893845611,en,Ulmpp Cat Double Bowl with Stand and Mat Pet Kitten Puppy Ceramic Food Feeding Dish Metal Elevated Water Feeder Dog Supplies,Ulmpp Cat Double Bowl,Cachorro
10pcs Solid Color Pet Head Flowers Dog Hair Bow Puppy Hairpin Pet Headwear Dog Hair Accessories Dog supplies colorful decoration,0.0,89,24 sold,16,24.0,Outros,4.499809670330265,2.833213344056216,3.218875824868201,en,10pcs Solid Color Pet Head Flowers Dog Hair Bow Puppy Hairpin Pet Headwear Dog Hair Accessories Dog supplies colorful decoration,10pcs Solid Color Pet,Cachorro
Silicone Dog Treat Bag Pet Portable Dog Training Waist Bag Outdoor Feeder Puppy Snack Pouch Food Reward Storage Bag Pet Supplies,5.0,101,28 sold,14,28.0,Alimentação,4.624972813284271,2.70805020110221,3.367295829986474,en,Silicone Dog Treat Bag Pet Portable Dog Training Waist Bag Outdoor Feeder Puppy Snack Pouch Food Reward Storage Bag Pet Supplies,Silicone Dog Treat Bag,Cachorro
Dog Toys Pet Puppy Interactive Suction Cup Push TPR Ball Toys Molar Bite Toy Elastic Ropes Dog Tooth Cleaning Chewing Supplies,4.3,68,248 sold,12704,248.0,Brinquedos,4.23410650459726,9.449750895754264,5.517452896464707,en,Dog Toys Pet Puppy Interactive Suction Cup Push TPR Ball Toys Molar Bite Toy Elastic Ropes Dog Tooth Cleaning Chewing Supplies,Dog Toys Pet Puppy,Cachorro
Dog Toys Leaking Food Ball Funny Interactive Pet Slow Feeder Bowl Puzzle Toy Pinecone Pet Tooth Cleaning Chew Toys Pet Supplies,5.0,256,36 sold,96,36.0,Brinquedos,5.54907608489522,4.574710978503383,3.610917912644224,en,Dog Toys Leaking Food Ball Funny Interactive Pet Slow Feeder Bowl Puzzle Toy Pinecone Pet Tooth Cleaning Chew Toys Pet Supplies,Dog Toys Leaking Food,Cachorro
40pcs Lace Dog Bows For Small Dog Hair Bows Rubber Bands Dogs Hair Bows For Dog Hair Accessories Pet Supplies Dog Accessories,5.0,76,42 sold,16,42.0,Outros,4.343805421853684,2.833213344056216,3.7612001156935615,en,40pcs Lace Dog Bows For Small Dog Hair Bows Rubber Bands Dogs Hair Bows For Dog Hair Accessories Pet Supplies Dog Accessories,40pcs Lace Dog Bows,Cachorro
LED Glowing Dog Collars Safety Rechargeable Adjustable Luminous Outdoor Anti-Lost Collar Night Flashing Necklace Pet Supplies,4.9,9000,112 sold,48,112.0,Acessórios,9.105090961257083,3.8918202981106265,4.727387818712341,en,LED Glowing Dog Collars Safety Rechargeable Adjustable Luminous Outdoor Anti-Lost Collar Night Flashing Necklace Pet Supplies,LED Glowing Dog Collars,Cachorro
1/3/5/7pc Pet Cat Toys self entertaining chew and teaser cats toy balls wool balls cat supplies fidget toy for cats accessories,4.9,1941,70 sold,38,70.0,Brinquedos,7.571473648851271,3.6635616461296463,4.262679877041316,en,1/3/5/7pc Pet Cat Toys self entertaining chew and teaser cats toy balls wool balls cat supplies fidget toy for cats accessories,1/3/5/7pc Pet Cat Toys,Gato
Quick Folding Cat and Dog Tent Pet Supplies Cat Nest Dog Nest Cage Warm Tent Wandering Cat Nest Outdoor Sun Protection ZP0001,4.7,10,21 sold,69,21.0,Outros,2.3978952727983707,4.248495242049359,3.091042453358316,en,Quick Folding Cat and Dog Tent Pet Supplies Cat Nest Dog Nest Cage Warm Tent Wandering Cat Nest Outdoor Sun Protection ZP0001,Quick Folding Cat and,Cachorro
50/100pcs Christmas Pet Dog Bowties Cat Dog Bow Ties Small Dog Collar Snowman Deer Holiday Grooming Neckties Bowtie Pet Supplies,5.0,3848,51 sold,140,51.0,Acessórios,8.255568653283746,4.948759890378168,3.951243718581428,en,50/100pcs Christmas Pet Dog Bowties Cat Dog Bow Ties Small Dog Collar Snowman Deer Holiday Grooming Neckties Bowtie Pet Supplies,50/100pcs Christmas Pet Dog,Cachorro
Pet Toys Plush Squeaky Toy Bite-Resistant Clean Dog Chew Puppy Training Toy Soft Banana Bone Vegetable Fruit Pet Supplies,5.0,118,28 sold,47,28.0,Brinquedos,4.77912349311153,3.871201010907891,3.367295829986474,en,Pet Toys Plush Squeaky Toy Bite-Resistant Clean Dog Chew Puppy Training Toy Soft Banana Bone Vegetable Fruit Pet Supplies,Pet Toys Plush Squeaky,Cachorro
Ins Style New Pet Products Cat Dog Deep Sleep U-shaped Pillow Cotton Removable and Washable Chin Pad,5.0,36,63 sold,133,63.0,Sanitário,3.610917912644224,4.897839799950911,4.158883083359672,en,Ins Style New Pet Products Cat Dog Deep Sleep U-shaped Pillow Cotton Removable and Washable Chin Pad,Ins Style New Pet,Cachorro
Free Engraved Pet Dog ID Tag Personalized Cat Puppy ID Tag Pet Dog Collar Accessories Custom Dogs Anti-lost Name Tags Pendant,4.8,825,428 sold,175,428.0,Acessórios,6.716594773520978,5.170483995038151,6.061456918928017,en,Free Engraved Pet Dog ID Tag Personalized Cat Puppy ID Tag Pet Dog Collar Accessories Custom Dogs Anti-lost Name Tags Pendant,Free Engraved Pet Dog,Cachorro
3.5L Automatic Pet Feeder Smart Food Dispenser For Cats Dogs Timer Stainless Steel Bowl  Auto Dog Cat Pet Feeding Pet Supplies,4.3,2968,180 sold,25661,180.0,Alimentação,7.99598047476376,10.152766577454964,5.198497031265826,en,3.5L Automatic Pet Feeder Smart Food Dispenser For Cats Dogs Timer Stainless Steel Bowl  Auto Dog Cat Pet Feeding Pet Supplies,3.5L Automatic Pet Feeder,Cachorro
200/400cm Garden Anti-cat  Dog Net Repellent Mat Safe Plastic Spike Thorn Deterrent Green Plant Protection Supply Pet Supplies,5.0,3,27 sold,17,27.0,Conforto,1.3862943611198906,2.8903717578961645,3.332204510175204,en,200/400cm Garden Anti-cat  Dog Net Repellent Mat Safe Plastic Spike Thorn Deterrent Green Plant Protection Supply Pet Supplies,200/400cm Garden Anti-cat Dog,Cachorro
Personalized Pet Hat Lion Mane for Dogs Cat Cosplay Dress Up Puppy Lion Wig Costume Party Decoration Halloween Pet Supplies,4.3,34988,44 sold,136,44.0,Outros,10.46278900535916,4.919980925828125,3.80666248977032,en,Personalized Pet Hat Lion Mane for Dogs Cat Cosplay Dress Up Puppy Lion Wig Costume Party Decoration Halloween Pet Supplies,Personalized Pet Hat Lion,Cachorro
Luxury Cat Bed Super Soft Warm Pet Sofa for Small Dogs Cats Detachable Washable Non-slip Kitten Puppy Sleeping Bed Pet Supplies,4.6,120,700+ sold,5023,700.0,Conforto,4.795790545596741,8.521981708148035,6.55250788703459,en,Luxury Cat Bed Super Soft Warm Pet Sofa for Small Dogs Cats Detachable Washable Non-slip Kitten Puppy Sleeping Bed Pet Supplies,Luxury Cat Bed Super,Cachorro
Nylon Dog Training Leash P Chain Pet Outdoor Walking Supplies for Small Medium Dogs Border Collie Golden Retriever Puppy,4.6,11975,40 sold,18,40.0,Acessórios,9.390659926099463,2.9444389791664403,3.713572066704308,en,Nylon Dog Training Leash P Chain Pet Outdoor Walking Supplies for Small Medium Dogs Border Collie Golden Retriever Puppy,Nylon Dog Training Leash,Cachorro
Smart Cat Ball Toys Plush Electric Catnip Training Toy Kitten Touch Sounding Squeaky Supplies Pet Products Toy For Cats,4.8,8895,89 sold,48,89.0,Brinquedos,9.093357016490364,3.8918202981106265,4.499809670330265,en,Smart Cat Ball Toys Plush Electric Catnip Training Toy Kitten Touch Sounding Squeaky Supplies Pet Products Toy For Cats,Smart Cat Ball Toys,Gato
Pet Dog Chew Toys Molar Teeth Clean Stick Interesting Pine Wood Cute Bone Shape Durable Bite Puppy Interactive Toy Pet Supplies,4.0,6,40 sold,27,40.0,Brinquedos,1.9459101490553128,3.332204510175204,3.713572066704308,en,Pet Dog Chew Toys Molar Teeth Clean Stick Interesting Pine Wood Cute Bone Shape Durable Bite Puppy Interactive Toy Pet Supplies,Pet Dog Chew Toys,Cachorro
Interactive Cat Toy IQ Treat duck Smarter Pet Toys Food Ball Food Dispenser For Cats Playing Training duck Pet Supplies Feed,4.7,961,52 sold,1429,52.0,Brinquedos,6.8690144506657065,7.265429723253953,3.970291913552122,en,Interactive Cat Toy IQ Treat duck Smarter Pet Toys Food Ball Food Dispenser For Cats Playing Training duck Pet Supplies Feed,Interactive Cat Toy IQ,Gato
Hot cat bowl Pet food set Dog dog Cat Standing rabbit ear feeder Water feeder Pet food set pet supplies,3.3,3954,45 sold,58,45.0,Alimentação,8.282735880201754,4.07753744390572,3.828641396489095,en,Hot cat bowl Pet food set Dog dog Cat Standing rabbit ear feeder Water feeder Pet food set pet supplies,Hot cat bowl Pet,Cachorro
8 Speed Color-changing Luminescent LED Fiber Cross Strap USB Pet Mesh Chest Strap For Going Out,4.3,90,45 sold,74,45.0,Outros,4.51085950651685,4.31748811353631,3.828641396489095,en,8 Speed Color-changing Luminescent LED Fiber Cross Strap USB Pet Mesh Chest Strap For Going Out,8 Speed Color-changing Luminescent,Outros
Rhinestone Gold Dog Chain Collar Strong Metal Dog Choke Collars Bling Pet Slip Choke For Small Medium Large Dogs Pitbull Bulldog,4.7,164626,261 sold,266,261.0,Acessórios,12.011437587794868,5.58724865840025,5.568344503761097,en,Rhinestone Gold Dog Chain Collar Strong Metal Dog Choke Collars Bling Pet Slip Choke For Small Medium Large Dogs Pitbull Bulldog,Rhinestone Gold Dog Chain,Cachorro
Cat Steam Brush Pet Massage Comb Cat Dog Grooming Comb Electric Spray Water Spray Cats Bath Brush Hair Brushes Grooming Supplies,4.7,55975,107 sold,60,107.0,Higiene,10.932678306425732,4.110873864173311,4.68213122712422,en,Cat Steam Brush Pet Massage Comb Cat Dog Grooming Comb Electric Spray Water Spray Cats Bath Brush Hair Brushes Grooming Supplies,Cat Steam Brush Pet,Cachorro
Dog Kennel Beds Dogs Plush Bed Accessories Puppy Supplies Small Medium Large Basket For Washable & Furniture Warm Pet Cats Pets,4.7,207,43 sold,256,43.0,Brinquedos,5.337538079701318,5.54907608489522,3.784189633918261,en,Dog Kennel Beds Dogs Plush Bed Accessories Puppy Supplies Small Medium Large Basket For Washable & Furniture Warm Pet Cats Pets,Dog Kennel Beds Dogs,Cachorro
Winter Warm Pet Clothes for Small Dogs Pet Dog Knitted Sweater Puppy Cat Sweater Schnauzer Chihuahua Tdeey Yorkie Pets Costume,5.0,682,30 sold,28,30.0,Acessórios,6.52649485957079,3.367295829986474,3.4339872044851463,en,Winter Warm Pet Clothes for Small Dogs Pet Dog Knitted Sweater Puppy Cat Sweater Schnauzer Chihuahua Tdeey Yorkie Pets Costume,Winter Warm Pet Clothes,Cachorro
"Simulating Cigarette Shape Sound Plush Toy, For Pets Grinding Teeth Cleaning Interactive Play pet supplies teeth cleaning dog ch",4.0,63,28 sold,15,28.0,Brinquedos,4.158883083359672,2.772588722239781,3.367295829986474,en,"Simulating Cigarette Shape Sound Plush Toy, For Pets Grinding Teeth Cleaning Interactive Play pet supplies teeth cleaning dog ch",Simulating Cigarette Shape Sound,Cachorro
4pcs Super Soft Pet Finger Toothbrush Teddy Dog Brush Bad Breath Tartar Teeth Tool Dog Cat Cleaning Pet Supplies,4.8,1,350 sold,301,350.0,Higiene,0.6931471805599453,5.71042701737487,5.860786223465865,en,4pcs Super Soft Pet Finger Toothbrush Teddy Dog Brush Bad Breath Tartar Teeth Tool Dog Cat Cleaning Pet Supplies,4pcs Super Soft Pet,Cachorro
Pet Supplies Dog Collar Alloy Buckle Dog Chain Cat Necklace Size Adjustable for Small and Medium-sized Dog Collars Dog Supplies,5.0,513,56 sold,157,56.0,Acessórios,6.2422232654551655,5.062595033026967,4.04305126783455,en,Pet Supplies Dog Collar Alloy Buckle Dog Chain Cat Necklace Size Adjustable for Small and Medium-sized Dog Collars Dog Supplies,Pet Supplies Dog Collar,Cachorro
12PCS Dog Collars Pet Cat Puppy Buckle Nylon Collar with Bell 6 Colors Footprint,5.0,999,181 sold,203,181.0,Acessórios,6.907755278982137,5.318119993844216,5.204006687076795,en,12PCS Dog Collars Pet Cat Puppy Buckle Nylon Collar with Bell 6 Colors Footprint,12PCS Dog Collars Pet,Cachorro
Pet Dog Toy Squeak Plush Toy For Dogs Supplies Fit for All Puppy Pet Sound Toy Funny Durable Chew Molar  Cute Toy Pets Supplies,4.7,179,251 sold,79,251.0,Brinquedos,5.19295685089021,4.382026634673881,5.529429087511423,en,Pet Dog Toy Squeak Plush Toy For Dogs Supplies Fit for All Puppy Pet Sound Toy Funny Durable Chew Molar  Cute Toy Pets Supplies,Pet Dog Toy Squeak,Cachorro
Small Pet Playpen DIY Freely Combined Pet Yard Fence Puppy Crate Kennel for Dog Cat Kitten Rabbit Guinea Pig Bunny Hedgehogs,4.8,72,66 sold,732,66.0,Outros,4.290459441148391,6.597145701886651,4.204692619390966,en,Small Pet Playpen DIY Freely Combined Pet Yard Fence Puppy Crate Kennel for Dog Cat Kitten Rabbit Guinea Pig Bunny Hedgehogs,Small Pet Playpen DIY,Cachorro
Pet Toy Ring Cleaning Teeth Bones Dogs Bones Toys For Pet Puppy Supplies Pets Chewing Toy Snack Food Treats,4.9,18,92 sold,284,92.0,Brinquedos,2.9444389791664403,5.652489180268651,4.532599493153256,en,Pet Toy Ring Cleaning Teeth Bones Dogs Bones Toys For Pet Puppy Supplies Pets Chewing Toy Snack Food Treats,Pet Toy Ring Cleaning,Cachorro
for Long Unkempt Hair Removal Comb Dog Brush Grooming Cat Fur Trimming Pad Remover Brush Beauty Tool Curly Pet Supplies Products,4.7,116,153 sold,42,153.0,Higiene,4.762173934797756,3.7612001156935615,5.0369526024136295,en,for Long Unkempt Hair Removal Comb Dog Brush Grooming Cat Fur Trimming Pad Remover Brush Beauty Tool Curly Pet Supplies Products,for Long Unkempt Hair,Cachorro
Dog Cat Pet Hair Clip Cute Lace Princess Crown Wedding Birthday Party Photography Decoration Pet Supplies New Year Gift,4.9,10163,67 sold,181,67.0,Outros,9.226607344440056,5.204006687076795,4.219507705176107,en,Dog Cat Pet Hair Clip Cute Lace Princess Crown Wedding Birthday Party Photography Decoration Pet Supplies New Year Gift,Dog Cat Pet Hair,Cachorro
Waterproof Dog Car Seat Cover Pad Double-sided Fabric Kennel Pet Supplies Travel Car Seat Protector Anti-scratch Mat,4.3,155,96 sold,1271,96.0,Conforto,5.049856007249537,7.148345743900068,4.574710978503383,en,Waterproof Dog Car Seat Cover Pad Double-sided Fabric Kennel Pet Supplies Travel Car Seat Protector Anti-scratch Mat,Waterproof Dog Car Seat,Cachorro
Pet Wrap Tape Anti-Dirty Paw Bandage Adhesive Elastic Bandages Self Adhesive Protective Foot Breathable Tape Classic Dog Supply,5.0,33,37 sold,26,37.0,Outros,3.5263605246161616,3.295836866004329,3.6375861597263857,en,Pet Wrap Tape Anti-Dirty Paw Bandage Adhesive Elastic Bandages Self Adhesive Protective Foot Breathable Tape Classic Dog Supply,Pet Wrap Tape Anti-Dirty,Cachorro
Pet Tent Bed Cats House Supplies Products Accessories Warm Cushions Furniture Sofa Basket Beds Winter Clamshell Kitten Tents Cat,4.8,893,"3,000+ sold",11483,3000.0,Conforto,6.795705775173514,9.348710041240954,8.006700845440367,en,Pet Tent Bed Cats House Supplies Products Accessories Warm Cushions Furniture Sofa Basket Beds Winter Clamshell Kitten Tents Cat,Pet Tent Bed Cats,Gato
Pet Lick Silicone Mat for Dogs Pet Slow Food Plate Dog Bathing Distraction Silicone Dog Sucker Food Training Dog Feeder Supplies,4.6,50,224 sold,96,224.0,Alimentação,3.9318256327243257,4.574710978503383,5.41610040220442,en,Pet Lick Silicone Mat for Dogs Pet Slow Food Plate Dog Bathing Distraction Silicone Dog Sucker Food Training Dog Feeder Supplies,Pet Lick Silicone Mat,Cachorro
Et Care Accessories Nontoxic Super Soft Silicone Tooth Brush Dog Cat Cleaning Supplies Toothbrush Teeth Silicone Pet,5.0,62,95 sold,127,95.0,Higiene,4.143134726391533,4.852030263919617,4.564348191467836,en,Et Care Accessories Nontoxic Super Soft Silicone Tooth Brush Dog Cat Cleaning Supplies Toothbrush Teeth Silicone Pet,Et Care Accessories Nontoxic,Cachorro
50/100Pcs Pet Ear Cleaner Cotton Buds Dog Ear Cleaner Cotton Swab Sticks Cotton Buds For Dog Cat Ear Wax Removal Pet Supplies,5.0,44,52 sold,11,52.0,Higiene,3.80666248977032,2.4849066497880004,3.970291913552122,en,50/100Pcs Pet Ear Cleaner Cotton Buds Dog Ear Cleaner Cotton Swab Sticks Cotton Buds For Dog Cat Ear Wax Removal Pet Supplies,50/100Pcs Pet Ear Cleaner,Cachorro
2023 New Pet Tent House Cat Bed Warm Winter Cat Dog House Deep Sleep For Puppy Cat Indoor Outdoor Tent With Cushion Pet Supplies,5.0,1539,51 sold,242,51.0,Conforto,7.339537695407674,5.493061443340548,3.951243718581428,en,2023 New Pet Tent House Cat Bed Warm Winter Cat Dog House Deep Sleep For Puppy Cat Indoor Outdoor Tent With Cushion Pet Supplies,2023 New Pet Tent,Cachorro
Pet Bed Dog Cat Square Plush Kennel Cattery Sofa Basket Ultra Soft Washable House Supplies Puppy Kitten Accessories,3.6,89986,46 sold,82,46.0,Brinquedos,11.407420494434854,4.418840607796598,3.8501476017100575,en,Pet Bed Dog Cat Square Plush Kennel Cattery Sofa Basket Ultra Soft Washable House Supplies Puppy Kitten Accessories,Pet Bed Dog Cat,Cachorro
1pcs Funny Pets Dog Puppy Cat Ball Teeth Toy Chew Sound Dogs Play Fetching Squeak Toys Dog Toys Pet Supplies Pet Toys,3.0,9953,23 sold,20,23.0,Brinquedos,9.2057297594185,3.044522437723423,3.1780538303479458,en,1pcs Funny Pets Dog Puppy Cat Ball Teeth Toy Chew Sound Dogs Play Fetching Squeak Toys Dog Toys Pet Supplies Pet Toys,1pcs Funny Pets Dog,Cachorro
Case for Airtags Protective Holder for Airtags Anti Lost Leather Loop Clip Cover for Dog Cat Collar Pets  Accessories,5.0,18,78 sold,392,78.0,Acessórios,2.9444389791664403,5.973809611869261,4.3694478524670215,en,Case for Airtags Protective Holder for Airtags Anti Lost Leather Loop Clip Cover for Dog Cat Collar Pets  Accessories,Case for Airtags Protective,Cachorro
Stainless steel water bowl feeder solution dog and cat supplies double bowl pet dog and cat feeding table,5.0,37,45 sold,896,45.0,Alimentação,3.6375861597263857,6.799055862058796,3.828641396489095,en,Stainless steel water bowl feeder solution dog and cat supplies double bowl pet dog and cat feeding table,Stainless steel water bowl,Cachorro
Dog Food Bag Waterproof Moisture-proof Pet Outdoor Training Dog Food Bag Dog Cat Silicone Snack Bag Storage Bag Pet Supplies,4.6,70,106 sold,151,106.0,Alimentação,4.262679877041316,5.0238805208462765,4.672828834461906,en,Dog Food Bag Waterproof Moisture-proof Pet Outdoor Training Dog Food Bag Dog Cat Silicone Snack Bag Storage Bag Pet Supplies,Dog Food Bag Waterproof,Cachorro
100pcs Handmade Pet Dog Hair Bows for Puppy Small Dogs Grooming Bows Dog Hair Accessories Pet Supplies for Dogs Wedding Party,5.0,54677,132 sold,102,132.0,Higiene,10.909216713724184,4.634728988229636,4.890349128221754,en,100pcs Handmade Pet Dog Hair Bows for Puppy Small Dogs Grooming Bows Dog Hair Accessories Pet Supplies for Dogs Wedding Party,100pcs Handmade Pet Dog,Cachorro
13LB Pet Dog Food Storage Container Collapsible Cat Food Container With Lids Sealing Box Kitchen Folding Grain Rice Barrel Box,4.8,60,136 sold,209,136.0,Alimentação,4.110873864173311,5.3471075307174685,4.919980925828125,en,13LB Pet Dog Food Storage Container Collapsible Cat Food Container With Lids Sealing Box Kitchen Folding Grain Rice Barrel Box,13LB Pet Dog Food,Cachorro
Pet Dog Clothes For Small Dogs Clothing Warm Clothing for Dogs Coat Puppy Outfit Pet Clothes for Small Dog Hoodies Chihuahua,4.7,286,"1,000+ sold",3374,1000.0,Acessórios,5.659482215759621,8.12415060330663,6.90875477931522,en,Pet Dog Clothes For Small Dogs Clothing Warm Clothing for Dogs Coat Puppy Outfit Pet Clothes for Small Dog Hoodies Chihuahua,Pet Dog Clothes For,Cachorro
Non-Slip Pet Silicone Food Mat Bowl Pad Leak-Proof Feeding Mats Cushion for Cats Dogs Pet Cat Feeder Dog Bowl Pet Accessories,4.8,346,"1,000+ sold",1212,1000.0,Alimentação,5.849324779946859,7.10085190894405,6.90875477931522,en,Non-Slip Pet Silicone Food Mat Bowl Pad Leak-Proof Feeding Mats Cushion for Cats Dogs Pet Cat Feeder Dog Bowl Pet Accessories,Non-Slip Pet Silicone Food,Cachorro
Classic Red Black Plaid Pet Dog Bandana Cat Puppy Kerchief Pet Dog Accessories Pet Neckerchief Scarf Dog Saliva Towel,4.8,941,275 sold,238,275.0,Outros,6.848005274576363,5.476463551931511,5.62040086571715,en,Classic Red Black Plaid Pet Dog Bandana Cat Puppy Kerchief Pet Dog Accessories Pet Neckerchief Scarf Dog Saliva Towel,Classic Red Black Plaid,Cachorro
Soft Coral Fleece Pet Clothes Warm Dog Vest Coat Cute Puppy Sweater Cat Apparel For Chihuahua Yorkie Terrier Shih Tzu Pet Outfit,4.7,11368,500+ sold,2578,500.0,Acessórios,9.338645632129106,7.855157005881344,6.2166061010848646,en,Soft Coral Fleece Pet Clothes Warm Dog Vest Coat Cute Puppy Sweater Cat Apparel For Chihuahua Yorkie Terrier Shih Tzu Pet Outfit,Soft Coral Fleece Pet,Cachorro
Cat Food Can Lid Spoon Silicone Can Covers Dog Cat Can Lids Food Preservation for Pets Wet Food Storage Lid Dog Accessories,4.9,16,106 sold,264,106.0,Alimentação,2.833213344056216,5.579729825986222,4.672828834461906,en,Cat Food Can Lid Spoon Silicone Can Covers Dog Cat Can Lids Food Preservation for Pets Wet Food Storage Lid Dog Accessories,Cat Food Can Lid,Cachorro
Single Layer Polyester Printed Dog Collar Small And Medium Dog Comfortable Pet Collar Adjustable Size,4.8,2801,187 sold,112,187.0,Acessórios,7.938088726896952,4.727387818712341,5.236441962829949,en,Single Layer Polyester Printed Dog Collar Small And Medium Dog Comfortable Pet Collar Adjustable Size,Single Layer Polyester Printed,Cachorro
Wholesale 100Pcs Dog ID Tags Laser Engraving Bone Tags Name Plate Personalized Customized Name ID Tags Dogs Pendant Pet Tag,4.9,683149,471 sold,1255,471.0,Outros,13.434469733766631,7.135687347028144,6.156978985585555,en,Wholesale 100Pcs Dog ID Tags Laser Engraving Bone Tags Name Plate Personalized Customized Name ID Tags Dogs Pendant Pet Tag,Wholesale 100Pcs Dog ID,Cachorro
Dog Food Launcher Pet Snack Jump Training Toy Puppy Interactive Catapult Feeder German Shepherd Outdoor Travel Toys Pet Supplies,4.0,69,76 sold,55,76.0,Brinquedos,4.248495242049359,4.02535169073515,4.343805421853684,en,Dog Food Launcher Pet Snack Jump Training Toy Puppy Interactive Catapult Feeder German Shepherd Outdoor Travel Toys Pet Supplies,Dog Food Launcher Pet,Cachorro
1pc Stainless Steel Cat Lovely Creative Inclined Kitten Puppy Food Feeding Bowls Cats Drinking Feeder Pet Dogs Cats Feeder,4.8,97,209 sold,726,209.0,Alimentação,4.584967478670572,6.588926477533519,5.3471075307174685,en,1pc Stainless Steel Cat Lovely Creative Inclined Kitten Puppy Food Feeding Bowls Cats Drinking Feeder Pet Dogs Cats Feeder,1pc Stainless Steel Cat,Cachorro
250ml Cat Litter Deodorant Beads For Kitten Toilet Artifact Pet Odor Activated Carbon Absorbs Kitty Sand Stink Cleaning Supplies,3.0,5905,25 sold,100,25.0,Higiene,8.683724062303869,4.61512051684126,3.258096538021482,en,250ml Cat Litter Deodorant Beads For Kitten Toilet Artifact Pet Odor Activated Carbon Absorbs Kitty Sand Stink Cleaning Supplies,250ml Cat Litter Deodorant,Gato
Elevated Bed for Dogs Folding Pet Camping Bed Cat House Portable Removable Washable Four Seasons Dog Kennel Puppy Beds Supplies,4.4,23,103 sold,151,103.0,Conforto,3.1780538303479458,5.0238805208462765,4.6443908991413725,en,Elevated Bed for Dogs Folding Pet Camping Bed Cat House Portable Removable Washable Four Seasons Dog Kennel Puppy Beds Supplies,Elevated Bed for Dogs,Cachorro
Cat Pillow Pet Cat Dog Sleeping Pillow Soft U-shaped Pillow Cat Toy Pet Toys Pet Supplies  аксесуари для котів,4.7,64,44 sold,52,44.0,Brinquedos,4.174387269895637,3.970291913552122,3.80666248977032,en,Cat Pillow Pet Cat Dog Sleeping Pillow Soft U-shaped Pillow Cat Toy Pet Toys Pet Supplies  аксесуари для котів,Cat Pillow Pet Cat,Cachorro
Dog House Tent Cat Bed Pet Cushion Waterproof Automatic Camping Tent Light Weight Cat Kennel Shelter Outdoor Indoor Dog House,4.8,1,22 sold,91,22.0,Conforto,0.6931471805599453,4.5217885770490405,3.1354942159291497,en,Dog House Tent Cat Bed Pet Cushion Waterproof Automatic Camping Tent Light Weight Cat Kennel Shelter Outdoor Indoor Dog House,Dog House Tent Cat,Cachorro
Newest LED Light Up Dog Tag for Night Glowing Pet Collar Accessories Pendant Flashing USB Collars Dog Luminous Necklace Puppy,4.9,42,66 sold,124,66.0,Acessórios,3.7612001156935615,4.8283137373023015,4.204692619390966,en,Newest LED Light Up Dog Tag for Night Glowing Pet Collar Accessories Pendant Flashing USB Collars Dog Luminous Necklace Puppy,Newest LED Light Up,Cachorro
Engraved Name Tag Pet Dog Collar for Small Medium Large Dogs Custom ID Nameplate Soft PU Leather Puppy Cat Dog Collar Supplies,4.6,21451,81 sold,250,81.0,Acessórios,9.973573160102816,5.525452939131784,4.406719247264253,en,Engraved Name Tag Pet Dog Collar for Small Medium Large Dogs Custom ID Nameplate Soft PU Leather Puppy Cat Dog Collar Supplies,Engraved Name Tag Pet,Cachorro
Dog Inflatable Cone Collar Adjustable Washable Pet Recovery Cone After Surgery Protective Collar for Large Medium Small Dogs Cat,4.9,195,67 sold,74,67.0,Acessórios,5.278114659230517,4.31748811353631,4.219507705176107,en,Dog Inflatable Cone Collar Adjustable Washable Pet Recovery Cone After Surgery Protective Collar for Large Medium Small Dogs Cat,Dog Inflatable Cone Collar,Cachorro
50/100pcs Stripes Large Dog Neckties Mix style large ties For Big Pet Dogs Ties Grooming Bow Ties Dog Supplies,5.0,19990,32 sold,97,32.0,Higiene,9.903037451255743,4.584967478670572,3.49650756146648,af,50/100pcs Stripes Large Dog Neckties Mix style large ties For Big Pet Dogs Ties Grooming Bow Ties Dog Supplies,50/100pcs Stripes Large Dog,Cachorro
Silicone Canned Lid Sealed Feeders Food Can Lid For Puppy Dog Cat Storage Top Cap Reusable Cover Lid Health Pet Daily Supplies,4.7,337,26 sold,254,26.0,Alimentação,5.823045895483019,5.541263545158426,3.295836866004329,en,Silicone Canned Lid Sealed Feeders Food Can Lid For Puppy Dog Cat Storage Top Cap Reusable Cover Lid Health Pet Daily Supplies,Silicone Canned Lid Sealed,Cachorro
Pet Bath Fixation Strap with Sucktion Cup Cat Dog Shower Restraint Leash Anti Scratch Escaping Leash Pet Bathing Grooming Tool,4.7,1,102 sold,226,102.0,Acessórios,0.6931471805599453,5.424950017481403,4.634728988229636,en,Pet Bath Fixation Strap with Sucktion Cup Cat Dog Shower Restraint Leash Anti Scratch Escaping Leash Pet Bathing Grooming Tool,Pet Bath Fixation Strap,Cachorro
Small Yellow Duck Style Pet Dog Toy Plush Toy Dog Supplies Suitable For All Small Dog Pets Fun Durable Chewing Teeth,4.5,85,50 sold,31,50.0,Brinquedos,4.454347296253507,3.4657359027997265,3.9318256327243257,en,Small Yellow Duck Style Pet Dog Toy Plush Toy Dog Supplies Suitable For All Small Dog Pets Fun Durable Chewing Teeth,Small Yellow Duck Style,Cachorro
Pet Cage Cover Oxford Dog Kennel Cover Pet Crate Cover Windproof Dog Kennel Cover Waterproof Dog Cat Cage Cover for Crates,4.6,91,130 sold,322,130.0,Outros,4.5217885770490405,5.777652323222656,4.875197323201151,en,Pet Cage Cover Oxford Dog Kennel Cover Pet Crate Cover Windproof Dog Kennel Cover Waterproof Dog Cat Cage Cover for Crates,Pet Cage Cover Oxford,Cachorro
Fenice Professional Anti-Corrosion Grooming Comb For Dogs Cats Tapered Stainless Steel Pins Pet Grooming Supplies,5.0,200,40 sold,384,40.0,Higiene,5.303304908059076,5.953243334287785,3.713572066704308,en,Fenice Professional Anti-Corrosion Grooming Comb For Dogs Cats Tapered Stainless Steel Pins Pet Grooming Supplies,Fenice Professional Anti-Corrosion Grooming,Cachorro
Heart Charm And Bell Cat Collar Safety Elastic Adjustable With Soft Velvet Material 8 Colors Pet Product Small Dog Collar New,4.9,339,303 sold,171,303.0,Acessórios,5.828945617610208,5.147494476813453,5.717027701406222,en,Heart Charm And Bell Cat Collar Safety Elastic Adjustable With Soft Velvet Material 8 Colors Pet Product Small Dog Collar New,Heart Charm And Bell,Cachorro
50/100Pcs Adjustable Cat Dog Bow Tie Lots Neck Tie Pet Dog Bow Puppy Bows Collar For Kitten Collar Pet Accessories Wholesale,5.0,19865,219 sold,423,219.0,Acessórios,9.8967650067753,6.049733455231958,5.393627546352362,en,50/100Pcs Adjustable Cat Dog Bow Tie Lots Neck Tie Pet Dog Bow Puppy Bows Collar For Kitten Collar Pet Accessories Wholesale,50/100Pcs Adjustable Cat Dog,Cachorro
Pet Dog Food Storage Container Dry Cat Food Box Bag Moisture Proof Seal Airtight with Measuring Cup Kitten Litter Products,4.6,4,140 sold,1676,140.0,Alimentação,1.6094379124341005,7.424761761823209,4.948759890378168,en,Pet Dog Food Storage Container Dry Cat Food Box Bag Moisture Proof Seal Airtight with Measuring Cup Kitten Litter Products,Pet Dog Food Storage,Cachorro
Pet Dog Puppy Cat Feeding Mat Pad Cute Cloud Shape Silicone Dish Bowl Food Feed Placement Pet Accessories Dropship,5.0,35,41 sold,87,41.0,Alimentação,3.58351893845611,4.477336814478207,3.737669618283368,en,Pet Dog Puppy Cat Feeding Mat Pad Cute Cloud Shape Silicone Dish Bowl Food Feed Placement Pet Accessories Dropship,Pet Dog Puppy Cat,Cachorro
Cute Dog Cat Harness Leash Set Breathable Bowknot Puppy Kitten Vest Nylon Leashes For Small Medium Dogs Cats Pet Accessories Pug,4.5,39,69 sold,624,69.0,Acessórios,3.688879454113936,6.437751649736401,4.248495242049359,en,Cute Dog Cat Harness Leash Set Breathable Bowknot Puppy Kitten Vest Nylon Leashes For Small Medium Dogs Cats Pet Accessories Pug,Cute Dog Cat Harness,Cachorro
"Filles d'alimentation en acier inoxydable pour animaux de compagnie, fournitures pour chat et chiot, deux bols, nourriture et eau pour chien, plat à boire pour animaux de compagnie, accessoires pour petits chiens",4.3,10026,83 Vendus,122,83.0,Alimentação,9.213036733523923,4.812184355372417,4.430816798843313,fr,Stainless Steel Pet Feeding Girls Cat Puppy Supplies Two Bowls Dog Food Water Pet Drinking Dish Small Dog Accessories,Stainless Steel Pet Feeding,Cachorro
"Mewoofun Cat Bed SofaWooden, Sturdy Fluffy Cat Couch Bed Dog Beds for Cats and Small Dogs Pet Furniture Elevated",4.9,543,55 sold,2681,55.0,Conforto,6.298949246855942,7.894318063841624,4.02535169073515,en,"Mewoofun Cat Bed SofaWooden, Sturdy Fluffy Cat Couch Bed Dog Beds for Cats and Small Dogs Pet Furniture Elevated","Mewoofun Cat Bed SofaWooden,",Cachorro
Pet Dog Bed Sofa Plush Mats Dogs Basket Supplies For Large Medium Small House Cat Bed Pet Products 37x32cm,4.1,151,101 sold,129,101.0,Brinquedos,5.0238805208462765,4.867534450455582,4.624972813284271,en,Pet Dog Bed Sofa Plush Mats Dogs Basket Supplies For Large Medium Small House Cat Bed Pet Products 37x32cm,Pet Dog Bed Sofa,Cachorro
Multifunction Pet Canned Spoon Jar Opener Puppy Feeding Mixing Wet Dry Scoop Cat Dog Accessories Feeder Shovel Pets Tableware,4.9,267,192 sold,373,192.0,Alimentação,5.5909869805108565,5.924255797414532,5.262690188904886,en,Multifunction Pet Canned Spoon Jar Opener Puppy Feeding Mixing Wet Dry Scoop Cat Dog Accessories Feeder Shovel Pets Tableware,Multifunction Pet Canned Spoon,Cachorro
Pet Ice Silk Mat Dog Mat Summer Cool Mat Cooling Breathable Cat Cool Mat Cooling Supplies Small Large Dog Pet Mat,4.8,1536,21 sold,49,21.0,Conforto,7.337587743538596,3.912023005428146,3.091042453358316,en,Pet Ice Silk Mat Dog Mat Summer Cool Mat Cooling Breathable Cat Cool Mat Cooling Supplies Small Large Dog Pet Mat,Pet Ice Silk Mat,Cachorro
Smart Cat Catnip Ball With Sound Cat Training Toy Cat Mint Toys Pet Playing Catswort Ball Pet Squeaky Toy For Cats Kitten Kitty,5.0,54,49 sold,85,49.0,Brinquedos,4.007333185232471,4.454347296253507,3.912023005428146,en,Smart Cat Catnip Ball With Sound Cat Training Toy Cat Mint Toys Pet Playing Catswort Ball Pet Squeaky Toy For Cats Kitten Kitty,Smart Cat Catnip Ball,Gato
Bite-resistant Pet Dog Toy Rubber Ball Beef-flavored Elastic Ball To Prevent Dog From Destroying Things Dog Training Supply,5.0,65,26 sold,14,26.0,Brinquedos,4.189654742026425,2.70805020110221,3.295836866004329,en,Bite-resistant Pet Dog Toy Rubber Ball Beef-flavored Elastic Ball To Prevent Dog From Destroying Things Dog Training Supply,Bite-resistant Pet Dog Toy,Cachorro
40cm Adjustable Dog Cat Bow Tie Puppy Pets Neck Tie Pet Supplies Kitten Cat Dog Collar Strap Cat Dog Grooming Accessories 1PC,5.0,706,23 sold,9,23.0,Acessórios,6.561030665896573,2.302585092994046,3.1780538303479458,en,40cm Adjustable Dog Cat Bow Tie Puppy Pets Neck Tie Pet Supplies Kitten Cat Dog Collar Strap Cat Dog Grooming Accessories 1PC,40cm Adjustable Dog Cat,Cachorro
1 PCS Winter Warm Cat Cushion Soft Comfortable Long Plush Pet House Creative 2 In 1 Sleeping Bag For Kitten Puppy,4.3,66,215 sold,208,215.0,Brinquedos,4.204692619390966,5.342334251964811,5.375278407684165,en,1 PCS Winter Warm Cat Cushion Soft Comfortable Long Plush Pet House Creative 2 In 1 Sleeping Bag For Kitten Puppy,1 PCS Winter Warm,Cachorro
Winter Jumpsuit for Dogs Four Legs Warm Pet Dog Clothes for Small Dogs Down Overalls for Chihuahua Pug Flannel Soft Dog Costume,4.9,14989,369 sold,2274,369.0,Acessórios,9.615138591096644,7.729735331385051,5.91350300563827,en,Winter Jumpsuit for Dogs Four Legs Warm Pet Dog Clothes for Small Dogs Down Overalls for Chihuahua Pug Flannel Soft Dog Costume,Winter Jumpsuit for Dogs,Cachorro
Pet Supplies Small Dog Ladder Bed Outside Ramp Step for Stairs 2/3 Steps Dog Stairs Hot Selling Pet Steps Small Cat House Ramp,4.5,229,36 sold,46,36.0,Conforto,5.438079308923196,3.8501476017100575,3.610917912644224,en,Pet Supplies Small Dog Ladder Bed Outside Ramp Step for Stairs 2/3 Steps Dog Stairs Hot Selling Pet Steps Small Cat House Ramp,Pet Supplies Small Dog,Cachorro
Smart Cat Water Fountain Automatic Drinker For Cats Water Feeder Pet Water Dispenser Drinking Fountain For Cats Dogs,5.0,2954,66 sold,203,66.0,Alimentação,7.991253929840199,5.318119993844216,4.204692619390966,en,Smart Cat Water Fountain Automatic Drinker For Cats Water Feeder Pet Water Dispenser Drinking Fountain For Cats Dogs,Smart Cat Water Fountain,Cachorro
Kitten Toys Variety Pack-Pet Cat Toy Combination Set Cat Toy Funny Cat Stick Sisal Mouse Bell Ball Cat Supplies 20/21 Piece Set,4.8,1032,173 sold,1744,173.0,Brinquedos,6.940222469119639,7.464509834636527,5.159055299214529,en,Kitten Toys Variety Pack-Pet Cat Toy Combination Set Cat Toy Funny Cat Stick Sisal Mouse Bell Ball Cat Supplies 20/21 Piece Set,Kitten Toys Variety Pack-Pet,Gato
Pet Supplies Cat Food Bowl Raised Pet Puppy Feeder Drinking Bowl Stainless Steel Cat Water Feeding Dish Pet Eating Dishes,4.8,2706,362 sold,807,362.0,Alimentação,7.903596289614301,6.694562058521095,5.8944028342648505,en,Pet Supplies Cat Food Bowl Raised Pet Puppy Feeder Drinking Bowl Stainless Steel Cat Water Feeding Dish Pet Eating Dishes,Pet Supplies Cat Food,Cachorro
Large Dog Harness And Leash Set Pet German Shepherd Malinois Training Walking Vest Dog Harness And Collar Set For All Breeds Dog,4.7,1025,186 sold,189,186.0,Acessórios,6.933423025730715,5.247024072160486,5.231108616854587,en,Large Dog Harness And Leash Set Pet German Shepherd Malinois Training Walking Vest Dog Harness And Collar Set For All Breeds Dog,Large Dog Harness And,Cachorro
Crossbody Dog Bag Pet Backpack Crossbody Bag Solid Color Multipurpose Shoulder Bag Pet Carrier For Cats Dogs Stuff Dog Carrier,4.9,1,55 sold,304,55.0,Outros,0.6931471805599453,5.720311776607412,4.02535169073515,en,Crossbody Dog Bag Pet Backpack Crossbody Bag Solid Color Multipurpose Shoulder Bag Pet Carrier For Cats Dogs Stuff Dog Carrier,Crossbody Dog Bag Pet,Cachorro
3/2/1PC Silicone Canned Lid Sealed Feeders Food Can Lid For Puppy Dog Cat Storage Top Cap Reusable Cover Lid Health Pet Supplies,4.3,146,124 sold,29,124.0,Alimentação,4.990432586778736,3.4011973816621555,4.8283137373023015,en,3/2/1PC Silicone Canned Lid Sealed Feeders Food Can Lid For Puppy Dog Cat Storage Top Cap Reusable Cover Lid Health Pet Supplies,3/2/1PC Silicone Canned Lid,Cachorro
Pet Cat Tent Dog House Bed with Thick Cushion for Cats Dogs Deep Sleeping Indoor Canvas Soft Indian Puppy Teepee Pet Supplies,4.7,1742,24 sold,997,24.0,Conforto,7.463363045520021,6.905753276311464,3.218875824868201,en,Pet Cat Tent Dog House Bed with Thick Cushion for Cats Dogs Deep Sleeping Indoor Canvas Soft Indian Puppy Teepee Pet Supplies,Pet Cat Tent Dog,Cachorro
5 Rolls Cat Litter Scoop Pooper Bags Biodegradable Pet Dog Poop Bag Dog Pooper Bags Dispenser Pets Products for Dogs Litter Bag,4.5,10,168 sold,522,168.0,Sanitário,2.3978952727983707,6.259581464064923,5.1298987149230735,en,5 Rolls Cat Litter Scoop Pooper Bags Biodegradable Pet Dog Poop Bag Dog Pooper Bags Dispenser Pets Products for Dogs Litter Bag,5 Rolls Cat Litter,Cachorro
Dog Clothes For Small Dogs Yorkia Mini Chihuahua Dog Clothes Winter Cat Jacket Coat For Pug Puppy Down Coat Sphynx Pets Apparel,4.7,103,134 sold,229,134.0,Acessórios,4.6443908991413725,5.438079308923196,4.90527477843843,en,Dog Clothes For Small Dogs Yorkia Mini Chihuahua Dog Clothes Winter Cat Jacket Coat For Pug Puppy Down Coat Sphynx Pets Apparel,Dog Clothes For Small,Cachorro
Adjustable Pet Collar Nylon Reflective Mesh Lined Anti-Suffocation P Chain Dog Chain Dog Collar for Medium & Large Dogs Training,4.9,177,79 sold,112,79.0,Acessórios,5.181783550292085,4.727387818712341,4.382026634673881,en,Adjustable Pet Collar Nylon Reflective Mesh Lined Anti-Suffocation P Chain Dog Chain Dog Collar for Medium & Large Dogs Training,Adjustable Pet Collar Nylon,Cachorro
Wholesale 96pcs Pet Dog Cat Puppy Accessories Remove Pet Flower Collar Charms Pet Dog Bow Tie Collar Pet Decoration Supplies,5.0,599774,31 sold,154,31.0,Acessórios,13.3043098638682,5.043425116919247,3.4657359027997265,en,Wholesale 96pcs Pet Dog Cat Puppy Accessories Remove Pet Flower Collar Charms Pet Dog Bow Tie Collar Pet Decoration Supplies,Wholesale 96pcs Pet Dog,Cachorro
Cat Steam Brush Pet Massage Comb Cat Dog Grooming Comb 3 in 1 Electric Spray Cats Bath Brush Hair Brushes Grooming Supplies,4.5,59982,62 sold,14,62.0,Higiene,11.001816467724431,2.70805020110221,4.143134726391533,en,Cat Steam Brush Pet Massage Comb Cat Dog Grooming Comb 3 in 1 Electric Spray Cats Bath Brush Hair Brushes Grooming Supplies,Cat Steam Brush Pet,Cachorro
50/100pcs Dog Bow Ties Bulk Small Dog Bowtie Collars Dog Fashion Bow Tie Pet Supplies for Small Dogs Dog Accessories,4.0,19995,52 sold,244,52.0,Acessórios,9.903287532533462,5.501258210544727,3.970291913552122,en,50/100pcs Dog Bow Ties Bulk Small Dog Bowtie Collars Dog Fashion Bow Tie Pet Supplies for Small Dogs Dog Accessories,50/100pcs Dog Bow Ties,Cachorro
Cute Cat Toys Funny Interactive Plush Cat Toy Mini Teeth Grinding Catnip Toys Kitten Chewing Mouse Toy Pets Supplies Accessories,4.9,75,364 sold,157,364.0,Brinquedos,4.330733340286331,5.062595033026967,5.899897353582492,en,Cute Cat Toys Funny Interactive Plush Cat Toy Mini Teeth Grinding Catnip Toys Kitten Chewing Mouse Toy Pets Supplies Accessories,Cute Cat Toys Funny,Gato
Wholesale 20pcs Round Shape Charm Pet Tags DIY Tags Pet Shop Tags Pet Dog Cat Tag Id Aluminum Phone Telephone Supplies Alloy,5.0,19597,36 sold,17,36.0,Outros,9.883182799195763,2.8903717578961645,3.610917912644224,en,Wholesale 20pcs Round Shape Charm Pet Tags DIY Tags Pet Shop Tags Pet Dog Cat Tag Id Aluminum Phone Telephone Supplies Alloy,Wholesale 20pcs Round Shape,Cachorro
Pet Dog Sofa Beds for Small Dogs Warm Accessories Large Dog Bed Mat Pets Kennel Washable Plush Medium Basket Cats  Pet Supplies,5.0,13,20 sold,46,20.0,Brinquedos,2.6390573296152584,3.8501476017100575,3.044522437723423,en,Pet Dog Sofa Beds for Small Dogs Warm Accessories Large Dog Bed Mat Pets Kennel Washable Plush Medium Basket Cats  Pet Supplies,Pet Dog Sofa Beds,Cachorro
Cat Interactive Toy Kitty Bouncy Ball Pet Supplies Polyester Elastic Fun Fluffy Ball Quiet Cat Toy Ball 3CM Pet Products Silent,4.6,51,131 sold,44,131.0,Brinquedos,3.951243718581428,3.80666248977032,4.882801922586371,en,Cat Interactive Toy Kitty Bouncy Ball Pet Supplies Polyester Elastic Fun Fluffy Ball Quiet Cat Toy Ball 3CM Pet Products Silent,Cat Interactive Toy Kitty,Gato
Dog Collar Anti-Stroke Collar Pet Collar Solid Color Nylon Material Fashionable Pet Supplies Pet Accessories Dog Accessories,4.8,215,24 sold,26,24.0,Acessórios,5.375278407684165,3.295836866004329,3.218875824868201,en,Dog Collar Anti-Stroke Collar Pet Collar Solid Color Nylon Material Fashionable Pet Supplies Pet Accessories Dog Accessories,Dog Collar Anti-Stroke Collar,Cachorro
Rubber Dog Puppy Pet Play Squeaky Ball Chewing Toys with Face Fetch Bright Balls Pet Dog Supplies Puppy Popular Toys,4.9,11,87 sold,40,87.0,Brinquedos,2.4849066497880004,3.713572066704308,4.477336814478207,en,Rubber Dog Puppy Pet Play Squeaky Ball Chewing Toys with Face Fetch Bright Balls Pet Dog Supplies Puppy Popular Toys,Rubber Dog Puppy Pet,Cachorro
"Small Pet Toilet Cat Litter Box, Toilet, Trainer Corner, Bathroom, Puppy Diaper Pad, Cleaning, Indoor Dog Potty, Rabbit Supplies",5.0,1374,20 sold,63,20.0,Higiene,7.226209010100671,4.158883083359672,3.044522437723423,en,"Small Pet Toilet Cat Litter Box, Toilet, Trainer Corner, Bathroom, Puppy Diaper Pad, Cleaning, Indoor Dog Potty, Rabbit Supplies",Small Pet Toilet Cat,Cachorro
1.5kg/2kg Dog Cat Food Pail Plastic Storage Tank with Measuring Cup Container Moisture-proof Sealed Jar Pet Supplies Accessories,5.0,4702,27 sold,2046,27.0,Alimentação,8.455955881945048,7.624130585661289,3.332204510175204,en,1.5kg/2kg Dog Cat Food Pail Plastic Storage Tank with Measuring Cup Container Moisture-proof Sealed Jar Pet Supplies Accessories,1.5kg/2kg Dog Cat Food,Cachorro
LED Pet Luminous Collar USB Charging Collar Night Safety Flashing Glow Dog Loss Prevention Collar Pet Accessories Supplies,4.6,79,73 sold,63,73.0,Acessórios,4.382026634673881,4.158883083359672,4.30406509320417,en,LED Pet Luminous Collar USB Charging Collar Night Safety Flashing Glow Dog Loss Prevention Collar Pet Accessories Supplies,LED Pet Luminous Collar,Cachorro
Pet Supplies Good Quality Soilless Hydroponic Growing Cup Lazy Planting Cup Hydroponic Cultivation Cat Care Products,4.7,28,36 sold,71,36.0,Outros,3.367295829986474,4.276666119016055,3.610917912644224,en,Pet Supplies Good Quality Soilless Hydroponic Growing Cup Lazy Planting Cup Hydroponic Cultivation Cat Care Products,Pet Supplies Good Quality,Gato
Dog plush animal shell toys Bite resistant teeth interactive play pet supplies,4.6,55,188 sold,87,188.0,Brinquedos,4.02535169073515,4.477336814478207,5.241747015059643,en,Dog plush animal shell toys Bite resistant teeth interactive play pet supplies,Dog plush animal shell,Cachorro
Nursery Tray Seed Germination Tray Cat Grass Growing Set Layered Feline Soilless Convenient Cat Grass Set 4 Styles Pet Supplies,4.8,39873,99 sold,175,99.0,Outros,10.593479761402772,5.170483995038151,4.605170185988092,en,Nursery Tray Seed Germination Tray Cat Grass Growing Set Layered Feline Soilless Convenient Cat Grass Set 4 Styles Pet Supplies,Nursery Tray Seed Germination,Gato
1/2PCS Dog Training Clicker Pet Cat Plastic New Dogs Click Trainer Aid Tools Adjustable Wrist Strap Sound Key Chain Dog Supplies,5.0,12556,28 sold,3,28.0,Outros,9.438033557988964,1.3862943611198906,3.367295829986474,en,1/2PCS Dog Training Clicker Pet Cat Plastic New Dogs Click Trainer Aid Tools Adjustable Wrist Strap Sound Key Chain Dog Supplies,1/2PCS Dog Training Clicker,Cachorro
Dog Training Clicker Pet Cat Plastic New Dogs Click Trainer Aid Tools Adjustable Wrist Strap Sound Key Chain Dog Supplies,5.0,104,33 sold,45,33.0,Outros,4.653960350157523,3.828641396489095,3.5263605246161616,en,Dog Training Clicker Pet Cat Plastic New Dogs Click Trainer Aid Tools Adjustable Wrist Strap Sound Key Chain Dog Supplies,Dog Training Clicker Pet,Cachorro
Collapsible Pet Silicone Dog Food Water Bowl Outdoor Camping Travel Portable Folding Pet Supplies Pet Bowl Dishes with Carabiner,5.0,215,63 sold,24,63.0,Alimentação,5.375278407684165,3.218875824868201,4.158883083359672,en,Collapsible Pet Silicone Dog Food Water Bowl Outdoor Camping Travel Portable Folding Pet Supplies Pet Bowl Dishes with Carabiner,Collapsible Pet Silicone Dog,Cachorro
Steamy Brush Cat Electric Dog Steamer Brush Grooming for Massage Pet Remove Tangles and Loose Hair Supplies Products Home Garden,4.4,610,161 sold,47,161.0,Higiene,6.415096959171596,3.871201010907891,5.087596335232384,en,Steamy Brush Cat Electric Dog Steamer Brush Grooming for Massage Pet Remove Tangles and Loose Hair Supplies Products Home Garden,Steamy Brush Cat Electric,Cachorro
1 Set Pet Pills Applicator Cat Dogs Syringe Medicine Water Milk Feeder Insect Repellent Supplies Can Clip Pills Pet Water Feeder,4.9,198,129 sold,75,129.0,Alimentação,5.293304824724492,4.330733340286331,4.867534450455582,en,1 Set Pet Pills Applicator Cat Dogs Syringe Medicine Water Milk Feeder Insect Repellent Supplies Can Clip Pills Pet Water Feeder,1 Set Pet Pills,Cachorro
3 Pcs Set Dog Toothbrush Teeth Cleaning Bad Breath Care Nontoxic Tooth Brush Tool Dog Cat Cleaning Supplies Pets Accessories,4.9,3405,55 sold,306,55.0,Higiene,8.133293861222633,5.726847747587197,4.02535169073515,en,3 Pcs Set Dog Toothbrush Teeth Cleaning Bad Breath Care Nontoxic Tooth Brush Tool Dog Cat Cleaning Supplies Pets Accessories,3 Pcs Set Dog,Cachorro
New Super Soft Pet Finger Toothbrush with Box Toy Teddy Dog Brush Bad Breath Tartar Teeth Tool Dog Cat Cleaning Pet Supplies,5.0,39984,20 sold,873,20.0,Brinquedos,10.59625966276599,6.773080375655535,3.044522437723423,en,New Super Soft Pet Finger Toothbrush with Box Toy Teddy Dog Brush Bad Breath Tartar Teeth Tool Dog Cat Cleaning Pet Supplies,New Super Soft Pet,Cachorro
Cat Cleaning Floating Hair Removal Comb with Disposable Wipes Pet Grooming Accessories for Cats Gotas mascotas Dog Brush,4.8,999376,338 sold,404,338.0,Higiene,13.814887363819135,6.003887067106539,5.82600010738045,en,Cat Cleaning Floating Hair Removal Comb with Disposable Wipes Pet Grooming Accessories for Cats Gotas mascotas Dog Brush,Cat Cleaning Floating Hair,Cachorro
Cat Gog Bed Rattan Four Season Cat Bed Summer Cool Nest Pet Cat Supplies Cattail Woven House Nest Cama De Mimbre Para Mascotas,4.8,682,56 sold,168,56.0,Conforto,6.52649485957079,5.1298987149230735,4.04305126783455,en,Cat Gog Bed Rattan Four Season Cat Bed Summer Cool Nest Pet Cat Supplies Cattail Woven House Nest Cama De Mimbre Para Mascotas,Cat Gog Bed Rattan,Gato
"Big Dog Nest Winter Warm Dog House Removable and Washable Dog Bed Seasonal Large Dog House Type Pet Sleeping Supplies, Cat Nest",4.2,34,296 sold,423,296.0,Conforto,3.555348061489413,6.049733455231958,5.6937321388027,en,"Big Dog Nest Winter Warm Dog House Removable and Washable Dog Bed Seasonal Large Dog House Type Pet Sleeping Supplies, Cat Nest",Big Dog Nest Winter,Cachorro
Pet Needle Combs with Non-Slip Handle Small Medium Dog Hair Brushes Hair Removal Knotting Comb Grooming Supplies for Dogs Cats,4.0,211,25 sold,11,25.0,Higiene,5.356586274672012,2.4849066497880004,3.258096538021482,en,Pet Needle Combs with Non-Slip Handle Small Medium Dog Hair Brushes Hair Removal Knotting Comb Grooming Supplies for Dogs Cats,Pet Needle Combs with,Cachorro
Pet Stuffed Doll Toy Squeak Dogs Plush Article Teeth Bite Interactive Puppy Training Behavior Chew Game Indestructible Supplies,4.7,1546,122 sold,91,122.0,Brinquedos,7.344072850573066,4.5217885770490405,4.812184355372417,en,Pet Stuffed Doll Toy Squeak Dogs Plush Article Teeth Bite Interactive Puppy Training Behavior Chew Game Indestructible Supplies,Pet Stuffed Doll Toy,Cachorro
Cartoon Pet Cat Toy Stick Feather Rod Mouse Toy With Mini Bell Cat Catcher Teaser Interactive Cat Toy Random Color Pet Supplies,4.7,2395,"1,000+ sold",659,1000.0,Brinquedos,7.78155595923534,6.492239835020471,6.90875477931522,en,Cartoon Pet Cat Toy Stick Feather Rod Mouse Toy With Mini Bell Cat Catcher Teaser Interactive Cat Toy Random Color Pet Supplies,Cartoon Pet Cat Toy,Gato
10Pcs/lot Black Sponge Filter For Pet Cat Water Fountain Replacement Cat Dog Fountain Foam Filter Pet Supply Pet Accessories,4.3,14,25 sold,40,25.0,Outros,2.70805020110221,3.713572066704308,3.258096538021482,en,10Pcs/lot Black Sponge Filter For Pet Cat Water Fountain Replacement Cat Dog Fountain Foam Filter Pet Supply Pet Accessories,10Pcs/lot Black Sponge Filter,Cachorro
New Pet Toy TPR Material Footprints Ball Safety And Environmental Cleaning Teeth Outdoor Training High Quality Supplies,5.0,84,31 sold,13,31.0,Brinquedos,4.442651256490317,2.6390573296152584,3.4657359027997265,en,New Pet Toy TPR Material Footprints Ball Safety And Environmental Cleaning Teeth Outdoor Training High Quality Supplies,New Pet Toy TPR,Outros
Pet supplies Silicone slow food bucket cat distraction licking pad dog slow food anti choking bowl,5.0,101,55 sold,84,55.0,Alimentação,4.624972813284271,4.442651256490317,4.02535169073515,en,Pet supplies Silicone slow food bucket cat distraction licking pad dog slow food anti choking bowl,Pet supplies Silicone slow,Cachorro
New Dog Sofa Beds for Small Dogs Warm Accessories Large Dog Bed Mat Pets Kennel Washable Plush Medium Basket Puppy Cats Supplies,4.1,23983,23 sold,734,23.0,Brinquedos,10.085142220342378,6.5998704992128365,3.1780538303479458,en,New Dog Sofa Beds for Small Dogs Warm Accessories Large Dog Bed Mat Pets Kennel Washable Plush Medium Basket Puppy Cats Supplies,New Dog Sofa Beds,Cachorro
1pc Pet Dog Toy Squeak Plush Toy for Dogs Supplies Fit for Puppy Pet Cartoon Durable Molar Chew Interactive Toy Pets Supplies,0.0,29,24 sold,16,24.0,Brinquedos,3.4011973816621555,2.833213344056216,3.218875824868201,en,1pc Pet Dog Toy Squeak Plush Toy for Dogs Supplies Fit for Puppy Pet Cartoon Durable Molar Chew Interactive Toy Pets Supplies,1pc Pet Dog Toy,Cachorro
Dog Comb Stainless Steel Knot Knife Cat Brush Massage Dog Brush Pet Grooming Dogs Hair Knife Comb Cleaning Tools Pet Supplies,4.7,2441,63 sold,63,63.0,Higiene,7.80057265467065,4.158883083359672,4.158883083359672,en,Dog Comb Stainless Steel Knot Knife Cat Brush Massage Dog Brush Pet Grooming Dogs Hair Knife Comb Cleaning Tools Pet Supplies,Dog Comb Stainless Steel,Cachorro
Warm Thickened Cat Bed Multifunctional Foldable Pet Mat for Cats Small Dogs Indoor Kitten Bed Cat Sleeping Mat Pet Supplies,4.8,18,62 sold,174,62.0,Conforto,2.9444389791664403,5.1647859739235145,4.143134726391533,en,Warm Thickened Cat Bed Multifunctional Foldable Pet Mat for Cats Small Dogs Indoor Kitten Bed Cat Sleeping Mat Pet Supplies,Warm Thickened Cat Bed,Cachorro
Interactive Launch Training Cat Toys Creative Kittens Mini Pompoms Games Stretch Plush Ball Toys Cat Supplies Pet Accessories,4.8,3955,44 sold,34,44.0,Brinquedos,8.282988692742602,3.555348061489413,3.80666248977032,en,Interactive Launch Training Cat Toys Creative Kittens Mini Pompoms Games Stretch Plush Ball Toys Cat Supplies Pet Accessories,Interactive Launch Training Cat,Gato
Silicone Canned Lid Sealed Feeders Food Can Lid for Puppy Dog Cat Storage Top Cap Reusable Cover Lid Health Pet Daily Supplies,4.6,166,107 sold,95,107.0,Alimentação,5.117993812416755,4.564348191467836,4.68213122712422,en,Silicone Canned Lid Sealed Feeders Food Can Lid for Puppy Dog Cat Storage Top Cap Reusable Cover Lid Health Pet Daily Supplies,Silicone Canned Lid Sealed,Cachorro
Biting Dog Toy TPR Milk Scented Foaming Star Molar Teeth Cleaning Pet Supplies Dog Teethers Rubber Dog Dog Teeth Cleaning Toy,5.0,990,76 sold,20,76.0,Brinquedos,6.898714534329988,3.044522437723423,4.343805421853684,en,Biting Dog Toy TPR Milk Scented Foaming Star Molar Teeth Cleaning Pet Supplies Dog Teethers Rubber Dog Dog Teeth Cleaning Toy,Biting Dog Toy TPR,Cachorro
Pet Supplies 10-100Rolls Dog Poop Bags for Waste Refuse Cleanup Doggy Roll Replacements for Outdoor Puppy Walking and Travel,5.0,6973,49 sold,43,49.0,Higiene,8.849944227235596,3.784189633918261,3.912023005428146,en,Pet Supplies 10-100Rolls Dog Poop Bags for Waste Refuse Cleanup Doggy Roll Replacements for Outdoor Puppy Walking and Travel,Pet Supplies 10-100Rolls Dog,Cachorro
New Tumbler Toys for Cats Kitten Interactive Bite Resistant Turntable Plush Feathers Pet Toy with Catnip Funny Pet Supplies,5.0,14974,26 sold,44,26.0,Brinquedos,9.61413742298365,3.80666248977032,3.295836866004329,en,New Tumbler Toys for Cats Kitten Interactive Bite Resistant Turntable Plush Feathers Pet Toy with Catnip Funny Pet Supplies,New Tumbler Toys for,Gato
Retractable New Pet Anti-Flea Tick Dog Repellent Collar Up to 8 Months Protection Collar Repellent Accessories Pet Supplies,4.8,241,61 sold,27,61.0,Acessórios,5.488937726156687,3.332204510175204,4.127134385045092,en,Retractable New Pet Anti-Flea Tick Dog Repellent Collar Up to 8 Months Protection Collar Repellent Accessories Pet Supplies,Retractable New Pet Anti-Flea,Cachorro
6pcs 8pcs Activated Carbon Filters For Catit Automatic 15cm Pet Drinking Fountain Filter Dog Water Drinking Fountain Pet Filter,4.9,19,53 sold,133,53.0,Conforto,2.995732273553991,4.897839799950911,3.9889840465642745,en,6pcs 8pcs Activated Carbon Filters For Catit Automatic 15cm Pet Drinking Fountain Filter Dog Water Drinking Fountain Pet Filter,6pcs 8pcs Activated Carbon,Cachorro
1Pcs Pet Tie Mix Colors Dog Cat Striped Bow Tie Pet Grooming Supplies Adjustable Puppy Dog Cat Neck Tie Pets Accessories,5.0,89,23 sold,27,23.0,Higiene,4.499809670330265,3.332204510175204,3.1780538303479458,en,1Pcs Pet Tie Mix Colors Dog Cat Striped Bow Tie Pet Grooming Supplies Adjustable Puppy Dog Cat Neck Tie Pets Accessories,1Pcs Pet Tie Mix,Cachorro
Cute Cartoon Pet Beds for Small Medium Dogs Winter Warm Puppy Cat Sofa Bed Washable Chihuahua Bulldog Kennel Mascotas Supplies,5.0,313014,35 sold,1145,35.0,Conforto,12.654006391696688,7.044032897274685,3.58351893845611,en,Cute Cartoon Pet Beds for Small Medium Dogs Winter Warm Puppy Cat Sofa Bed Washable Chihuahua Bulldog Kennel Mascotas Supplies,Cute Cartoon Pet Beds,Cachorro
Dog Cat Toothbrush Toothpaste Kit Pet Cleaning Tooth Oral Cleaner Kitten Puppy Gel Toothpaste Set Pet Grooming Supplies,4.6,11820,184 sold,424,184.0,Higiene,9.377632889750377,6.052089168924417,5.220355825078324,en,Dog Cat Toothbrush Toothpaste Kit Pet Cleaning Tooth Oral Cleaner Kitten Puppy Gel Toothpaste Set Pet Grooming Supplies,Dog Cat Toothbrush Toothpaste,Cachorro
50PCS Fashion Cute Dog Bowties For Small Dog Cat Bowknot Bow Ties Collar Dogs Grooming Accessories Pet Supplies For Small Dogs,5.0,20,44 sold,61,44.0,Acessórios,3.044522437723423,4.127134385045092,3.80666248977032,en,50PCS Fashion Cute Dog Bowties For Small Dog Cat Bowknot Bow Ties Collar Dogs Grooming Accessories Pet Supplies For Small Dogs,50PCS Fashion Cute Dog,Cachorro
Pet Cat Litter Scoop Supplies Cat Toilet Pets Litter Sand Shovel Pet Dogs Shovel Pet Cleanning Tool Sand Scoop Litter Scoop,4.8,85,268 sold,69,268.0,Higiene,4.454347296253507,4.248495242049359,5.594711379601839,en,Pet Cat Litter Scoop Supplies Cat Toilet Pets Litter Sand Shovel Pet Dogs Shovel Pet Cleanning Tool Sand Scoop Litter Scoop,Pet Cat Litter Scoop,Cachorro
New Pet Lovely Heart Sunglasses Hairpins Pet Dog Bows Hair Clips for Puppy Dogs Cat Yorkie Teddy Pet Hair Decor Pet Supplies,4.9,99,49 sold,84,49.0,Outros,4.605170185988092,4.442651256490317,3.912023005428146,en,New Pet Lovely Heart Sunglasses Hairpins Pet Dog Bows Hair Clips for Puppy Dogs Cat Yorkie Teddy Pet Hair Decor Pet Supplies,New Pet Lovely Heart,Cachorro
Dog Birthday Party Decoration Set Pet Triangle Scarf Cute Hat Bow Tie Collar Dog Accessory Birthday Decoration Supplies,4.8,41,142 sold,134,142.0,Acessórios,3.737669618283368,4.90527477843843,4.962844630259907,en,Dog Birthday Party Decoration Set Pet Triangle Scarf Cute Hat Bow Tie Collar Dog Accessory Birthday Decoration Supplies,Dog Birthday Party Decoration,Cachorro
PuppyToothbrush Cats Toothbrush- Pet Toothbrush- Dogs Toothbrush- Dogs  Hygienes Dogs Teeth Cleaning Dogs  Care,5.0,10,24 sold,14,24.0,Higiene,2.3978952727983707,2.70805020110221,3.218875824868201,en,PuppyToothbrush Cats Toothbrush- Pet Toothbrush- Dogs Toothbrush- Dogs  Hygienes Dogs Teeth Cleaning Dogs  Care,PuppyToothbrush Cats Toothbrush- Pet,Cachorro
Dog Toy Dogs Accessories Pet Toys Plush Toys for Small Medium Large Dogs Pet feeder Feeding Supplies Stuffed Toys Training Toys,4.8,1000,135 sold,614,135.0,Brinquedos,6.90875477931522,6.421622267806518,4.912654885736052,en,Dog Toy Dogs Accessories Pet Toys Plush Toys for Small Medium Large Dogs Pet feeder Feeding Supplies Stuffed Toys Training Toys,Dog Toy Dogs Accessories,Cachorro
Pet Dog Cat Car Seat Belt For Accessories Goods Adjustable Harness Lead Leash Small Medium Pet Outdoor Travel Supplies,5.0,598,34 sold,14,34.0,Acessórios,6.395261598115449,2.70805020110221,3.555348061489413,en,Pet Dog Cat Car Seat Belt For Accessories Goods Adjustable Harness Lead Leash Small Medium Pet Outdoor Travel Supplies,Pet Dog Cat Car,Cachorro
350ml/550ml Portable Dog Water Bottle Bowl Outdoor Walking Puppy Pet Travel Water Bottle Cat Drinking Bowl Dogs Supplies,4.9,99897,92 sold,87,92.0,Alimentação,11.51190494441622,4.477336814478207,4.532599493153256,no,350ml/550ml Portable Dog Water Bottle Bowl Outdoor Walking Puppy Pet Travel Water Bottle Cat Drinking Bowl Dogs Supplies,350ml/550ml Portable Dog Water,Cachorro
