title_en,title,title_curto,averageStar,quantity,tradeAmount,wishedCount,tradeAmount_num,category,pet_type
1 pc adjustable pet dog nylon rope training leash slip  traction collar  lead keten nylon hond touw training pet supplies,1 pc adjustable pet dog nylon rope training leash slip  traction collar  lead keten nylon hond touw training pet supplies,1 pc adjustable pet,5.0,116,16 sold,337,16.0,Acessórios,Cachorro
1 pc cat toys silvervine chew stick polygonum kitty raffia grass pet supplies cleaning teeth stick pet bite cat toy hemp rope,1 pc cat toys silvervine chew stick polygonum kitty raffia grass pet supplies cleaning teeth stick pet bite cat toy hemp rope,1 pc cat toys,3.266666666666667,1397,"5,000+ sold1 sold84 sold",1692,5085.0,Brinquedos,Gato
1 pc pets dog traction rope garbage portable hook bag hands-free clip pet poop bag holder cleaning tools supplies,1 pc pets dog traction rope garbage portable hook bag hands-free clip pet poop bag holder cleaning tools supplies,1 pc pets dog,5.0,129,19 sold,7,19.0,Higiene,Cachorro
1 pcs 27cm dog toys funny cotton rope toys for small puppy dogs pet chew toys pet supplies random colors,1 pcs 27cm dog toys funny cotton rope toys for small puppy dogs pet chew toys pet supplies random colors,1 pcs 27cm dog,4.5,880,27 sold,11,27.0,Brinquedos,Cachorro
1 pcs outdoor training whistle dogs repeller pet training whistle anti bark dogs training flute pet supplies dog pet accessories,1 pcs outdoor training whistle dogs repeller pet training whistle anti bark dogs training flute pet supplies dog pet accessories,1 pcs outdoor training,4.1,183,316 sold,261,316.0,Outros,Cachorro
1 pcs winter warm cat cushion soft comfortable long plush pet house creative 2 in 1 sleeping bag for kitten puppy,1 pcs winter warm cat cushion soft comfortable long plush pet house creative 2 in 1 sleeping bag for kitten puppy,1 pcs winter warm,4.3,66,215 sold,208,215.0,Brinquedos,Cachorro
"1 piece of dog pet cotton rope plush sound toy, three styles of flannel deer","1 piece of dog pet cotton rope plush sound toy, three styles of flannel deer",1 piece of dog,4.5,29,87 sold,40,87.0,Brinquedos,Cachorro
1 piece pet cat dog training clicker pet obedient whistle adjustable wrist strap sound key chain household pet supplies,1 piece pet cat dog training clicker pet obedient whistle adjustable wrist strap sound key chain household pet supplies,1 piece pet cat,4.4,1058,73 sold,39,73.0,Conforto,Cachorro
"1 piece pet glasses, dog products, glasses, sunglasses, uv protection, dog sunglasses, cat sunglasses","1 шт. очки для домашних животных, товары для собак, очки, солнцезащитные очки, уф-защита, солнцезащитные очки для собак, солнцезащитные очки для кошек","1 piece pet glasses,",4.0,55,5 продано,8,5.0,Outros,Cachorro
1 roll 15 bags pet dog poop bags dispenser collector garbage bag puppy cat pooper scooper bag outdoor clean pets supplies,1 roll 15 bags pet dog poop bags dispenser collector garbage bag puppy cat pooper scooper bag outdoor clean pets supplies,1 roll 15 bags,5.0,29,111 sold,377,111.0,Higiene,Cachorro
1 set adjustable dog ear stand corrector care tool ears erector stand up tool for dogs samoyed doberman pet supplies universal,1 set adjustable dog ear stand corrector care tool ears erector stand up tool for dogs samoyed doberman pet supplies universal,1 set adjustable dog,5.0,4,28 sold,17,28.0,Outros,Cachorro
1 set cat plush toy gun plush launcher silent interactive tool mini shooting gun games stretch plush ball toys pet supplies,1 set cat plush toy gun plush launcher silent interactive tool mini shooting gun games stretch plush ball toys pet supplies,1 set cat plush,4.8,14,148 sold,57,148.0,Brinquedos,Gato
1 set pet pills applicator cat dogs syringe medicine water milk feeder insect repellent supplies can clip pills pet water feeder,1 set pet pills applicator cat dogs syringe medicine water milk feeder insect repellent supplies can clip pills pet water feeder,1 set pet pills,4.9,198,129 sold,75,129.0,Alimentação,Cachorro
1-15roll pet dog poop bags dispenser collector garbage bag puppy cat pooper scooper bag small rolls outdoor clean pets supplies,1-15roll pet dog poop bags dispenser collector garbage bag puppy cat pooper scooper bag small rolls outdoor clean pets supplies,1-15roll pet dog poop,5.0,1338,391 sold,78,391.0,Higiene,Cachorro
1.5kg/2kg dog cat food pail plastic storage tank with measuring cup container moisture-proof sealed jar pet supplies accessories,1.5kg/2kg dog cat food pail plastic storage tank with measuring cup container moisture-proof sealed jar pet supplies accessories,1.5kg/2kg dog cat food,4.6,6222,"1,000+ sold27 sold",3483,1027.0,Alimentação,Cachorro
1/1.5l dog pet floating bowl cat dog drinking water cat drive water bowl pet non-wetting mouth water drinker pet supplies,1/1.5l dog pet floating bowl cat dog drinking water cat drive water bowl pet non-wetting mouth water drinker pet supplies,1/1.5l dog pet floating,5.0,2886,86 sold,101,86.0,Alimentação,Cachorro
1/10/30 rolls printing dog poop bag pet poop bags dog cat waste pick up clean bag for puppy dogs random color pet supplies,1/10/30 rolls printing dog poop bag pet poop bags dog cat waste pick up clean bag for puppy dogs random color pet supplies,1/10/30 rolls printing dog,4.8,49,137 sold,15,137.0,Higiene,Cachorro
"1/12 piece disposable pet litter bag for dogs, dog litter bag design, pet litter cleaning, bone picking bag dispenser tool","1/12 piece disposable pet litter bag for dogs, dog litter bag design, pet litter cleaning, bone picking bag dispenser tool",1/12 piece disposable pet,0.0,500,0 sold,1,0.0,Higiene,Cachorro
1/2/3pcs cat toys random color cat stick feather cat toy with small bell kitten cat interactive toys cat supplies pet products,1/2/3pcs cat toys random color cat stick feather cat toy with small bell kitten cat interactive toys cat supplies pet products,1/2/3pcs cat toys random,4.4,448,26 sold,10,26.0,Brinquedos,Gato
1/2pcs 3 in 1 cat steam brush steamy dog brush electric spray cat hair brushes for massage pet grooming comb hair removal combs,1/2pcs 3 in 1 cat steam brush steamy dog brush electric spray cat hair brushes for massage pet grooming comb hair removal combs,1/2pcs 3 in 1,4.7,115,129 sold,48,129.0,Higiene,Cachorro
1/2pcs dog training clicker pet cat plastic new dogs click trainer aid tools adjustable wrist strap sound key chain dog supplies,1/2pcs dog training clicker pet cat plastic new dogs click trainer aid tools adjustable wrist strap sound key chain dog supplies,1/2pcs dog training clicker,5.0,12556,28 sold,3,28.0,Outros,Cachorro
1/3/5/7pc pet cat toys self entertaining chew and teaser cats toy balls wool balls cat supplies fidget toy for cats accessories,1/3/5/7pc pet cat toys self entertaining chew and teaser cats toy balls wool balls cat supplies fidget toy for cats accessories,1/3/5/7pc pet cat toys,4.9,1941,70 sold,38,70.0,Brinquedos,Gato
1/3pc dog toys funny sausage shape interactive training for puppy dog chew toys bite-resistant dogs grinding teeth pet supplies,1/3pc dog toys funny sausage shape interactive training for puppy dog chew toys bite-resistant dogs grinding teeth pet supplies,1/3pc dog toys funny,5.0,89,118 sold,107,118.0,Brinquedos,Cachorro
1/5 roll biodegradable pet dog poop bag zero waste dog pooper bags  dispenser pets products for dogs litter poop bag,1/5 roll biodegradable pet dog poop bag zero waste dog pooper bags  dispenser pets products for dogs litter poop bag,1/5 roll biodegradable pet,4.7,4065,500+ sold,1871,500.0,Sanitário,Cachorro
10 pack 5.5cm ringing paper ball pet cat toys interactive pet products for kitten cat accessories pet supplies,10 pack 5.5cm ringing paper ball pet cat toys interactive pet products for kitten cat accessories pet supplies,10 pack 5.5cm ringing,4.8,135,500+ sold,370,500.0,Brinquedos,Gato
10 rolls 150pcs dog poop bag pet supply litter bag printing cat dog poop biodegradable bag outdoor home clean refill garbage bag,10 rolls 150pcs dog poop bag pet supply litter bag printing cat dog poop biodegradable bag outdoor home clean refill garbage bag,10 rolls 150pcs dog,4.8,246,"1,000+ sold",1383,1000.0,Higiene,Cachorro
10 rolls paw printing dog poop bag  15 bags/ roll large cat waste bags doggie outdoor home clean refill garbage bag,10 rolls paw printing dog poop bag  15 bags/ roll large cat waste bags doggie outdoor home clean refill garbage bag,10 rolls paw printing,4.7,30357,500+ sold,165,500.0,Higiene,Cachorro
10 rolls pet dog poop bags biodegradable bag garbage bag puppy cat pooper scooper bag (15 bag/ roll) outdoor clean pets supplies,10 rolls pet dog poop bags biodegradable bag garbage bag puppy cat pooper scooper bag (15 bag/ roll) outdoor clean pets supplies,10 rolls pet dog,4.0,1775,23 sold,9,23.0,Higiene,Cachorro
10/15/20 pcs/lot catnip stick pet cat molar toys natural wood polygonum sticks cleaning teeth relieve boredom snacks chews toys,10/15/20 pcs/lot catnip stick pet cat molar toys natural wood polygonum sticks cleaning teeth relieve boredom snacks chews toys,10/15/20 pcs/lot catnip stick,4.7,81,"2,000+ sold",655,2000.0,Brinquedos,Gato
10/20//100pcs catnip toys for cats pet products pets interesting things goods supplies toy accessories all mint cat home garden,10/20//100pcs catnip toys for cats pet products pets interesting things goods supplies toy accessories all mint cat home garden,10/20//100pcs catnip toys for,4.7,282,600+ sold,389,600.0,Brinquedos,Gato
10/20/30pcs cute dog hair clips puppy hairpin pet cat handmade hairpin pet bow hair accessories multicolor,10/20/30pcs cute dog hair clips puppy hairpin pet cat handmade hairpin pet bow hair accessories multicolor,10/20/30pcs cute dog hair,4.8,708,457 sold,631,457.0,Outros,Cachorro
10/20/30pcs small dog hair bows pet bows rubber bands cute pet puppy hair bows for small dog hair accessories pet supplies,10/20/30pcs small dog hair bows pet bows rubber bands cute pet puppy hair bows for small dog hair accessories pet supplies,10/20/30pcs small dog hair,4.8,51,101 sold,45,101.0,Outros,Cachorro
10/bag cat spring toy stick free folding spring shape multicolor cat bounce little cat toy cat interactive toy pet supplies,10/bag cat spring toy stick free folding spring shape multicolor cat bounce little cat toy cat interactive toy pet supplies,10/bag cat spring toy,4.9,20,134 sold,32,134.0,Brinquedos,Gato
100/50/40/20pcs absorbent dogs diapers disposable puppy training pee pads quick dry surface mat clean cushion dog supplies,100/50/40/20pcs absorbent dogs diapers disposable puppy training pee pads quick dry surface mat clean cushion dog supplies,100/50/40/20pcs absorbent dogs diapers,4.6,359,600+ sold,396,600.0,Conforto,Cachorro
1000ml collapsible dog pet folding silicone bowl outdoor travel portable puppy food container feeder dish bowl pet supplies,1000ml collapsible dog pet folding silicone bowl outdoor travel portable puppy food container feeder dish bowl pet supplies,1000ml collapsible dog pet,5.0,11974,24 sold,27,24.0,Alimentação,Cachorro
1000ml large collapsible dog pet folding silicone bowl outdoor travel portable puppy food container feeder dish bowl,1000ml large collapsible dog pet folding silicone bowl outdoor travel portable puppy food container feeder dish bowl,1000ml large collapsible dog,4.8,10789,"2,000+ sold",20672,2000.0,Alimentação,Cachorro
100pcs birds pigeon foot rings small poultry foot ring 10 colors plastic dove clip quail pigeon foot ring pet bird supplies,100pcs birds pigeon foot rings small poultry foot ring 10 colors plastic dove clip quail pigeon foot ring pet bird supplies,100pcs birds pigeon foot,4.4,11524,93 sold,338,93.0,Outros,Pássaro
100pcs bulk pet dog hair accessories dog hair bows with diomand lace rubber band grooming for small dogs puppy bows pet supplies,100pcs bulk pet dog hair accessories dog hair bows with diomand lace rubber band grooming for small dogs puppy bows pet supplies,100pcs bulk pet dog,0.0,24,26 sold,25,26.0,Higiene,Cachorro
100pcs dog flower-collar dog bow tie dog supplies slidable pet dog collar accessories small dog cat bowties collar charms,100pcs dog flower-collar dog bow tie dog supplies slidable pet dog collar accessories small dog cat bowties collar charms,100pcs dog flower-collar dog,5.0,139750,43 sold,106,43.0,Acessórios,Cachorro
100pcs hand-made dog bows exquisite fashion hair bows for small dogs rubber band pet dog grooming accessories dog supplies,100pcs hand-made dog bows exquisite fashion hair bows for small dogs rubber band pet dog grooming accessories dog supplies,100pcs hand-made dog bows,5.0,591,34 sold,48,34.0,Higiene,Cachorro
100pcs handmade pet dog hair bows for puppy small dogs grooming bows dog hair accessories pet supplies for dogs wedding party,100pcs handmade pet dog hair bows for puppy small dogs grooming bows dog hair accessories pet supplies for dogs wedding party,100pcs handmade pet dog,5.0,54677,132 sold,102,132.0,Higiene,Cachorro
100pcs pet dog ear cleaner cotton buds animal ear cleaning cotton swab sticks for cat dog ear wax removal pets cleaning supplies,100pcs pet dog ear cleaner cotton buds animal ear cleaning cotton swab sticks for cat dog ear wax removal pets cleaning supplies,100pcs pet dog ear,5.0,2976,40 sold,26,40.0,Higiene,Cachorro
100pcs/bag styling high elastic cat dog rubber band mini colorful home pet hairband grooming supplies hairpin hair accessories,100pcs/bag styling high elastic cat dog rubber band mini colorful home pet hairband grooming supplies hairpin hair accessories,100pcs/bag styling high elastic,5.0,8,43 sold,12,43.0,Higiene,Cachorro
100pcs/set pets dogs cats cleaning paper towel eyes wet wipes tear stain remover non-intivating wipes grooming supplies,100pcs/set pets dogs cats cleaning paper towel eyes wet wipes tear stain remover non-intivating wipes grooming supplies,100pcs/set pets dogs cats,0.0,10,13 sold,27,13.0,Higiene,Cachorro
100pieces/set pet elastic hair band cute dog grooming hair accessories diameter 0.87inch colorful puppy rubber band pet supplies,100pieces/set pet elastic hair band cute dog grooming hair accessories diameter 0.87inch colorful puppy rubber band pet supplies,100pieces/set pet elastic hair,5.0,15954,85 sold,36,85.0,Higiene,Cachorro
10ml/bottle and 60pcs pet wet wipes for pet dog cat eye tear ear stain remover cleaning round pad grooming wipes pet supplies,10ml/bottle and 60pcs pet wet wipes for pet dog cat eye tear ear stain remover cleaning round pad grooming wipes pet supplies,10ml/bottle and 60pcs pet,0.0,1,1 sold,3,1.0,Higiene,Cachorro
10pcs cartoon dog bow ties pet dog cat bowtie collar rabbit style supplies for dog daily small pet bowties dog cute accessories,10pcs cartoon dog bow ties pet dog cat bowtie collar rabbit style supplies for dog daily small pet bowties dog cute accessories,10pcs cartoon dog bow,5.0,64,57 sold,10,57.0,Acessórios,Cachorro
10pcs cat water fountain filter replacement filters pet cats water drinking dispenser filter supplies,10pcs cat water fountain filter replacement filters pet cats water drinking dispenser filter supplies,10pcs cat water fountain,4.8,46,"1,000+ sold",946,1000.0,Outros,Gato
10pcs cute pet dog cat bow ties adjustable fish scale patterns holiday party  dog accessories pet supplies,10pcs cute pet dog cat bow ties adjustable fish scale patterns holiday party  dog accessories pet supplies,10pcs cute pet dog,5.0,13,29 sold,8,29.0,Outros,Cachorro
10pcs dog bows cotton red series pet dogs hair bows for rubber bands fashion puppy bow grooming accessories for cat dog supplies,10pcs dog bows cotton red series pet dogs hair bows for rubber bands fashion puppy bow grooming accessories for cat dog supplies,10pcs dog bows cotton,4.8,87,21 sold,13,21.0,Higiene,Cachorro
10pcs dog hair clips mini bone shaped puppy hairpin multicolor pet items hair decoration supplies dog hair accessories,10pcs dog hair clips mini bone shaped puppy hairpin multicolor pet items hair decoration supplies dog hair accessories,10pcs dog hair clips,4.0,2997,20 sold,2071,20.0,Outros,Cachorro
10pcs dog hairpin colorful cute bone shape hair clips universal kitten puppy hair accessories pet supplies,10pcs dog hairpin colorful cute bone shape hair clips universal kitten puppy hair accessories pet supplies,10pcs dog hairpin colorful,5.0,1,18 sold,9,18.0,Outros,Cachorro
10pcs dog neckties st patrick's day pet supplies  pet dog cat bow tie neckties white green dog bows pet bowties dogs supplies,10pcs dog neckties st patrick's day pet supplies  pet dog cat bow tie neckties white green dog bows pet bowties dogs supplies,10pcs dog neckties st,5.0,93,7 sold,1,7.0,Outros,Cachorro
10pcs dog tie small dog gromoong accessories pet dog cat bowties neckties small dog puppy bow tie pet supplies for small dogs,10pcs dog tie small dog gromoong accessories pet dog cat bowties neckties small dog puppy bow tie pet supplies for small dogs,10pcs dog tie small,4.75,311,431 sold93 sold,682,524.0,Outros,Cachorro
10pcs dogs  accessories small dog pet bow tie summer pet supplies sumflwer style dog neckties for dogs supplies pet dog products,10pcs dogs  accessories small dog pet bow tie summer pet supplies sumflwer style dog neckties for dogs supplies pet dog products,10pcs dogs accessories small,0.0,484,9 sold,2,9.0,Outros,Cachorro
10pcs funny hedgehog ball cat toys creative colorful stretch plastic ball interactive cat soft spiky cat toy pet supplies,10pcs funny hedgehog ball cat toys creative colorful stretch plastic ball interactive cat soft spiky cat toy pet supplies,10pcs funny hedgehog ball,4.9,1,92 sold,148,92.0,Brinquedos,Gato
10pcs handmade pet dog bow diamond pearl pet supplies pet hair bows boutique puppy pet dog grooming accessories for small dogs,10pcs handmade pet dog bow diamond pearl pet supplies pet hair bows boutique puppy pet dog grooming accessories for small dogs,10pcs handmade pet dog,4.7,427,125 sold,1429,125.0,Higiene,Cachorro
10pcs handmake dog hair clips cute bow hairpin for small dogs puppy cat hairpins dog grooming accessoires pet supplies,10pcs handmake dog hair clips cute bow hairpin for small dogs puppy cat hairpins dog grooming accessoires pet supplies,10pcs handmake dog hair,4.8,42,48 sold,30,48.0,Higiene,Cachorro
10pcs lace diamond dog bow tie small dog cat puppy bowties wedding dog supplies dog grooming accessories for small dogs,10pcs lace diamond dog bow tie small dog cat puppy bowties wedding dog supplies dog grooming accessories for small dogs,10pcs lace diamond dog,5.0,80,24 sold,31,24.0,Higiene,Cachorro
10pcs pet cat dog bows puppy grooming bows for dogs hair accessories decorate hair for small dog hair rubber band dog supplies,10pcs pet cat dog bows puppy grooming bows for dogs hair accessories decorate hair for small dog hair rubber band dog supplies,10pcs pet cat dog,3.8,75,24 sold,23,24.0,Higiene,Cachorro
10pcs pet dog cat bow ties classic polka dots&stripe dog grooming collar dog ties pet supplies bows,10pcs pet dog cat bow ties classic polka dots&stripe dog grooming collar dog ties pet supplies bows,10pcs pet dog cat,5.0,20,21 sold,18,21.0,Acessórios,Cachorro
10pcs puppy hair bowknot spring new pet headwear small dog bows rubber bands pet supplies pet dog grooming accessories,10pcs puppy hair bowknot spring new pet headwear small dog bows rubber bands pet supplies pet dog grooming accessories,10pcs puppy hair bowknot,0.0,28,12 sold,3,12.0,Higiene,Cachorro
10pcs solid color pet head flowers dog hair bow puppy hairpin pet headwear dog hair accessories dog supplies colorful decoration,10pcs solid color pet head flowers dog hair bow puppy hairpin pet headwear dog hair accessories dog supplies colorful decoration,10pcs solid color pet,0.0,89,24 sold,16,24.0,Outros,Cachorro
10pcs/lot black sponge filter for pet cat water fountain replacement cat dog fountain foam filter pet supply pet accessories,10pcs/lot black sponge filter for pet cat water fountain replacement cat dog fountain foam filter pet supply pet accessories,10pcs/lot black sponge filter,4.3,14,25 sold,40,25.0,Outros,Cachorro
10pcs/lot halloween pet porducts  cute pet dog cat bow ties adjustable dog bowties grooming accessories dog collar pet supplies,10pcs/lot halloween pet porducts  cute pet dog cat bow ties adjustable dog bowties grooming accessories dog collar pet supplies,10pcs/lot halloween pet porducts,5.0,14,57 sold,29,57.0,Acessórios,Cachorro
10pcs/lot mixcolors wholesale pet dog toys for small dogs cute puppy cat chew squeaker squeaky plush toy pet supplies,10pcs/lot mixcolors wholesale pet dog toys for small dogs cute puppy cat chew squeaker squeaky plush toy pet supplies,10pcs/lot mixcolors wholesale pet,4.9,9753,149 sold,278,149.0,Brinquedos,Cachorro
"10pcs/lot plastic playing balls for cats, pet training, interactive game products, cat, kitten, golf, feather ball pet supplies","10pcs/lot plastic playing balls for cats, pet training, interactive game products, cat, kitten, golf, feather ball pet supplies",10pcs/lot plastic playing balls,5.0,22,18 sold,6,18.0,Brinquedos,Gato
10ps dog bow tie small dog accessories slideable dog bowties dot pet supplies pet dog collar grooming accessories for dogs cats,10ps dog bow tie small dog accessories slideable dog bowties dot pet supplies pet dog collar grooming accessories for dogs cats,10ps dog bow tie,5.0,28,30 sold,5,30.0,Acessórios,Cachorro
10ps flower shape dog grooming bowknot small dogs hair bows rubber bands pet cat dog hair bows pet hair accessories pet supplies,10ps flower shape dog grooming bowknot small dogs hair bows rubber bands pet cat dog hair bows pet hair accessories pet supplies,10ps flower shape dog,5.0,57,25 sold54 sold,53,79.0,Higiene,Cachorro
12 piece pet toys set cat interactive feather toys with bell replaceable head teaser stick bored indoor cat chase and exercise,12 piece pet toys set cat interactive feather toys with bell replaceable head teaser stick bored indoor cat chase and exercise,12 piece pet toys,0.0,3,5 sold,2,5.0,Brinquedos,Gato
120 rolls dog poop bag 15 bags/ roll large cat waste bags doggie outdoor home clean refill garbage bag pet supplies,120 rolls dog poop bag 15 bags/ roll large cat waste bags doggie outdoor home clean refill garbage bag pet supplies,120 rolls dog poop,4.2,5327,96 sold,31,96.0,Higiene,Cachorro
120 rolls dog poop bag outdoor cleaning poop bag outdoor clean pets supplies for dog 15bags/roll refill garbage bag pet supplies,120 rolls dog poop bag outdoor cleaning poop bag outdoor clean pets supplies for dog 15bags/roll refill garbage bag pet supplies,120 rolls dog poop,4.75,280081,900+ sold148 sold,325,1048.0,Higiene,Cachorro
120 rolls pet dog poop bags dispenser collector garbage bag puppy cat pooper scooper bag small rolls outdoor clean pets supplies,120 rolls pet dog poop bags dispenser collector garbage bag puppy cat pooper scooper bag small rolls outdoor clean pets supplies,120 rolls pet dog,4.7,10807,51 sold,72,51.0,Higiene,Cachorro
120/150/200/300cm strong leashes for dogs soft handle dog leash reinforced leash for small medium large dogs big dog supplies,120/150/200/300cm strong leashes for dogs soft handle dog leash reinforced leash for small medium large dogs big dog supplies,120/150/200/300cm strong leashes for,4.8,648,"3,000+ sold",921,3000.0,Acessórios,Cachorro
120cm pet dog metal wear resistant chain for small medium dog chain leads iron chain anti-bite metal pet dog chain supplies,120cm pet dog metal wear resistant chain for small medium dog chain leads iron chain anti-bite metal pet dog chain supplies,120cm pet dog metal,4.9,62,33 sold,38,33.0,Outros,Cachorro
120ml pet eye drops for cats and dogs health cleaning supplies to remove tears protect relieve redness and swelling,120ml pet eye drops for cats and dogs health cleaning supplies to remove tears protect relieve redness and swelling,120ml pet eye drops,0.0,991,2 sold,0,2.0,Higiene,Cachorro
120pcs super absorbent pet diaper dog training pee pads disposable healthy nappy mat for cats dog diapers quick-dry surface mat,120pcs super absorbent pet diaper dog training pee pads disposable healthy nappy mat for cats dog diapers quick-dry surface mat,120pcs super absorbent pet,4.6,59176,"2,000+ sold",2898,2000.0,Conforto,Cachorro
12l 5g wifi aautomatic dog feeder large breed  automatic cat feeders 1080p full hd pet camera treat dispenser food dispenser,12l 5g wifi aautomatic dog feeder large breed  automatic cat feeders 1080p full hd pet camera treat dispenser food dispenser,12l 5g wifi aautomatic,0.0,20,0 sold,1,0.0,Alimentação,Cachorro
12pcs cat water fountain replacement activated carbon filters for drinkwell platinum pets dogs water drinking fountain dispenser,12pcs cat water fountain replacement activated carbon filters for drinkwell platinum pets dogs water drinking fountain dispenser,12pcs cat water fountain,5.0,16,34 sold,104,34.0,Outros,Cachorro
12pcs dog collars pet cat puppy buckle nylon collar with bell 6 colors footprint,12pcs dog collars pet cat puppy buckle nylon collar with bell 6 colors footprint,12pcs dog collars pet,5.0,999,181 sold,203,181.0,Acessórios,Cachorro
12pcs wholesale collars cute with bells pet necklace djustable rabbit traction belt cat dog accessories halter match with id tag,12pcs wholesale collars cute with bells pet necklace djustable rabbit traction belt cat dog accessories halter match with id tag,12pcs wholesale collars cute,4.9,1242,115 sold,79,115.0,Acessórios,Cachorro
12pcs/lot dog's collars puppy kitten identification collar kitten whelping id collar bands for small dogs cats pet supplies,12pcs/lot dog's collars puppy kitten identification collar kitten whelping id collar bands for small dogs cats pet supplies,12pcs/lot dog's collars puppy,5.0,920,362 sold,101,362.0,Acessórios,Cachorro
12pcs/pack cat toys mylar crinkle ball ring paper sound toy for cats kitten interactive pet cat supplies multicolor,12pcs/pack cat toys mylar crinkle ball ring paper sound toy for cats kitten interactive pet cat supplies multicolor,12pcs/pack cat toys mylar,4.8,40,500+ sold,131,500.0,Brinquedos,Gato
12pcs/set puppy collars adjustable nylon newborn pet color collar small pet dog collars kitten necklace marker rope pet supplies,12pcs/set puppy collars adjustable nylon newborn pet color collar small pet dog collars kitten necklace marker rope pet supplies,12pcs/set puppy collars adjustable,5.0,63,82 sold,49,82.0,Acessórios,Cachorro
13lb pet dog food storage container collapsible cat food container with lids sealing box kitchen folding grain rice barrel box,13lb pet dog food storage container collapsible cat food container with lids sealing box kitchen folding grain rice barrel box,13lb pet dog food,4.8,60,136 sold,209,136.0,Alimentação,Cachorro
15 kinds of color nylon printed dog collar adjustable collar for dogs pet products custom engraved nameplate pet supplies,15 kinds of color nylon printed dog collar adjustable collar for dogs pet products custom engraved nameplate pet supplies,15 kinds of color,4.6,29751,178 sold,3502,178.0,Acessórios,Cachorro
150/200/300cm strong dog leash pet leashes reflective leash for big small medium large dog leash drag pull tow golden retriever,150/200/300cm strong dog leash pet leashes reflective leash for big small medium large dog leash drag pull tow golden retriever,150/200/300cm strong dog leash,4.7,441,"2,000+ sold",9011,2000.0,Acessórios,Cachorro
150ml pet dog paw cleansing foam convenient cat foot rinse-free detergent pet care easy to clean pet supplies,150ml pet dog paw cleansing foam convenient cat foot rinse-free detergent pet care easy to clean pet supplies,150ml pet dog paw,0.0,3,8 sold,14,8.0,Higiene,Cachorro
150pcs pet remove dirt from eyes and ears wipes dog and cat earwax clean ears odor remover wet tissue cleaning tools supplies,150pcs pet remove dirt from eyes and ears wipes dog and cat earwax clean ears odor remover wet tissue cleaning tools supplies,150pcs pet remove dirt,0.0,39,2 sold,0,2.0,Higiene,Cachorro
150pcs pet wipes dog cat eyes ears cleaning paper towels eyes tear stain remover for puppy kitten ears cleaner grooming supplies,150pcs pet wipes dog cat eyes ears cleaning paper towels eyes tear stain remover for puppy kitten ears cleaner grooming supplies,150pcs pet wipes dog,4.8,3856,500+ sold,3306,500.0,Higiene,Cachorro
1pc 53cm luxury dog gold chain necklace dollars adjustable trendy pendan metal collar pet accessories  dog  photo props supplies,1pc 53cm luxury dog gold chain necklace dollars adjustable trendy pendan metal collar pet accessories  dog  photo props supplies,1pc 53cm luxury dog,4.9,6,63 sold,368,63.0,Acessórios,Cachorro
1pc adjustable dog grooming rope puppy safety leash dogs grooming table fixed rope arm bath restraint rope pet supplies,1pc adjustable dog grooming rope puppy safety leash dogs grooming table fixed rope arm bath restraint rope pet supplies,1pc adjustable dog grooming,4.4,65,60 sold,11,60.0,Acessórios,Cachorro
1pc animal pet doy toys pet chew squeaker sound toy for dog cats playing interactive pig duck toy pet supplies,1pc animal pet doy toys pet chew squeaker sound toy for dog cats playing interactive pig duck toy pet supplies,1pc animal pet doy,4.8,71,93 sold,2644,93.0,Brinquedos,Cachorro
"1pc avocado design pet grinding teeth squeaky plush toy, durablechew toy for dog interactive supply","1pc avocado design pet grinding teeth squeaky plush toy, durablechew toy for dog interactive supply",1pc avocado design pet,5.0,13,49 sold,33,49.0,Brinquedos,Cachorro
1pc cat dog knot toy cleaning teeth grinding teeth interest interactive wear resistant knot toy play entertainment pet supplies,1pc cat dog knot toy cleaning teeth grinding teeth interest interactive wear resistant knot toy play entertainment pet supplies,1pc cat dog knot,4.8,613,97 sold,98,97.0,Brinquedos,Cachorro
1pc cat litter mat waterproof cat litter trapping mat double layer filter washable non-slip cleaning mat pet supplies,"alfombrilla de arena para gatos, estera impermeable para atrapar arena para gatos, filtro de doble capa, esterilla antideslizante lavable para limpieza, suministros para mascotas, 1 unidad",1pc cat litter mat,4.4,13976,90 Vendidos,28,90.0,Conforto,Gato
1pc cat toy funny pet toy for cats interactive cat stick feather kitten toys random color pet supplies,1pc cat toy funny pet toy for cats interactive cat stick feather kitten toys random color pet supplies,1pc cat toy funny,4.8,65,49 sold,18,49.0,Brinquedos,Gato
1pc cat toy sisal scratching ball training interactive toy for kitten pet cat supplies feather toy  cat toys interactive,1pc cat toy sisal scratching ball training interactive toy for kitten pet cat supplies feather toy  cat toys interactive,1pc cat toy sisal,4.7,3,"3,000+ sold",1465,3000.0,Brinquedos,Gato
1pc cat toy stick feather wand with bell mouse cage toys plastic artificial colorful cat teaser toy pet supplies random color,1pc cat toy stick feather wand with bell mouse cage toys plastic artificial colorful cat teaser toy pet supplies random color,1pc cat toy stick,4.633333333333333,664,"413 sold31 sold1,000+ sold",36066,1444.0,Brinquedos,Gato
1pc cute rubber sound pig grunting squeak latex pet chew toys for dog squeaker chew training puppy supplies pet products,1pc cute rubber sound pig grunting squeak latex pet chew toys for dog squeaker chew training puppy supplies pet products,1pc cute rubber sound,4.6,61,317 sold56 sold,128,373.0,Brinquedos,Cachorro
1pc dinosaur design pet grinding teeth squeak plush toy durable chew toy for dog interactive supply,1pc dinosaur design pet grinding teeth squeak plush toy durable chew toy for dog interactive supply,1pc dinosaur design pet,4.7,277,19 sold,5,19.0,Brinquedos,Cachorro
1pc dog birthday headwear cap pet decor crown hat bibs puppy kitten favor headband christmas festival party cat supply,1pc dog birthday headwear cap pet decor crown hat bibs puppy kitten favor headband christmas festival party cat supply,1pc dog birthday headwear,5.0,90,47 sold,27,47.0,Outros,Cachorro
1pc dog cotton rope chew toy durable braided teeth cleaning toys for small medium dog outdoor interactive training pet supplies,1pc dog cotton rope chew toy durable braided teeth cleaning toys for small medium dog outdoor interactive training pet supplies,1pc dog cotton rope,5.0,32,15 sold,9,15.0,Brinquedos,Cachorro
1pc dog super soft pet finger toothbrush teeth cleaning bad breath care nontoxic silicone tooth brush tool dog cat supplies,1pc dog super soft pet finger toothbrush teeth cleaning bad breath care nontoxic silicone tooth brush tool dog cat supplies,1pc dog super soft,4.8,355,"1,000+ sold",1214,1000.0,Higiene,Cachorro
1pc dog toy carrot knot rope ball cotton rope dumbbell puppy cleaning teeth chew toy durable braided bite resistant pet supplies,1pc dog toy carrot knot rope ball cotton rope dumbbell puppy cleaning teeth chew toy durable braided bite resistant pet supplies,1pc dog toy carrot,4.566666666666666,115000,58 sold500+ sold399 sold,1132,957.0,Brinquedos,Cachorro
1pc dog training clicker pet cat plastic new dogs click trainer aid tools adjustable wrist strap sound key chain dog supplies,1pc dog training clicker pet cat plastic new dogs click trainer aid tools adjustable wrist strap sound key chain dog supplies,1pc dog training clicker,4.8,220,800+ sold,349,800.0,Outros,Cachorro
1pc dog training collar/portable remote control electric bark stopper waterproof pet training device with beep shock,1pc dog training collar/portable remote control electric bark stopper waterproof pet training device with beep shock,1pc dog training collar/portable,4.3,1302,52 sold,483,52.0,Acessórios,Cachorro
1pc dog training device 20~100 lb pet dog waterproof collar lcd long distance remote control static electricity/vibration,1pc dog training device 20~100 lb pet dog waterproof collar lcd long distance remote control static electricity/vibration,1pc dog training device,4.5,16766,91 sold,277,91.0,Acessórios,Cachorro
1pc durable and non slip slow food plate for pet dogs plastic anti suffocation pet bowl food bowl pet supplies,1pc durable and non slip slow food plate for pet dogs plastic anti suffocation pet bowl food bowl pet supplies,1pc durable and non,0.0,28,12 sold,10,12.0,Alimentação,Cachorro
1pc fashion pet dog collar puppy nylon glow in the dark led glowing collar adjustable cats collar pet supplies dog accessories,1pc fashion pet dog collar puppy nylon glow in the dark led glowing collar adjustable cats collar pet supplies dog accessories,1pc fashion pet dog,4.5,39,75 sold,817,75.0,Acessórios,Cachorro
"1pc felt pet toy box, dog toy box, storage basket chest organizer for organizing pet toys, blankets, leashes and food","1pc felt pet toy box, dog toy box, storage basket chest organizer for organizing pet toys, blankets, leashes and food",1pc felt pet toy,0.0,13,14 sold,16,14.0,Brinquedos,Cachorro
1pc folding silicone dog bowl outfit portable travel bowl for dog feeder utensils small mudium dog bowls pet accessories,1pc folding silicone dog bowl outfit portable travel bowl for dog feeder utensils small mudium dog bowls pet accessories,1pc folding silicone dog,5.0,14878,12 sold,271,12.0,Alimentação,Cachorro
"1pc hot dog design pet grinding teeth squeaky plush toy, durable chew toy for dog interactive supply","1pc hot dog design pet grinding teeth squeaky plush toy, durable chew toy for dog interactive supply",1pc hot dog design,4.5,37,47 sold,47,47.0,Brinquedos,Cachorro
1pc lovely pet cat glasses small dog glasses pet products for little dog cat eye-wear dog sunglasses photos pet accessories,1pc lovely pet cat glasses small dog glasses pet products for little dog cat eye-wear dog sunglasses photos pet accessories,1pc lovely pet cat,4.8,28,86 sold,142,86.0,Outros,Cachorro
1pc personalized pet name tags soundless custom bone silicone free engraving dog name phone address pet supplies,1pc personalized pet name tags soundless custom bone silicone free engraving dog name phone address pet supplies,1pc personalized pet name,4.6,3931,53 sold,82,53.0,Outros,Cachorro
1pc pet cat comb massage brush shell shaped handle pet grooming massage tool to remove loose hairs for cats cleaning supplies,1pc pet cat comb massage brush shell shaped handle pet grooming massage tool to remove loose hairs for cats cleaning supplies,1pc pet cat comb,5.0,299,63 sold,23,63.0,Higiene,Gato
1pc pet cat toys suction cups steel wire feather cat teaser rod long pole with bell cat self high boredom relief supplies,1pc pet cat toys suction cups steel wire feather cat teaser rod long pole with bell cat self high boredom relief supplies,1pc pet cat toys,4.5,41,96 sold,14,96.0,Brinquedos,Gato
1pc pet chew toy soft rubber bite-resistance bone shape teeth grinding chewing toys for small dogs training pet supplies,1pc pet chew toy soft rubber bite-resistance bone shape teeth grinding chewing toys for small dogs training pet supplies,1pc pet chew toy,2.9,212,11 sold145 sold500+ sold,321,656.0,Brinquedos,Cachorro
1pc pet dog ball bouncy rubber solid ball resistance to dog chew toys outdoor throwing recovery training for dogs pet supplies,1pc pet dog ball bouncy rubber solid ball resistance to dog chew toys outdoor throwing recovery training for dogs pet supplies,1pc pet dog ball,4.7,171,163 sold,112,163.0,Brinquedos,Cachorro
1pc pet dog beds mats soft plush warm sofa kennel sleep basket for small dogs cat cusion puppy cat bed house supplies,1pc pet dog beds mats soft plush warm sofa kennel sleep basket for small dogs cat cusion puppy cat bed house supplies,1pc pet dog beds,3.5,45,36 sold,29,36.0,Brinquedos,Cachorro
1pc pet dog beds mats soft plush warm sofa kennel sleep basket for small dogs cat supplies,1pc pet dog beds mats soft plush warm sofa kennel sleep basket for small dogs cat supplies,1pc pet dog beds,5.0,45,19 sold,12,19.0,Brinquedos,Cachorro
1pc pet dog cat bath brush comb rubber glove hair fur grooming massaging dog cleaning gloves silicone bath brush dog supplies,1pc pet dog cat bath brush comb rubber glove hair fur grooming massaging dog cleaning gloves silicone bath brush dog supplies,1pc pet dog cat,4.0,4722,25 sold,35,25.0,Higiene,Cachorro
1pc pet dog cat car seat belt adjustable harness seatbelt for small medium dogs travel pet supplies,1pc pet dog cat car seat belt adjustable harness seatbelt for small medium dogs travel pet supplies,1pc pet dog cat,4.8,100,900+ sold,212,900.0,Acessórios,Cachorro
1pc pet dog cat door free access 4 way magnetic lockable flap door door gate telescoping frame flap gate magnetic closure door,1pc pet dog cat door free access 4 way magnetic lockable flap door door gate telescoping frame flap gate magnetic closure door,1pc pet dog cat,4.35,11,22 sold17 sold,275,39.0,Outros,Cachorro
1pc pet dog toy interactive squeak molar plush toy frisbee shaped for dogs fit for pet funny durable chew toy pets supplies,1pc pet dog toy interactive squeak molar plush toy frisbee shaped for dogs fit for pet funny durable chew toy pets supplies,1pc pet dog toy,4.4,141,51 sold,14,51.0,Brinquedos,Cachorro
1pc pet dog toy squeak plush toy for dogs supplies fit for puppy pet cartoon durable molar chew interactive toy pets supplies,1pc pet dog toy squeak plush toy for dogs supplies fit for puppy pet cartoon durable molar chew interactive toy pets supplies,1pc pet dog toy,0.0,29,24 sold,16,24.0,Brinquedos,Cachorro
1pc pet durable toy knot rope chew toy for dogs & cats interactive teeth cleanning dog supplies random color,1pc pet durable toy knot rope chew toy for dogs & cats interactive teeth cleanning dog supplies random color,1pc pet durable toy,4.7,27,473 sold,156,473.0,Brinquedos,Cachorro
1pc pet food shovel plastic puppy food scooper dogfood measuring cup catfood scoop pet feeding supplies dog accessories,1pc pet food shovel plastic puppy food scooper dogfood measuring cup catfood scoop pet feeding supplies dog accessories,1pc pet food shovel,5.0,217,22 sold,8,22.0,Alimentação,Cachorro
1pc pet poop bag shit-shaped dog cat waste bags portable dog poop dispenser holder pets cleaning products for outdoor pets,1pc pet poop bag shit-shaped dog cat waste bags portable dog poop dispenser holder pets cleaning products for outdoor pets,1pc pet poop bag,4.7,1996,357 sold,505,357.0,Higiene,Cachorro
1pc pet products shovel cat litter plastic scoop cat sand cleaning dog food spoons cat sand shovel pet supplies,1pc pet products shovel cat litter plastic scoop cat sand cleaning dog food spoons cat sand shovel pet supplies,1pc pet products shovel,5.0,12,7 sold,9,7.0,Alimentação,Cachorro
1pc pet toys cat chew toys linen fish pillow chew training toy simulation fish puppet pet supplies,1pc pet toys cat chew toys linen fish pillow chew training toy simulation fish puppet pet supplies,1pc pet toys cat,4.8,151,120 sold,68,120.0,Brinquedos,Gato
1pc pink color random pattern pet bandana with adjustable triangle shape & buckle pet dog neck scarf puppy cat dog collar bibs,1pc pink color random pattern pet bandana with adjustable triangle shape & buckle pet dog neck scarf puppy cat dog collar bibs,1pc pink color random,4.7,2110,"1,000+ sold",875,1000.0,Acessórios,Cachorro
1pc popular adjustable colorful pet collars kitten cat collar pu leather neck strap safe for dogs soft pet supplies,1pc popular adjustable colorful pet collars kitten cat collar pu leather neck strap safe for dogs soft pet supplies,1pc popular adjustable colorful,4.7,304868,231 sold,4233,231.0,Acessórios,Cachorro
1pc random color interactive pet toy  plush candy shape dog chew toy for puppy molar health,1pc random color interactive pet toy  plush candy shape dog chew toy for puppy molar health,1pc random color interactive,4.8,1664,25 sold,40,25.0,Brinquedos,Cachorro
"1pc random color turtle design pet grinding teeth squeaky plush toy, durable chew toy for dog interactive supply","1pc random color turtle design pet grinding teeth squeaky plush toy, durable chew toy for dog interactive supply",1pc random color turtle,4.6,35,87 sold,60,87.0,Brinquedos,Cachorro
1pc rubber dog toys squeaky cleaning tooth dog chew toy small puppy toys ball bite resistant pet supplies petshop diameter 7cm,1pc rubber dog toys squeaky cleaning tooth dog chew toy small puppy toys ball bite resistant pet supplies petshop diameter 7cm,1pc rubber dog toys,4.3,397,"1,000+ sold",663,1000.0,Brinquedos,Cachorro
"1pc spring cat food leakage ball, swing self entertainment cat treat dispensing ball pet puzzle slow feeder","1pc spring cat food leakage ball, swing self entertainment cat treat dispensing ball pet puzzle slow feeder",1pc spring cat food,4.8,1,78 sold,89,78.0,Brinquedos,Gato
1pc stainless steel cat lovely creative inclined kitten puppy food feeding bowls cats drinking feeder pet dogs cats feeder,1pc stainless steel cat lovely creative inclined kitten puppy food feeding bowls cats drinking feeder pet dogs cats feeder,1pc stainless steel cat,4.8,97,209 sold,726,209.0,Alimentação,Cachorro
1pc stool-shaped silicone pet garbage bag dispenser cat and dog hang-out buckle portable pet toilet bag storage box dog supplies,1pc stool-shaped silicone pet garbage bag dispenser cat and dog hang-out buckle portable pet toilet bag storage box dog supplies,1pc stool-shaped silicone pet,5.0,189,12 sold,7,12.0,Outros,Cachorro
1pc super large pet dog cat baby handprint footprint contactless stamp pad non-toxic mess-free baby diy hand footprint kit ink,1pc super large pet dog cat baby handprint footprint contactless stamp pad non-toxic mess-free baby diy hand footprint kit ink,1pc super large pet,4.5,644,"1,000+ sold",2295,1000.0,Sanitário,Cachorro
1pc super large pet dog cat baby handprint or footprint contactless stamp pad 100% non-toxic and mess-free,1pc super large pet dog cat baby handprint or footprint contactless stamp pad 100% non-toxic and mess-free,1pc super large pet,4.5,246,58 sold,16,58.0,Sanitário,Cachorro
1pc super soft pet finger dog toothbrush  teddy dog brush bad breath tartar teeth tool cat cleaning dog supplies accessories,1pc super soft pet finger dog toothbrush  teddy dog brush bad breath tartar teeth tool cat cleaning dog supplies accessories,1pc super soft pet,5.0,570,24 sold,451,24.0,Higiene,Cachorro
1pc teaser feather toys kitten funny colorful rod cat wand toys wood pet cat toys interactive stick pet cat supplies,1pc teaser feather toys kitten funny colorful rod cat wand toys wood pet cat toys interactive stick pet cat supplies,1pc teaser feather toys,4.8,503,448 sold396 sold256 sold,2263,1100.0,Brinquedos,Gato
1pc teething pet toy dog solid toy ball interactive dog toy light popcorn ball dog ball light chew rubber ball high elastic bite,1pc teething pet toy dog solid toy ball interactive dog toy light popcorn ball dog ball light chew rubber ball high elastic bite,1pc teething pet toy,4.8,75,"1,000+ sold",378,1000.0,Brinquedos,Cachorro
"1pc, dog cooling mat, pet cooling pad, summer cooling mat for-dogs cats, pet dog self cooling mat, pet supplies","1pc, dog cooling mat, pet cooling pad, summer cooling mat for-dogs cats, pet dog self cooling mat, pet supplies","1pc, dog cooling mat,",4.0,393,7 sold,11,7.0,Conforto,Cachorro
1pcs bone shaped poop bag dispenser pet dog waste bag holder plastic garbage bag dispenser carrier case disposal bag dispenser,1pcs bone shaped poop bag dispenser pet dog waste bag holder plastic garbage bag dispenser carrier case disposal bag dispenser,1pcs bone shaped poop,4.95,7981,"2,000+ sold2 sold",1170,2002.0,Outros,Cachorro
1pcs bone shaped poop bag dispenser with bags pet dog waste bag holder plastic garbage bag dispenser dog cleaning supplies,1pcs bone shaped poop bag dispenser with bags pet dog waste bag holder plastic garbage bag dispenser dog cleaning supplies,1pcs bone shaped poop,0.0,1097,3 sold,0,3.0,Higiene,Cachorro
1pcs dog gate ingenious mesh dog fence for indoor and outdoor safe pet dog gate safety enclosure pet supplies dropshippings 2024,1pcs dog gate ingenious mesh dog fence for indoor and outdoor safe pet dog gate safety enclosure pet supplies dropshippings 2024,1pcs dog gate ingenious,3.4,145,33 sold,56,33.0,Outros,Cachorro
1pcs funny pets dog puppy cat ball teeth toy chew sound dogs play fetching squeak toys dog toys pet supplies pet toys,1pcs funny pets dog puppy cat ball teeth toy chew sound dogs play fetching squeak toys dog toys pet supplies pet toys,1pcs funny pets dog,3.0,9953,23 sold,20,23.0,Brinquedos,Cachorro
1pcs pet cat toys cute funny rainbow strips stick cat teaser wand pet toys for cats interactive toys cat supplies pet products,1pcs pet cat toys cute funny rainbow strips stick cat teaser wand pet toys for cats interactive toys cat supplies pet products,1pcs pet cat toys,1.0,23,7 sold,0,7.0,Brinquedos,Gato
1pcs pet comb grooming double-sided pet comb big dog brush beauty comb for cats dogs hair wooden removal soft brush dog supplies,1pcs pet comb grooming double-sided pet comb big dog brush beauty comb for cats dogs hair wooden removal soft brush dog supplies,1pcs pet comb grooming,4.5,1959,199 sold,55,199.0,Higiene,Cachorro
1pcs pet tie mix colors dog cat striped bow tie pet grooming supplies adjustable puppy dog cat neck tie pets accessories,1pcs pet tie mix colors dog cat striped bow tie pet grooming supplies adjustable puppy dog cat neck tie pets accessories,1pcs pet tie mix,5.0,89,23 sold,27,23.0,Higiene,Cachorro
1pcs summer dog bandana dogs pet supplies fruit printing small dog bandanas scarf  mini dogs puppy bibs dog grooming accessories,1pcs summer dog bandana dogs pet supplies fruit printing small dog bandanas scarf  mini dogs puppy bibs dog grooming accessories,1pcs summer dog bandana,4.0,355,38 sold,631,38.0,Higiene,Cachorro
1rolls pet garbage bagdog poop bag roll large cat waste bags doggie outdoor home clean refill garbage bag pet supplies,1rolls pet garbage bagdog poop bag roll large cat waste bags doggie outdoor home clean refill garbage bag pet supplies,1rolls pet garbage bagdog,5.0,45,35 sold,21,35.0,Higiene,Cachorro
1set dog teeth cleaning kit include toothpaste & soft long toothbrush & finger toothbrush fit for all size dog safe pet supplies,1set dog teeth cleaning kit include toothpaste & soft long toothbrush & finger toothbrush fit for all size dog safe pet supplies,1set dog teeth cleaning,5.0,13,27 sold,8,27.0,Higiene,Cachorro
2 in 1 300ml portable food grade material dog cat travel pet water cup bottle with food dispenser,2 in 1 300ml portable food grade material dog cat travel pet water cup bottle with food dispenser,2 in 1 300ml,4.9,200,"2,000+ sold",2689,2000.0,Alimentação,Cachorro
2 in 1 cat water and food feeder dispenser automatic dog cats drinking bottles feeding bowl dispensers pet supplies 2.2l,2 in 1 cat water and food feeder dispenser automatic dog cats drinking bottles feeding bowl dispensers pet supplies 2.2l,2 in 1 cat,4.5,81,215 sold,1415,215.0,Alimentação,Cachorro
2 in 1 dog water bottle for small large dogs cats leak proof portable puppy drinking food feeder schnauzer beagle pet supplies,2 in 1 dog water bottle for small large dogs cats leak proof portable puppy drinking food feeder schnauzer beagle pet supplies,2 in 1 dog,0.0,389,4 sold,0,4.0,Alimentação,Cachorro
2 in 1 pet clicker dog training whistle answer card pet dog trainer assistive guide with key ring dog puppy pet supplies,2 in 1 pet clicker dog training whistle answer card pet dog trainer assistive guide with key ring dog puppy pet supplies,2 in 1 pet,4.7,32,14 sold,93,14.0,Outros,Cachorro
2 in 1 pet dog clicker dog training whistle clicker dog trainer puppy stop barking training aid tool with key ring pet supplies,2 in 1 pet dog clicker dog training whistle clicker dog trainer puppy stop barking training aid tool with key ring pet supplies,2 in 1 pet,5.0,257,98 sold,402,98.0,Outros,Cachorro
2 modes smart cat toy automatic moving remote controlled toy car for cats dogs interactive playing kitten training pet supplies,2 modes smart cat toy automatic moving remote controlled toy car for cats dogs interactive playing kitten training pet supplies,2 modes smart cat,4.9,1532,"2,000+ sold",495,2000.0,Brinquedos,Cachorro
"2 packs extra large reusable dog mat for floor,crate  48""x48""-grey","2 packs extra large reusable dog mat for floor,crate  48""x48""-grey",2 packs extra large,0.0,9,0 sold,0,0.0,Conforto,Cachorro
2 pcs / lot personalized small dog cat id tag name collar tags for kitten puppy pet dog id tag aluminium pet products supplies,2 pcs / lot personalized small dog cat id tag name collar tags for kitten puppy pet dog id tag aluminium pet products supplies,2 pcs / lot,4.9,19762,180 sold,75,180.0,Acessórios,Cachorro
2 pcs cat toy bell feather funny cat rod toy cat toys interactive  cat accessories pet  cat supplies,2 pcs cat toy bell feather funny cat rod toy cat toys interactive  cat accessories pet  cat supplies,2 pcs cat toy,4.8,15,36 sold,11,36.0,Brinquedos,Gato
2-12pcs pet two-finger brushing finger cots puppy teeth oral cleaning tool kitten finger toothbrush pets care accessories supply,2-12pcs pet two-finger brushing finger cots puppy teeth oral cleaning tool kitten finger toothbrush pets care accessories supply,2-12pcs pet two-finger brushing,4.7,1351,75 sold,21,75.0,Higiene,Cachorro
2-in-1 nylon adjustable dog safety belt collar pet dog accessories pet car safety rope rear seat traction rope pet supplies,2-in-1 nylon adjustable dog safety belt collar pet dog accessories pet car safety rope rear seat traction rope pet supplies,2-in-1 nylon adjustable dog,5.0,78,47 sold,23,47.0,Acessórios,Cachorro
2-in-1 pet automatic feeder dog cat drinking fountain water dispenser food bowl pet supplies for dogs cats auto feeders,2-in-1 pet automatic feeder dog cat drinking fountain water dispenser food bowl pet supplies for dogs cats auto feeders,2-in-1 pet automatic feeder,4.0,26,57 sold,1307,57.0,Alimentação,Cachorro
2-in-1 professional pet grooming razor comb plastic trimmer for dogs cats with 2pcs metal blades for safe grooming pet supplies,2-in-1 professional pet grooming razor comb plastic trimmer for dogs cats with 2pcs metal blades for safe grooming pet supplies,2-in-1 professional pet grooming,4.8,6,60 sold,72,60.0,Higiene,Cachorro
2/1pcs pet id tag for puppy and cat kitten dogs collar accessories dog tag customized pet identity card pet supplies,2/1pcs pet id tag for puppy and cat kitten dogs collar accessories dog tag customized pet identity card pet supplies,2/1pcs pet id tag,5.0,2600,24 sold,29,24.0,Acessórios,Cachorro
2/3pc dog anti flea and tick antiparasitic collar pet 8month protection adjustable collar for large dog puppy cat dog accessorie,2/3pc dog anti flea and tick antiparasitic collar pet 8month protection adjustable collar for large dog puppy cat dog accessorie,2/3pc dog anti flea,5.0,662,44 sold,28,44.0,Acessórios,Cachorro
20 pcs pet hanger supply dog clothes storage rack plastic coat hangers supplies apparel,20 pcs pet hanger supply dog clothes storage rack plastic coat hangers supplies apparel,20 pcs pet hanger,0.0,4,6 sold,2,6.0,Acessórios,Cachorro
20 pieces dog hair bows handcrafted ribbon bow with elastic rubber band hair accessories for dog cat grooming bows pet supplies,20 pieces dog hair bows handcrafted ribbon bow with elastic rubber band hair accessories for dog cat grooming bows pet supplies,20 pieces dog hair,5.0,2987,58 sold,4907,58.0,Higiene,Cachorro
20/30pcs fashion pet hair accessories colourful plush ball shape pets grooming bows products for medium small dog cats supplies,20/30pcs fashion pet hair accessories colourful plush ball shape pets grooming bows products for medium small dog cats supplies,20/30pcs fashion pet hair,5.0,56,134 sold,519,134.0,Brinquedos,Cachorro
200-1600ml stainless steel dogs bowl cats non slip food drinking water eating container dish puppy kitten feeder pet supplies,200-1600ml stainless steel dogs bowl cats non slip food drinking water eating container dish puppy kitten feeder pet supplies,200-1600ml stainless steel dogs,4.9,43,38 sold,49,38.0,Alimentação,Cachorro
200/400cm garden anti-cat  dog net repellent mat safe plastic spike thorn deterrent green plant protection supply pet products,200/400cm garden anti-cat  dog net repellent mat safe plastic spike thorn deterrent green plant protection supply pet products,200/400cm garden anti-cat dog,0.0,8,13 sold,6,13.0,Conforto,Cachorro
200/400cm garden anti-cat  dog net repellent mat safe plastic spike thorn deterrent green plant protection supply pet supplies,200/400cm garden anti-cat  dog net repellent mat safe plastic spike thorn deterrent green plant protection supply pet supplies,200/400cm garden anti-cat dog,5.0,3,27 sold,17,27.0,Conforto,Cachorro
2019 fashion pet pillow cat and dog sleeping pillows special pillows teddy bear pomeranian dogs supplies dog mat puppy,2019 fashion pet pillow cat and dog sleeping pillows special pillows teddy bear pomeranian dogs supplies dog mat puppy,2019 fashion pet pillow,4.8,5940,137 sold,1919,137.0,Conforto,Cachorro
2021 new pet poop bag holder hands-free fixed clip dog walking cleaning supplies pet cat dog poop bag dispenser,2021 new pet poop bag holder hands-free fixed clip dog walking cleaning supplies pet cat dog poop bag dispenser,2021 new pet poop,4.9,291,199 sold,256,199.0,Higiene,Cachorro
"2022 new cat dog pet winter pillow sleep u-shaped throw pillow, comfortable sleep aid cervical spine pet supplies cat toy","2022 new cat dog pet winter pillow sleep u-shaped throw pillow, comfortable sleep aid cervical spine pet supplies cat toy",2022 new cat dog,4.3,7282,374 sold,254,374.0,Brinquedos,Cachorro
2023 new pet dog hair clips dogs pink flower heart clip bow cute decoration puppy hair bows for small dogs supplies pet headwear,2023 new pet dog hair clips dogs pink flower heart clip bow cute decoration puppy hair bows for small dogs supplies pet headwear,2023 new pet dog,4.3,248,50 sold,21,50.0,Outros,Cachorro
2023 new pet tent house cat bed warm winter cat dog house deep sleep for puppy cat indoor outdoor tent with cushion pet supplies,2023 new pet tent house cat bed warm winter cat dog house deep sleep for puppy cat indoor outdoor tent with cushion pet supplies,2023 new pet tent,5.0,1539,51 sold,242,51.0,Conforto,Cachorro
2023 release pet dog repeller ultrasonic dog training device rechargeable anti dog bark deterrent device with led flashlight,2023 release pet dog repeller ultrasonic dog training device rechargeable anti dog bark deterrent device with led flashlight,2023 release pet dog,4.8,65,95 sold,131,95.0,Outros,Cachorro
2024 catnip toys funny interactive plush teeth grinding cat toy kitten chewing toy claws thumb bite cat mint pets accessories,2024 catnip toys funny interactive plush teeth grinding cat toy kitten chewing toy claws thumb bite cat mint pets accessories,2024 catnip toys funny,4.5,689,500+ sold,226,500.0,Brinquedos,Gato
2024 new catnip ball lickable cat grass snack catnip ball kitten playing chewing cleaning teeth toy cat pet supplies scratchers,2024 new catnip ball lickable cat grass snack catnip ball kitten playing chewing cleaning teeth toy cat pet supplies scratchers,2024 new catnip ball,4.5,29978,29 sold,6,29.0,Brinquedos,Gato
20cm cat favor fish toy stuffed fish shape cat scratch board scratching post plush toys for cat pet toy pet products supplies,20cm cat favor fish toy stuffed fish shape cat scratch board scratching post plush toys for cat pet toy pet products supplies,20cm cat favor fish,5.0,2481,195 sold,108,195.0,Brinquedos,Gato
20kg pet cat hammock hanging cat bed bearing comfortable cat sunny window seat mount kitten climbing frame pet accessories,20kg pet cat hammock hanging cat bed bearing comfortable cat sunny window seat mount kitten climbing frame pet accessories,20kg pet cat hammock,4.7,223,"1,000+ sold",1314,1000.0,Conforto,Gato
20pcs dog acccessories dog bow tie  bulk dog collar bow dog bowtie small dog cat pet supplies dog fashion accessoreis bow,20pcs dog acccessories dog bow tie  bulk dog collar bow dog bowtie small dog cat pet supplies dog fashion accessoreis bow,20pcs dog acccessories dog,4.9,103,600+ sold,469,600.0,Acessórios,Cachorro
20pcs dog accessories bulk fashion dog bow tie lace dog supplies small dog bowties pet products dog accessories for small dogs,20pcs dog accessories bulk fashion dog bow tie lace dog supplies small dog bowties pet products dog accessories for small dogs,20pcs dog accessories bulk,4.9,43,267 sold,191,267.0,Outros,Cachorro
20pcs dog bluk bow tie fashion dog supplies small dog cat bowties pet  accessories for dogs accessories pet supplies dogs,20pcs dog bluk bow tie fashion dog supplies small dog cat bowties pet  accessories for dogs accessories pet supplies dogs,20pcs dog bluk bow,4.8,51,217 sold,90,217.0,Outros,Cachorro
20pcs dog bow tie love style pet supplies valentine's day samll dog bowtie pet dog cat bowties small dog grooming accessories,20pcs dog bow tie love style pet supplies valentine's day samll dog bowtie pet dog cat bowties small dog grooming accessories,20pcs dog bow tie,4.6,31,97 sold,28,97.0,Higiene,Cachorro
20pcs dog toy pet molar bite-resistant cotton rope knot dog puppy relieving stuffy cleaning teeth pet chew toys random color,20pcs dog toy pet molar bite-resistant cotton rope knot dog puppy relieving stuffy cleaning teeth pet chew toys random color,20pcs dog toy pet,4.6,3,56 sold,52,56.0,Brinquedos,Cachorro
20pcs super absorbent pet diaper dog training pee pads disposable healthy nappy mat pet dog diapers high quality male dog soft,20pcs super absorbent pet diaper dog training pee pads disposable healthy nappy mat pet dog diapers high quality male dog soft,20pcs super absorbent pet,4.8,45,85 sold,270,85.0,Conforto,Cachorro
20pcs valentine's day pet supplies lace rose love style pet cat dog collar bowties neckties pet cat holiday grooming products,20pcs valentine's day pet supplies lace rose love style pet cat dog collar bowties neckties pet cat holiday grooming products,20pcs valentine's day pet,5.0,55,148 sold,86,148.0,Acessórios,Cachorro
20pcs/bag pet cleaning teeth finger cover dog cat remove tartar calculus oral care cochlear cleaning non-woven fabric finger cot,20pcs/bag pet cleaning teeth finger cover dog cat remove tartar calculus oral care cochlear cleaning non-woven fabric finger cot,20pcs/bag pet cleaning teeth,4.8,30,500+ sold,401,500.0,Higiene,Cachorro
"24 panels 40 inch hight indoor outdoor folding metal portable puppy exercise pen heavy duty dog fence for yard camping,black","24 panels 40 inch hight indoor outdoor folding metal portable puppy exercise pen heavy duty dog fence for yard camping,black",24 panels 40 inch,5.0,991,7 sold,25,7.0,Outros,Cachorro
24cm giant tennis ball for dog chew toy pet dog interactive toys big inflatable tennis ball pet supplies outdoor cricket dog toy,24cm giant tennis ball for dog chew toy pet dog interactive toys big inflatable tennis ball pet supplies outdoor cricket dog toy,24cm giant tennis ball,4.75,503,103 sold257 sold,221,360.0,Brinquedos,Cachorro
24cm pet giant tennis ball for dog chew toy funny large inflatable tennis ball pet supplies dog interactive toys for dog play,24cm pet giant tennis ball for dog chew toy funny large inflatable tennis ball pet supplies dog interactive toys for dog play,24cm pet giant tennis,4.5,53,121 sold,50,121.0,Brinquedos,Cachorro
25/50/100pcs/lot pet cat dog bow tie lots mix colors grooming accessories adjustable puppy bow tie products pet bowtie supplies,25/50/100pcs/lot pet cat dog bow tie lots mix colors grooming accessories adjustable puppy bow tie products pet bowtie supplies,25/50/100pcs/lot pet cat dog,4.9,29622,371 sold,356,371.0,Higiene,Cachorro
250ml cat litter deodorant beads for kitten toilet artifact pet odor activated carbon absorbs kitty sand stink cleaning supplies,250ml cat litter deodorant beads for kitten toilet artifact pet odor activated carbon absorbs kitty sand stink cleaning supplies,250ml cat litter deodorant,3.0,5905,25 sold,100,25.0,Higiene,Gato
2l automatic drinking fountain with fountain filter drink fountain pet stainless steel drinking fountain cat dog water supplies,2l automatic drinking fountain with fountain filter drink fountain pet stainless steel drinking fountain cat dog water supplies,2l automatic drinking fountain,4.8,3974,36 sold,607,36.0,Conforto,Cachorro
2l/3.5l cat automatic feeder water dispenser pet feeding food container bowl large capacity plastic solid vertical dog supply,2l/3.5l cat automatic feeder water dispenser pet feeding food container bowl large capacity plastic solid vertical dog supply,2l/3.5l cat automatic feeder,4.8,29,31 sold,55,31.0,Alimentação,Cachorro
2pcs christmas hair clips for dogs handmade pet dog hair clip bows for christmas small dog cat hair accessories for dog supplies,2pcs christmas hair clips for dogs handmade pet dog hair clip bows for christmas small dog cat hair accessories for dog supplies,2pcs christmas hair clips,4.9,489,87 sold,121,87.0,Outros,Cachorro
2pcs pet cat toy color winding mouse cat toy pet supplies cat interactive chew toy pet accessories,2pcs pet cat toy color winding mouse cat toy pet supplies cat interactive chew toy pet accessories,2pcs pet cat toy,5.0,30,54 sold,15,54.0,Brinquedos,Gato
2pcs pet interactive electric bug mice cat toy electric toothbrush worm micro-nano worm obstacle automatic flip pet cat supply,2pcs pet interactive electric bug mice cat toy electric toothbrush worm micro-nano worm obstacle automatic flip pet cat supply,2pcs pet interactive electric,4.7,5988,192 sold,41,192.0,Brinquedos,Gato
"2pcs/3pcs pet knot toy for dog & cat, carrot shape dog chew toys, cotton rope toys for indoor dogs, cat toys","2pcs/3pcs pet knot toy for dog & cat, carrot shape dog chew toys, cotton rope toys for indoor dogs, cat toys",2pcs/3pcs pet knot toy,0.0,191,8 sold,4,8.0,Brinquedos,Cachorro
2pcs/set reusable pet food can cover silicone dogs cats storage tin cap lid seal cover with spoon,2pcs/set reusable pet food can cover silicone dogs cats storage tin cap lid seal cover with spoon,2pcs/set reusable pet food,4.7,74,353 sold,112,353.0,Alimentação,Cachorro
3 colors rhinestone stretch pet collar necklace dog leash crystal collar tag pendant accessories for dog cat pet supplies,3 colors rhinestone stretch pet collar necklace dog leash crystal collar tag pendant accessories for dog cat pet supplies,3 colors rhinestone stretch,4.9,51,24 sold,56,24.0,Acessórios,Cachorro
3 in 1 dog cat food bowl with water fountain durable feeding bowls for pet feeding supplies puppy kitten accessories,3 in 1 dog cat food bowl with water fountain durable feeding bowls for pet feeding supplies puppy kitten accessories,3 in 1 dog,3.8,23,26 sold,10,26.0,Alimentação,Cachorro
3 in 1 dog steamer brush electric spray cat hair brush comb massage pet grooming remove tangles and loose hair supplies steamy,3 in 1 dog steamer brush electric spray cat hair brush comb massage pet grooming remove tangles and loose hair supplies steamy,3 in 1 dog,4.7,912,"2,000+ sold",1187,2000.0,Higiene,Cachorro
"3 in 1 motorized spray cat brush dog massage brush for grooming massage, tangle removal and loose hair pet products","3 in 1 motorized spray cat brush dog massage brush for grooming massage, tangle removal and loose hair pet products",3 in 1 motorized,5.0,423,22 sold,2,22.0,Higiene,Cachorro
3 in 1 pet dog repeller anti barking device ultrasonic dog repeller stop bark control training supplies with led flashlight tool,3 in 1 pet dog repeller anti barking device ultrasonic dog repeller stop bark control training supplies with led flashlight tool,3 in 1 pet,4.3,46,176 sold,106,176.0,Outros,Cachorro
3 in 1 steamy pet dog brush cat steam brush electric spray cat hair brush comb massage pet grooming tool loose hair supplies,3 in 1 steamy pet dog brush cat steam brush electric spray cat hair brush comb massage pet grooming tool loose hair supplies,3 in 1 steamy,5.0,17,29 sold,30,29.0,Higiene,Cachorro
"3 pcs finger set toothbrush, oral cleaning toothbrush, pet toothbrush dog supplies pet products","3 pcs finger set toothbrush, oral cleaning toothbrush, pet toothbrush dog supplies pet products",3 pcs finger set,4.7,27,78 sold,14,78.0,Higiene,Cachorro
3 pcs set dog toothbrush teeth cleaning bad breath care nontoxic tooth brush tool dog cat cleaning supplies pets accessories,3 pcs set dog toothbrush teeth cleaning bad breath care nontoxic tooth brush tool dog cat cleaning supplies pets accessories,3 pcs set dog,4.9,3405,55 sold,306,55.0,Higiene,Cachorro
3 sizes cute warm pet bed mat cover towel handcrafted cat dog fleece soft blanket for small medium large dogs puppy pet supplies,3 sizes cute warm pet bed mat cover towel handcrafted cat dog fleece soft blanket for small medium large dogs puppy pet supplies,3 sizes cute warm,4.6,1266,"3,000+ sold",2850,3000.0,Conforto,Cachorro
3 sizes warm pets bed mat cover towel cute paw cat dog fleece soft blanket for small medium large dogs blankets supplies,3 sizes warm pets bed mat cover towel cute paw cat dog fleece soft blanket for small medium large dogs blankets supplies,3 sizes warm pets,4.7,36,194 sold,170,194.0,Conforto,Cachorro
3-in-1 dog hair brush cat hair brush electric pet cleaning brush steam spray brush massage hair removal comb anti flying brush,3-in-1 dog hair brush cat hair brush electric pet cleaning brush steam spray brush massage hair removal comb anti flying brush,3-in-1 dog hair brush,4.7,18,500+ sold,202,500.0,Higiene,Cachorro
3.2l cat automatic water dispenser pet smart induction water feeder usb with filter stainless steel dog feeder pet supplies,3.2l cat automatic water dispenser pet smart induction water feeder usb with filter stainless steel dog feeder pet supplies,3.2l cat automatic water,5.0,169,69 sold,131,69.0,Alimentação,Cachorro
3.2l/108oz pet fountain water bowl dog drinking cat water fountain stainless steel dispenser cat double head watering supplies,3.2l/108oz pet fountain water bowl dog drinking cat water fountain stainless steel dispenser cat double head watering supplies,3.2l/108oz pet fountain water,5.0,17,3 sold,21,3.0,Alimentação,Cachorro
3.5l automatic pet feeder smart food dispenser for cats dogs timer stainless steel bowl  auto dog cat pet feeding pet supplies,3.5l automatic pet feeder smart food dispenser for cats dogs timer stainless steel bowl  auto dog cat pet feeding pet supplies,3.5l automatic pet feeder,4.3,2968,180 sold,25661,180.0,Alimentação,Cachorro
3.5l pet automatic feeder water dispenser cat drinker feeding and watering food feed drinking bowl for dogs cat accessories,3.5l pet automatic feeder water dispenser cat drinker feeding and watering food feed drinking bowl for dogs cat accessories,3.5l pet automatic feeder,4.7,35,83 sold,91,83.0,Alimentação,Cachorro
3.8l pet dog cat automatic feeder bowl large capacity dog cat feeding and drinking dog water dispenser feeding bowl pet supplies,3.8l pet dog cat automatic feeder bowl large capacity dog cat feeding and drinking dog water dispenser feeding bowl pet supplies,3.8l pet dog cat,5.0,11,23 sold,71,23.0,Alimentação,Cachorro
3/2/1pc silicone canned lid sealed feeders food can lid for puppy dog cat storage top cap reusable cover lid health pet supplies,3/2/1pc silicone canned lid sealed feeders food can lid for puppy dog cat storage top cap reusable cover lid health pet supplies,3/2/1pc silicone canned lid,4.3,146,124 sold,29,124.0,Alimentação,Cachorro
30/50pcs 4th of july dog bow tie dog collar dog bandanas pet accessories american independence day pet supplies,30/50pcs 4th of july dog bow tie dog collar dog bandanas pet accessories american independence day pet supplies,30/50pcs 4th of july,5.0,31987,30 sold,11,30.0,Acessórios,Cachorro
300ml portable pet water bottle outdoor travel drinking cup feeding bowl with lanyard for small medium cats dogs pet supplies,300ml portable pet water bottle outdoor travel drinking cup feeding bowl with lanyard for small medium cats dogs pet supplies,300ml portable pet water,4.9,114,18 sold321 sold,636,339.0,Alimentação,Cachorro
30cm dog stairs pet 2/3 steps stairs for small dog cat pet ramp ladder anti-slip removable puppy stairs pet house bed supplies,30cm dog stairs pet 2/3 steps stairs for small dog cat pet ramp ladder anti-slip removable puppy stairs pet house bed supplies,30cm dog stairs pet,4.2,44,184 sold,323,184.0,Conforto,Cachorro
30pcs cute pet dog hair bows solid grooming bows with rubber band gifts for small dogs hand-made headwear dog supplies,30pcs cute pet dog hair bows solid grooming bows with rubber band gifts for small dogs hand-made headwear dog supplies,30pcs cute pet dog,4.7,38,148 sold,48,148.0,Higiene,Cachorro
30pcs dog bandana cotton adjustable pet dog bibs scarf small-middle-large dog bandanas collar pet supplies dog accessories,30pcs dog bandana cotton adjustable pet dog bibs scarf small-middle-large dog bandanas collar pet supplies dog accessories,30pcs dog bandana cotton,5.0,29914,41 sold,54,41.0,Acessórios,Cachorro
30roll dog poop bags disposable pet waste bags dog waste bags design pet poop clean pick up bone bag dispenser tools,30roll dog poop bags disposable pet waste bags dog waste bags design pet poop clean pick up bone bag dispenser tools,30roll dog poop bags,4.5,103,41 sold,9,41.0,Higiene,Cachorro
30rolls dog poop bags with dispenser and leash clip disposable  puppy pooper scooper bag small rolls outdoor clean pets supplies,30rolls dog poop bags with dispenser and leash clip disposable  puppy pooper scooper bag small rolls outdoor clean pets supplies,30rolls dog poop bags,4.5,24,57 sold,17,57.0,Acessórios,Cachorro
350/1000ml large collapsible dog pet folding silicone bowl outdoor travel portable puppy food container feeder dish bowl,350/1000ml large collapsible dog pet folding silicone bowl outdoor travel portable puppy food container feeder dish bowl,350/1000ml large collapsible dog,4.9,1563,"1,000+ sold",442,1000.0,Alimentação,Cachorro
350/600ml large collapsible dog pet folding silicone bowl outdoor travel portable puppy food container feeder dish bowl,350/600ml large collapsible dog pet folding silicone bowl outdoor travel portable puppy food container feeder dish bowl,350/600ml large collapsible dog,4.8,426,"1,000+ sold",733,1000.0,Alimentação,Cachorro
350ml collapsible dog pet folding silicone bowl outdoor travel portable puppy food container feeder dish bowl pet supplies,350ml collapsible dog pet folding silicone bowl outdoor travel portable puppy food container feeder dish bowl pet supplies,350ml collapsible dog pet,4.675,61204,"600+ sold4,000+ sold6 sold23 sold",2055,4629.0,Alimentação,Cachorro
350ml foldable silicone pet bowl portable puppy food container collapsible feeder for outdoor camping dog accessories,350ml foldable silicone pet bowl portable puppy food container collapsible feeder for outdoor camping dog accessories,350ml foldable silicone pet,5.0,166,31 sold,15,31.0,Alimentação,Cachorro
350ml/550ml portable dog water bottle bowl outdoor walking puppy pet travel water bottle cat drinking bowl dogs supplies,350ml/550ml portable dog water bottle bowl outdoor walking puppy pet travel water bottle cat drinking bowl dogs supplies,350ml/550ml portable dog water,4.9,99897,92 sold,87,92.0,Alimentação,Cachorro
36-inch cat tree durable with doors condos scratching post tower,36-inch cat tree durable with doors condos scratching post tower,36-inch cat tree durable,0.0,8,1 sold,51,1.0,Outros,Gato
360 degrees pet toothbrush cat brush addition bad breath tartar teeth care dog cat cleaning mouth dog cat cleaning supplies,360 degrees pet toothbrush cat brush addition bad breath tartar teeth care dog cat cleaning mouth dog cat cleaning supplies,360 degrees pet toothbrush,4.4,48,86 sold,62,86.0,Higiene,Cachorro
"39.4"" dog crate furniture, 176lbs heavy duty dog kennels indoor, end side table, tv cabinets, quadra-door wooden dog crate for s","39.4"" dog crate furniture, 176lbs heavy duty dog kennels indoor, end side table, tv cabinets, quadra-door wooden dog crate for s","39.4"" dog crate furniture,",0.0,50,0 sold,1,0.0,Outros,Cachorro
"39.6” dog gate for stairs & doorways, 30"" tall baby gate pressure mount pet gates, easy step auto close both sides walk thru","39.6” dog gate for stairs & doorways, 30"" tall baby gate pressure mount pet gates, easy step auto close both sides walk thru",39.6” dog gate for,0.0,60,0 sold,0,0.0,Outros,Cachorro
3in1 water dog brush electric spray pet steam brush soft silicone hair removal water brush dog grooming supplies pet accessories,3in1 water dog brush electric spray pet steam brush soft silicone hair removal water brush dog grooming supplies pet accessories,3in1 water dog brush,5.0,84,89 sold,97,89.0,Higiene,Cachorro
3l automatic pet cat water fountain silent cat drinking fountain usb charge electric feeder pet water dispenser for cat supplies,3l automatic pet cat water fountain silent cat drinking fountain usb charge electric feeder pet water dispenser for cat supplies,3l automatic pet cat,4.6,40,500+ sold,1841,500.0,Alimentação,Gato
3m 5m 8m dog nylon leash for small medium large dogs strong retractable durable pet traction rope chihuahua yorkshire supplies,3m 5m 8m dog nylon leash for small medium large dogs strong retractable durable pet traction rope chihuahua yorkshire supplies,3m 5m 8m dog,0.0,555,2 sold,0,2.0,Acessórios,Cachorro
3m 5m dog durable leash for small medium dogs strong retractable nylon puppy traction rope french bulldog yorkshire pet supplies,3m 5m dog durable leash for small medium dogs strong retractable nylon puppy traction rope french bulldog yorkshire pet supplies,3m 5m dog durable,0.0,57,2 sold,2,2.0,Acessórios,Cachorro
3m 5m dog leash for small dogs cats automatic retractable puppy nylon walking running leads chihuahua yorkshire pet supplies,3m 5m dog leash for small dogs cats automatic retractable puppy nylon walking running leads chihuahua yorkshire pet supplies,3m 5m dog leash,4.7,26,416 sold,150,416.0,Acessórios,Cachorro
3m 5m dog leash strong nylon puppy lead for small medium large dogs cats automatic retractable durable yorkshire pet supplies,3m 5m dog leash strong nylon puppy lead for small medium large dogs cats automatic retractable durable yorkshire pet supplies,3m 5m dog leash,4.4,2377,60 sold,12,60.0,Acessórios,Cachorro
3m 5m dog nylon leash for small medium large dogs puppy paw design strong retractable traction rope french bulldog pet supplies,3m 5m dog nylon leash for small medium large dogs puppy paw design strong retractable traction rope french bulldog pet supplies,3m 5m dog nylon,5.0,83,10 sold,2,10.0,Acessórios,Cachorro
3m 5m durable dog leash for small medium dogs nylon strong retractable candy color traction rope french bulldog pet supplies,3m 5m durable dog leash for small medium dogs nylon strong retractable candy color traction rope french bulldog pet supplies,3m 5m durable dog,4.5,106,13 sold,2,13.0,Acessórios,Cachorro
3m 5m retractable dog leash for small medium dogs candy color nylon strong durable puppy traction rope chihuahua pet supplies,3m 5m retractable dog leash for small medium dogs candy color nylon strong durable puppy traction rope chihuahua pet supplies,3m 5m retractable dog,0.0,119,3 sold,0,3.0,Acessórios,Cachorro
3m 5m retractable dog leash for small medium large dogs automatic extendable outdoor walking durable leash cat supplies,"correa retráctil para perros pequeños, medianos y grandes, correa extensible automática para caminar al aire libre, duradera, suministros para gatos, 3m, 5m",3m 5m retractable dog,4.7,7159,14 Vendidos,1,14.0,Acessórios,Cachorro
3pcs dog tick clip pet flea removal tool cat lice remover hook pet grooming supplies kitten comb puppy cleaning supplies tools,3pcs dog tick clip pet flea removal tool cat lice remover hook pet grooming supplies kitten comb puppy cleaning supplies tools,3pcs dog tick clip,4.7,357,54 sold,63,54.0,Higiene,Cachorro
3pcs flea remover hook tick remover tweezer tick pull pet cat dog accessaries tick tool pet mites flea extractor pet supplies,3pcs flea remover hook tick remover tweezer tick pull pet cat dog accessaries tick tool pet mites flea extractor pet supplies,3pcs flea remover hook,5.0,2183,38 sold26 sold,35,64.0,Outros,Cachorro
"3pcs male dog diaper, reusable dog pee pants, washable cloth pet belly wrap, puppy dog underwear,pet care cloth diapers(jeans）)","3pcs male dog diaper, reusable dog pee pants, washable cloth pet belly wrap, puppy dog underwear,pet care cloth diapers(jeans）)","3pcs male dog diaper,",0.0,1497,4 sold,1,4.0,Sanitário,Cachorro
3pcs pet activated carbon filter cotton high adsorption performance filter for cat dog kitten litter boxes toilet universal,3pcs pet activated carbon filter cotton high adsorption performance filter for cat dog kitten litter boxes toilet universal,3pcs pet activated carbon,4.5,3,124 sold,108,124.0,Sanitário,Cachorro
3pcs random color pet funny cat stick toys rod interactive bell feather stick toy for kitten cat teaser chaser wand toy supplies,3pcs random color pet funny cat stick toys rod interactive bell feather stick toy for kitten cat teaser chaser wand toy supplies,3pcs random color pet,4.6,49,500+ sold,155,500.0,Brinquedos,Gato
3pcs teaser toy cat wand rainbow ribbon cat fun stick interactive indoor healthy exercise funny cat rod pet supplies kitten toy,3pcs teaser toy cat wand rainbow ribbon cat fun stick interactive indoor healthy exercise funny cat rod pet supplies kitten toy,3pcs teaser toy cat,4.8,28,233 sold,57,233.0,Brinquedos,Gato
3pcs/2pcs pet flea remover tool kit plastic scratching hook remover pet cat dog grooming supplies tick picker pet accessories,3pcs/2pcs pet flea remover tool kit plastic scratching hook remover pet cat dog grooming supplies tick picker pet accessories,3pcs/2pcs pet flea remover,4.7,1891,700+ sold,485,700.0,Higiene,Cachorro
3pcs/set dog grooming belly strap d-rings bathing band pet supplies adjustable free size pet traction belt collar dog harness,3pcs/set dog grooming belly strap d-rings bathing band pet supplies adjustable free size pet traction belt collar dog harness,3pcs/set dog grooming belly,5.0,133,135 sold,58,135.0,Acessórios,Cachorro
3pcs/set pet flea removal tool kit plastic scratching hook remover pet cat dog grooming supplies tick removal tool tweezers clip,3pcs/set pet flea removal tool kit plastic scratching hook remover pet cat dog grooming supplies tick removal tool tweezers clip,3pcs/set pet flea removal,4.8,354,115 sold,45,115.0,Higiene,Cachorro
3pcs/set pet toothbrush purple cat silica gel brush clear up bad breath tartar teeth care dog cat cleaning mouth dogs supplies,3pcs/set pet toothbrush purple cat silica gel brush clear up bad breath tartar teeth care dog cat cleaning mouth dogs supplies,3pcs/set pet toothbrush purple,4.9,87,75 sold97 sold,526,172.0,Higiene,Cachorro
3size pet dog cartoon bloody knife dog toy plush toy for dog toys supplies for pet toy funny durable chew molar toy petssupplies,3size pet dog cartoon bloody knife dog toy plush toy for dog toys supplies for pet toy funny durable chew molar toy petssupplies,3size pet dog cartoon,0.0,298,2 sold,3,2.0,Brinquedos,Cachorro
4 in 1 pet hair removal brushes with water tank double sided dog cat grooming massage comb cleaning floating hair pet supplies,4 in 1 pet hair removal brushes with water tank double sided dog cat grooming massage comb cleaning floating hair pet supplies,4 in 1 pet,4.5,59886,474 sold,1017,474.0,Higiene,Cachorro
4 layers pet dog pee pad reusable non-slip machine washable pet puppy diaper mat breathable training pee pad new pet supplies,4 layers pet dog pee pad reusable non-slip machine washable pet puppy diaper mat breathable training pee pad new pet supplies,4 layers pet dog,4.7,2,25 sold,48,25.0,Conforto,Cachorro
4 speeds motion undercover mouse fabric moving feather interactive pet toy for cat kitty automatic electric cat toy plate,4 speeds motion undercover mouse fabric moving feather interactive pet toy for cat kitty automatic electric cat toy plate,4 speeds motion undercover,4.5,130,"1,000+ sold",2466,1000.0,Brinquedos,Gato
4 way locking cat flap door for interior exterior doors weatherproof pet doors for cats & doggie suitable for window & wall 4 w,4 way locking cat flap door for interior exterior doors weatherproof pet doors for cats & doggie suitable for window & wall 4 w,4 way locking cat,4.8,27,187 sold,136,187.0,Outros,Cachorro
"4-in-1 interactive cat toys for indoor , automatic 6 holes mice whack-a-mole, fluttering butterfly, track balls,usb rechargeable","4-in-1 interactive cat toys for indoor , automatic 6 holes mice whack-a-mole, fluttering butterfly, track balls,usb rechargeable",4-in-1 interactive cat toys,0.0,2997,0 sold,1,0.0,Brinquedos,Gato
40cm adjustable dog cat bow tie puppy pets neck tie pet supplies kitten cat dog collar strap cat dog grooming accessories 1pc,40cm adjustable dog cat bow tie puppy pets neck tie pet supplies kitten cat dog collar strap cat dog grooming accessories 1pc,40cm adjustable dog cat,4.8,1911,53 sold23 sold,1185,76.0,Acessórios,Cachorro
40cm cat bed cotton rope weaving pet nest cat claw grinding board comfortable puppy house large dog bed pet supplies,40cm cat bed cotton rope weaving pet nest cat claw grinding board comfortable puppy house large dog bed pet supplies,40cm cat bed cotton,5.0,48,35 sold,201,35.0,Conforto,Cachorro
40pcs lace dog bows for small dog hair bows rubber bands dogs hair bows for dog hair accessories pet supplies dog accessories,40pcs lace dog bows for small dog hair bows rubber bands dogs hair bows for dog hair accessories pet supplies dog accessories,40pcs lace dog bows,5.0,76,42 sold,16,42.0,Outros,Cachorro
40pcs pet accessories dog hair bows fashion cute dog bows  rubber bands pet hair collar decoration for dog accessories,40pcs pet accessories dog hair bows fashion cute dog bows  rubber bands pet hair collar decoration for dog accessories,40pcs pet accessories dog,4.7,51,233 sold,93,233.0,Acessórios,Cachorro
40pcs pet dog bowtie lace small dog cat grooming bows for dogs pets grooming accessories pet supplies for small dogs,40pcs pet dog bowtie lace small dog cat grooming bows for dogs pets grooming accessories pet supplies for small dogs,40pcs pet dog bowtie,5.0,29,29 sold,14,29.0,Higiene,Cachorro
40pcs small dog hair bows pet bows rubber bands cute pet puppy hair bows for small dog hair accessories pet supplies,40pcs small dog hair bows pet bows rubber bands cute pet puppy hair bows for small dog hair accessories pet supplies,40pcs small dog hair,4.8,79,23 sold,20,23.0,Outros,Cachorro
40roll dog poop bags outdoor home eco pet waste bag with breakpoint design pet poop clean pick up tools pet supplies accessories,40roll dog poop bags outdoor home eco pet waste bag with breakpoint design pet poop clean pick up tools pet supplies accessories,40roll dog poop bags,4.8,64,"1,000+ sold",293,1000.0,Higiene,Cachorro
40x60cm pet blanket winter warm dog blanket cute warm and comfortable cat and dog cushion blanket pet supplies,40x60cm pet blanket winter warm dog blanket cute warm and comfortable cat and dog cushion blanket pet supplies,40x60cm pet blanket winter,4.7,362,226 sold,150,226.0,Conforto,Cachorro
"42 inch stainless steel collapsible dog crates for large dogs, 4-door soft sided dog kennel for travel, portable foldable pet cr","42 inch stainless steel collapsible dog crates for large dogs, 4-door soft sided dog kennel for travel, portable foldable pet cr",42 inch stainless steel,0.0,50,0 sold,8,0.0,Outros,Cachorro
448b electric anti bark collar portable outdoor walking dogs pets artifact supplies,448b electric anti bark collar portable outdoor walking dogs pets artifact supplies,448b electric anti bark,5.0,9973,18 sold,4,18.0,Acessórios,Cachorro
"47 inch dog crate furniture, 2-in-1 large dog kennel with drawers storage, double doors heavy duty indoor tv stand","47 inch dog crate furniture, 2-in-1 large dog kennel with drawers storage, double doors heavy duty indoor tv stand",47 inch dog crate,0.0,0,0 sold,1,0.0,Outros,Cachorro
4pcs pet supplies cat teaser wand refill funny butterfly kitten teaser stick replacement refill attachment plush tassel cat toys,4pcs pet supplies cat teaser wand refill funny butterfly kitten teaser stick replacement refill attachment plush tassel cat toys,4pcs pet supplies cat,5.0,27,241 sold,296,241.0,Brinquedos,Gato
4pcs super soft pet finger toothbrush teddy dog brush bad breath tartar teeth tool dog cat cleaning pet supplies,4pcs super soft pet finger toothbrush teddy dog brush bad breath tartar teeth tool dog cat cleaning pet supplies,4pcs super soft pet,4.8,1,350 sold,301,350.0,Higiene,Cachorro
4pieces colorful sisal interactive ball cat toy pet supplies feather cat training catcher cat accessories random color toy ball,4pieces colorful sisal interactive ball cat toy pet supplies feather cat training catcher cat accessories random color toy ball,4pieces colorful sisal interactive,4.8,5,191 sold,67,191.0,Brinquedos,Gato
5 pcs toys for cats pet products eva striped rainbow ball colorful cat toy scratcher interactive pet toy cat supplies kitty ball,5 pcs toys for cats pet products eva striped rainbow ball colorful cat toy scratcher interactive pet toy cat supplies kitty ball,5 pcs toys for,4.6,30,37 sold,28,37.0,Brinquedos,Gato
5 rolls cat litter scoop pooper bags biodegradable pet dog poop bag dog pooper bags dispenser pets products for dogs litter bag,5 rolls cat litter scoop pooper bags biodegradable pet dog poop bag dog pooper bags dispenser pets products for dogs litter bag,5 rolls cat litter,4.5,10,168 sold,522,168.0,Sanitário,Cachorro
5/10/30roll dog poop bags for dog large cat waste bags doggie outdoor home clean refill garbage bag pet supplies 15 bags/ roll,5/10/30roll dog poop bags for dog large cat waste bags doggie outdoor home clean refill garbage bag pet supplies 15 bags/ roll,5/10/30roll dog poop bags,4.8,40,500+ sold,142,500.0,Higiene,Cachorro
5/7/11cm pet dog toys extra-tough rubber jump toy interactive elasticity ball dog chew toys for dog tooth cleaning treat ball,5/7/11cm pet dog toys extra-tough rubber jump toy interactive elasticity ball dog chew toys for dog tooth cleaning treat ball,5/7/11cm pet dog toys,4.7,2241,600+ sold,312,600.0,Brinquedos,Cachorro
50/100pcs adjustable cat dog bow tie lots neck tie pet dog bow puppy bows collar for kitten collar pet accessories wholesale,50/100pcs adjustable cat dog bow tie lots neck tie pet dog bow puppy bows collar for kitten collar pet accessories wholesale,50/100pcs adjustable cat dog,5.0,19865,219 sold,423,219.0,Acessórios,Cachorro
50/100pcs christmas pet dog bowties cat dog bow ties small dog collar snowman deer holiday grooming neckties bowtie pet supplies,50/100pcs christmas pet dog bowties cat dog bow ties small dog collar snowman deer holiday grooming neckties bowtie pet supplies,50/100pcs christmas pet dog,5.0,3848,51 sold,140,51.0,Acessórios,Cachorro
50/100pcs dog bow ties bulk small dog bowtie collars dog fashion bow tie pet supplies for small dogs dog accessories,50/100pcs dog bow ties bulk small dog bowtie collars dog fashion bow tie pet supplies for small dogs dog accessories,50/100pcs dog bow ties,4.0,19995,52 sold,244,52.0,Acessórios,Cachorro
50/100pcs hair bows for dogs pet dog grooming bows small dogs hair accessories for dog pet dog supplies elastic bands,50/100pcs hair bows for dogs pet dog grooming bows small dogs hair accessories for dog pet dog supplies elastic bands,50/100pcs hair bows for,5.0,19987,59 sold,85,59.0,Higiene,Cachorro
50/100pcs pet dog grooming accessories cute ball style puppy dog collar bow ties accessories pet necktie pet supplies dog bows,50/100pcs pet dog grooming accessories cute ball style puppy dog collar bow ties accessories pet necktie pet supplies dog bows,50/100pcs pet dog grooming,5.0,8972,30 sold,275,30.0,Brinquedos,Cachorro
50/100pcs pet ear cleaner cotton buds dog ear cleaner cotton swab sticks cotton buds for dog cat ear wax removal pet supplies,50/100pcs pet ear cleaner cotton buds dog ear cleaner cotton swab sticks cotton buds for dog cat ear wax removal pet supplies,50/100pcs pet ear cleaner,5.0,44,52 sold,11,52.0,Higiene,Cachorro
50/100pcs puppy dog grooming accessories bee shape style cute dog bows pet dog bow tie necktie  bowknot dog bowties supplies,50/100pcs puppy dog grooming accessories bee shape style cute dog bows pet dog bow tie necktie  bowknot dog bowties supplies,50/100pcs puppy dog grooming,5.0,1832,34 sold,56,34.0,Higiene,Cachorro
50/100pcs small dog accessories pet dog bowtie small dog bowtie pentagram style for dog puppy dog bow tie neckties pet supplies,50/100pcs small dog accessories pet dog bowtie small dog bowtie pentagram style for dog puppy dog bow tie neckties pet supplies,50/100pcs small dog accessories,5.0,19933,41 sold,35,41.0,Outros,Cachorro
50/100pcs stripes large dog neckties mix style large ties for big pet dogs ties grooming bow ties dog supplies,50/100pcs stripes large dog neckties mix style large ties for big pet dogs ties grooming bow ties dog supplies,50/100pcs stripes large dog,5.0,19990,32 sold,97,32.0,Higiene,Cachorro
500ml clear plastic bottle fittings for pet puppy kitten automatic refill bowl bottle replacement pet supplies feeder accesorios,500ml clear plastic bottle fittings for pet puppy kitten automatic refill bowl bottle replacement pet supplies feeder accesorios,500ml clear plastic bottle,4.7,27,129 sold,178,129.0,Alimentação,Cachorro
500ml portable dog water bottle outdoor travel drinking pet drinking bottle for small medium dogs puppy cat feeder pet supplies,500ml portable dog water bottle outdoor travel drinking pet drinking bottle for small medium dogs puppy cat feeder pet supplies,500ml portable dog water,0.0,8,5 sold,1,5.0,Alimentação,Cachorro
50pcs christmas pet dog cat bow ties adjustable dog ties pet holiday bow tie collar pet grooming supplies for small dogs,50pcs christmas pet dog cat bow ties adjustable dog ties pet holiday bow tie collar pet grooming supplies for small dogs,50pcs christmas pet dog,5.0,900,23 sold,27,23.0,Acessórios,Cachorro
50pcs fashion cute dog bowties for small dog cat bowknot bow ties collar dogs grooming accessories pet supplies for small dogs,50pcs fashion cute dog bowties for small dog cat bowknot bow ties collar dogs grooming accessories pet supplies for small dogs,50pcs fashion cute dog,5.0,20,44 sold,61,44.0,Acessórios,Cachorro
50pcs wooden id tags blank anti-lost wood customized cat id collar pet name dog tag puppy nameplate tag pendant supplies,50pcs wooden id tags blank anti-lost wood customized cat id collar pet name dog tag puppy nameplate tag pendant supplies,50pcs wooden id tags,4.7,3954,34 sold,79,34.0,Acessórios,Cachorro
50pcs/bag dog urine absorbing paper pet absorbent paper pet diaper urine pad quick dry wipe urine absorbent paper pet supplies,50pcs/bag dog urine absorbing paper pet absorbent paper pet diaper urine pad quick dry wipe urine absorbent paper pet supplies,50pcs/bag dog urine absorbing,0.0,2,7 sold,4,7.0,Sanitário,Cachorro
51-inch cat tree pet house with hammock scratching post tower,51-inch cat tree pet house with hammock scratching post tower,51-inch cat tree pet,0.0,6,9 sold,42,9.0,Outros,Gato
54-inch cat tree sleeping house with double condos fur ball round platform ladder home,54-inch cat tree sleeping house with double condos fur ball round platform ladder home,54-inch cat tree sleeping,0.0,10,1 sold,67,1.0,Brinquedos,Gato
550ml folding pet outdoor walking mug portable travel water bottle puppy cats dogs drinking water dispenser cup supplies,550ml folding pet outdoor walking mug portable travel water bottle puppy cats dogs drinking water dispenser cup supplies,550ml folding pet outdoor,4.9,89,340 sold,732,340.0,Outros,Cachorro
550ml portable dog water bottle outdoor walking travel foldable leakproof drinking bowl for small medium big dogs pet supplies,550ml portable dog water bottle outdoor walking travel foldable leakproof drinking bowl for small medium big dogs pet supplies,550ml portable dog water,5.0,60,11 sold,13,11.0,Alimentação,Cachorro
5cm pet dog toy interactive rubber balls for small large dogs puppy cat chewing toys pet tooth cleaning indestructible dog  ball,5cm pet dog toy interactive rubber balls for small large dogs puppy cat chewing toys pet tooth cleaning indestructible dog  ball,5cm pet dog toy,4.4,122,800+ sold,210,800.0,Brinquedos,Cachorro
"5pcs 1ml,3ml,5ml,10ml,20ml,2.5ml,30ml,50ml sterile pet feeding disposable syringe or hydroponics lab medical tool nutrient","5pcs 1ml,3ml,5ml,10ml,20ml,2.5ml,30ml,50ml sterile pet feeding disposable syringe or hydroponics lab medical tool nutrient","5pcs 1ml,3ml,5ml,10ml,20ml,2.5ml,30ml,50ml sterile pet",5.0,3962,32 sold,1175,32.0,Outros,Outros
5pcs funny cat tickling stick plush worms teaser string with bells replacement catcher kitten play interactive toy pet supplies,5pcs funny cat tickling stick plush worms teaser string with bells replacement catcher kitten play interactive toy pet supplies,5pcs funny cat tickling,5.0,9,37 sold,11,37.0,Brinquedos,Gato
5pcs funny kitten cat teaser interactive toy rod with bell and feather toys for pet cats stick wire chaser wand toy random color,5pcs funny kitten cat teaser interactive toy rod with bell and feather toys for pet cats stick wire chaser wand toy random color,5pcs funny kitten cat,4.9,187,176 sold,102,176.0,Brinquedos,Gato
5pcs plush catmint simulation mouse interactive cat pet catnip teasing interactive toy for kitten gifts supplies by random color,5pcs plush catmint simulation mouse interactive cat pet catnip teasing interactive toy for kitten gifts supplies by random color,5pcs plush catmint simulation,4.7,3116,"1,000+ sold",1005,1000.0,Brinquedos,Gato
5pcs/lot cute dog hairpin colorful bone shape hairpin pet small dogs hair clips for chihuahua pug grooming dog accessories,5pcs/lot cute dog hairpin colorful bone shape hairpin pet small dogs hair clips for chihuahua pug grooming dog accessories,5pcs/lot cute dog hairpin,4.7,1344,500+ sold,305,500.0,Higiene,Cachorro
6 rolls 90pcs dog poop bag pet supply litter bag printing cat dog poop biodegradable bag outdoor home clean refill garbage bag,6 rolls 90pcs dog poop bag pet supply litter bag printing cat dog poop biodegradable bag outdoor home clean refill garbage bag,6 rolls 90pcs dog,4.5,487,13 sold,9,13.0,Higiene,Cachorro
6 size pet dog cat bowls stainless steel feeding feeder water bowl for pet dog cats puppy outdoor food dish xs/s/m/l/xl/xxl,6 size pet dog cat bowls stainless steel feeding feeder water bowl for pet dog cats puppy outdoor food dish xs/s/m/l/xl/xxl,6 size pet dog,4.7,257,600+ sold,553,600.0,Alimentação,Cachorro
6 sticks natural cat mint sticks cat catnip chews toys pet molar sticks kittens cleaning teeth bite-resistant toys pet products,6 sticks natural cat mint sticks cat catnip chews toys pet molar sticks kittens cleaning teeth bite-resistant toys pet products,6 sticks natural cat,4.7,30,349 sold,114,349.0,Brinquedos,Gato
600pcs dog poop bags pet poop bags disposable dog waste bags bulk poop bags leak-proof dog waste bags for pet supplies,600pcs dog poop bags pet poop bags disposable dog waste bags bulk poop bags leak-proof dog waste bags for pet supplies,600pcs dog poop bags,5.0,1730,19 sold,1,19.0,Outros,Cachorro
6pcs 8pcs activated carbon filters for catit automatic 15cm pet drinking fountain filter dog water drinking fountain pet filter,6pcs 8pcs activated carbon filters for catit automatic 15cm pet drinking fountain filter dog water drinking fountain pet filter,6pcs 8pcs activated carbon,4.9,19,53 sold,133,53.0,Conforto,Cachorro
6pcs dog toys squeaker latex bouncy ball squeaky rubber dog toy for my dog small dogs interactive pet supplies dog accessories,6pcs dog toys squeaker latex bouncy ball squeaky rubber dog toy for my dog small dogs interactive pet supplies dog accessories,6pcs dog toys squeaker,4.8,20,262 sold,196,262.0,Brinquedos,Cachorro
6pcs natural matatabi cat stick mint caught bite excited rods silvervine for cat teeth cleaning treating pet supply cat toys,6pcs natural matatabi cat stick mint caught bite excited rods silvervine for cat teeth cleaning treating pet supply cat toys,6pcs natural matatabi cat,0.0,3995,8 sold,7,8.0,Brinquedos,Gato
6pcs/set dog bowtie puppy bow grooming bowtie plaid love heart pet necklace puppy bowtie dog accessories for small dogs supplies,6pcs/set dog bowtie puppy bow grooming bowtie plaid love heart pet necklace puppy bowtie dog accessories for small dogs supplies,6pcs/set dog bowtie puppy,5.0,243,20 sold,82,20.0,Higiene,Cachorro
7 colors silicone flying saucer funny dog cat toy dog game flying discs resistant chew puppy training interactive pet supplies,7 colors silicone flying saucer funny dog cat toy dog game flying discs resistant chew puppy training interactive pet supplies,7 colors silicone flying,4.5,492,153 sold,32,153.0,Brinquedos,Cachorro
"7.5 x 7.5 x 5.6 foot outdoor dog house with roof and bowl,large dog house fence with side rails, heavy-duty chain link dog house","7.5 x 7.5 x 5.6 foot outdoor dog house with roof and bowl,large dog house fence with side rails, heavy-duty chain link dog house",7.5 x 7.5 x,5.0,18,8 sold,35,8.0,Alimentação,Cachorro
7/8/9.5inch dog tennis ball giant pet toys for dog chewing toy signature mega jumbo kids ball training supplies dropship plush,7/8/9.5inch dog tennis ball giant pet toys for dog chewing toy signature mega jumbo kids ball training supplies dropship plush,7/8/9.5inch dog tennis ball,4.6,401,"2,000+ sold",4954,2000.0,Brinquedos,Cachorro
8 speed color-changing luminescent led fiber cross strap usb pet mesh chest strap for going out,8 speed color-changing luminescent led fiber cross strap usb pet mesh chest strap for going out,8 speed color-changing luminescent,4.3,90,45 sold,74,45.0,Outros,Outros
"8-piece dog brush grooming set, pet self-cleaning set, with pet nail clippers and files, flea comb, pet shampoo bath brush, pet","8-piece dog brush grooming set, pet self-cleaning set, with pet nail clippers and files, flea comb, pet shampoo bath brush, pet",8-piece dog brush grooming,4.9,160,900+ sold,3171,900.0,Higiene,Cachorro
8/15/30pcs catnip mouse simulation plush pet chew toy funny in teractive cat toys,8/15/30pcs catnip mouse simulation plush pet chew toy funny in teractive cat toys,8/15/30pcs catnip mouse simulation,4.6,174,314 sold,134,314.0,Brinquedos,Gato
800m electric dog training collar remote control rechargeable dog bark collar waterproof anti barking device for all size dog,800m electric dog training collar remote control rechargeable dog bark collar waterproof anti barking device for all size dog,800m electric dog training,0.0,397,7 sold,50,7.0,Acessórios,Cachorro
800ml portable dog water bottle for big dogs pet outdoor travel hiking walking foldable drinking bowl golden retriever supplies,800ml portable dog water bottle for big dogs pet outdoor travel hiking walking foldable drinking bowl golden retriever supplies,800ml portable dog water,4.3,53,31 sold,27,31.0,Alimentação,Cachorro
800ml portable dog water bottle for small medium big dogs outdoor travel drinking bowl puppy cat feeder pet labrador accessories,800ml portable dog water bottle for small medium big dogs outdoor travel drinking bowl puppy cat feeder pet labrador accessories,800ml portable dog water,4.8,356,"2,000+ sold",4623,2000.0,Alimentação,Cachorro
8colours pet heart glasses pet fashion sunglasses pet grooming for pet dogs cat yorkie teddy chihuahua hair decor pet supplies,8colours pet heart glasses pet fashion sunglasses pet grooming for pet dogs cat yorkie teddy chihuahua hair decor pet supplies,8colours pet heart glasses,4.7,379,156 sold,201,156.0,Higiene,Cachorro
99 shapes splicing cat tunnel felt pom nest deformable kitten toy collapsible tube house diy interactive pet pusscat beds mats,99 shapes splicing cat tunnel felt pom nest deformable kitten toy collapsible tube house diy interactive pet pusscat beds mats,99 shapes splicing cat,4.9,97664,216 sold,792,216.0,Brinquedos,Gato
9pcs dog bite rope teeth grinding ball dog chew toy bite resistant rope knot teeth grinding cleaning pet training supplies,9pcs dog bite rope teeth grinding ball dog chew toy bite resistant rope knot teeth grinding cleaning pet training supplies,9pcs dog bite rope,4.9,24,327 sold,293,327.0,Brinquedos,Cachorro
"a mini cartoon cow plush toy for pet grinding teeth cleaning teeth play plush toy, there is no sound inside, suitable for pets t","a mini cartoon cow plush toy for pet grinding teeth cleaning teeth play plush toy, there is no sound inside, suitable for pets t",a mini cartoon cow,5.0,82,16 sold,14,16.0,Brinquedos,Outros
a plastic solid color bone pet dog slow food bowl for indoor use,a plastic solid color bone pet dog slow food bowl for indoor use,a plastic solid color,4.9,326,59 sold,16,59.0,Alimentação,Cachorro
abs plastic dog collar chain diamond inlay sparkle bulldog necklace cat collars pet accessories small medium large dogs golden,abs plastic dog collar chain diamond inlay sparkle bulldog necklace cat collars pet accessories small medium large dogs golden,abs plastic dog collar,4.4,159,"1,000+ sold",3023,1000.0,Acessórios,Cachorro
abs plastic with 4 way lock security flap door small pet supplies cat puppy safety gate for dog cat kitten dog cat flap door,abs plastic with 4 way lock security flap door small pet supplies cat puppy safety gate for dog cat kitten dog cat flap door,abs plastic with 4,4.9,146,700+ sold,567,700.0,Outros,Cachorro
abstract fantasy print pet poop bag holder dispenser without leash and poop bag can attached any dog leads,abstract fantasy print pet poop bag holder dispenser without leash and poop bag can attached any dog leads,abstract fantasy print pet,4.8,119,345 sold,150,345.0,Acessórios,Cachorro
adjustable dog bandana leather printed soft collar for dog pet supplies cat scarf collar for chihuahua puppy pet neckerchief,adjustable dog bandana leather printed soft collar for dog pet supplies cat scarf collar for chihuahua puppy pet neckerchief,adjustable dog bandana leather,4.1,141,88 sold,4661,88.0,Acessórios,Cachorro
adjustable dog car seat belt pet harness lead safety dog collar with nylon fabric tether for car travel supplies dog accessories,adjustable dog car seat belt pet harness lead safety dog collar with nylon fabric tether for car travel supplies dog accessories,adjustable dog car seat,4.7,586,14 sold,3,14.0,Acessórios,Cachorro
adjustable dog y harness breathable reflective puppy harness leash for small medium large dog chihuahua vest labrador pet suppli,adjustable dog y harness breathable reflective puppy harness leash for small medium large dog chihuahua vest labrador pet suppli,adjustable dog y harness,4.8,2381,600+ sold,773,600.0,Acessórios,Cachorro
adjustable grooming ring seatless hanging bracket dog harness for nail trimming handy sling pet holding rope pet supplies,adjustable grooming ring seatless hanging bracket dog harness for nail trimming handy sling pet holding rope pet supplies,adjustable grooming ring seatless,5.0,60,55 sold,46,55.0,Acessórios,Cachorro
adjustable harness dog reflective safety training walking chest vest leads collar for french bulldog pets dogs accessories,adjustable harness dog reflective safety training walking chest vest leads collar for french bulldog pets dogs accessories,adjustable harness dog reflective,2.4,157910,"1,000+ sold7 sold",1795,1007.0,Acessórios,Cachorro
adjustable leather pet dog collar neck strap supplies pu leather punk rivet spiked dog collar pet collars for small dog cat,adjustable leather pet dog collar neck strap supplies pu leather punk rivet spiked dog collar pet collars for small dog cat,adjustable leather pet dog,4.9,4797,28 sold24 sold,52,52.0,Acessórios,Cachorro
adjustable nylon dog collar durable basic dog collar for small large dogs french bulldog safety walking training pet supplies,adjustable nylon dog collar durable basic dog collar for small large dogs french bulldog safety walking training pet supplies,adjustable nylon dog collar,4.9,236,62 sold,26,62.0,Acessórios,Cachorro
adjustable pet cat dog car seat  belt pet seat vehicle dog harness lead clip safety lever traction dog collars dog accessoires,adjustable pet cat dog car seat  belt pet seat vehicle dog harness lead clip safety lever traction dog collars dog accessoires,adjustable pet cat dog,4.8,32808,"5,000+ sold",37683,5000.0,Acessórios,Cachorro
adjustable pet collar cute macron flower bow style cat necklace princess gift for puppy cat pet supplies dog collar,adjustable pet collar cute macron flower bow style cat necklace princess gift for puppy cat pet supplies dog collar,adjustable pet collar cute,0.0,7037,8 sold,7,8.0,Acessórios,Cachorro
adjustable pet collar nylon reflective mesh lined anti-suffocation p chain dog chain dog collar for medium & large dogs training,adjustable pet collar nylon reflective mesh lined anti-suffocation p chain dog chain dog collar for medium & large dogs training,adjustable pet collar nylon,4.9,177,79 sold,112,79.0,Acessórios,Cachorro
adjustable pet collars nylon puppy kitten collar strong and durable neck band suitable for small and medium dogs and cats,adjustable pet collars nylon puppy kitten collar strong and durable neck band suitable for small and medium dogs and cats,adjustable pet collars nylon,4.4,1531,700+ sold,192,700.0,Acessórios,Cachorro
adjustable pet nylon collar durable dog neck band comfortable kitten dog necklace solid colorful pet dog supplies accessories,adjustable pet nylon collar durable dog neck band comfortable kitten dog necklace solid colorful pet dog supplies accessories,adjustable pet nylon collar,4.9,110,111 sold,46,111.0,Acessórios,Cachorro
adjustable pet vest-style chest saddle bag cartoon rope traction dog travel supplies backpack harness set,adjustable pet vest-style chest saddle bag cartoon rope traction dog travel supplies backpack harness set,adjustable pet vest-style chest,4.5,73,21 sold,28,21.0,Acessórios,Cachorro
adjustable retractable car pet dog leash seat belt nylon reflective safety cushioning elastic for dog accessories supplies,adjustable retractable car pet dog leash seat belt nylon reflective safety cushioning elastic for dog accessories supplies,adjustable retractable car pet,0.0,9,5 sold,5,5.0,Acessórios,Cachorro
adjustable silicone dog muzzle mask mouth cover anti barking anti bite breathable pet mouth muzzle small large dog pet supplies,adjustable silicone dog muzzle mask mouth cover anti barking anti bite breathable pet mouth muzzle small large dog pet supplies,adjustable silicone dog muzzle,4.5,644,14 sold,6,14.0,Outros,Cachorro
adjustable width cat door holder latch fish shaped design fast flex latch strap door stopper pet supplies,adjustable width cat door holder latch fish shaped design fast flex latch strap door stopper pet supplies,adjustable width cat door,4.8,30,193 sold,93,193.0,Outros,Gato
affordable comfort dog cat pu leather collar adjustable pet accessories for small dogs puppy mascotas supplies collier chien,affordable comfort dog cat pu leather collar adjustable pet accessories for small dogs puppy mascotas supplies collier chien,affordable comfort dog cat,4.85,46924,262 sold81 sold,1286,343.0,Acessórios,Cachorro
all seasons available nest tent yurt shape cat kennel dog kennel pet,all seasons available nest tent yurt shape cat kennel dog kennel pet,all seasons available nest,4.6,11836,113 sold,129,113.0,Outros,Cachorro
animal hair brush dog grooming brush pet hair remover for matted long and short curly haired cats pet supplies dog accessories,animal hair brush dog grooming brush pet hair remover for matted long and short curly haired cats pet supplies dog accessories,animal hair brush dog,5.0,32,24 sold,184,24.0,Conforto,Cachorro
"animals design durable dog chew toys pigs, cows, chickens, tough squeaky dog grinding teeth toys,pet latex to clean teeth toys","animals design durable dog chew toys pigs, cows, chickens, tough squeaky dog grinding teeth toys,pet latex to clean teeth toys",animals design durable dog,1.0,59,8 sold,3,8.0,Brinquedos,Cachorro
anti-escape dog harness with handle reflective nylon dog harness vest for small medium dogs french bulldog walking pet supplies,anti-escape dog harness with handle reflective nylon dog harness vest for small medium dogs french bulldog walking pet supplies,anti-escape dog harness with,4.7,284,900+ sold,1414,900.0,Acessórios,Cachorro
anti-suffocation bowl pet slow food bowl slow food plastic puppy cat bowl anti-swallowing tray healthy feeding food supply,anti-suffocation bowl pet slow food bowl slow food plastic puppy cat bowl anti-swallowing tray healthy feeding food supply,anti-suffocation bowl pet slow,4.7,32,26 sold,11,26.0,Alimentação,Cachorro
apron bear style pet dog toy plush toy dog supplies suitable for all small dogs pet toys fun durable chewing teeth,apron bear style pet dog toy plush toy dog supplies suitable for all small dogs pet toys fun durable chewing teeth,apron bear style pet,5.0,137,50 sold,33,50.0,Brinquedos,Cachorro
automatic feeder cat food water drinker dog bowl pet double bowl solid color simple style cat bowl supplies pet accessories,automatic feeder cat food water drinker dog bowl pet double bowl solid color simple style cat bowl supplies pet accessories,automatic feeder cat food,5.0,29,43 sold,59,43.0,Alimentação,Cachorro
automatic pet feeder cat drinking bowl cat bowl large capacity dog bowl 3.8l combination food storage bucket pet supplies,automatic pet feeder cat drinking bowl cat bowl large capacity dog bowl 3.8l combination food storage bucket pet supplies,automatic pet feeder cat,4.6,5940,42 sold,33,42.0,Alimentação,Cachorro
automatic pet feeder with active rfid technology prevents food stealing perfect for prescription diets schedules meals,automatic pet feeder with active rfid technology prevents food stealing perfect for prescription diets schedules meals,automatic pet feeder with,0.0,10,0 sold,1,0.0,Alimentação,Outros
automatic pet water fountain transparent usb power cat water dispenser 1500ml for indoor dog and cat water feeding supplies,automatic pet water fountain transparent usb power cat water dispenser 1500ml for indoor dog and cat water feeding supplies,automatic pet water fountain,0.0,1310,16 sold,61,16.0,Conforto,Cachorro
automatic retractable dog rope nylon leash pet cat walking running for small medium dogs  perfect for outdoor,automatic retractable dog rope nylon leash pet cat walking running for small medium dogs  perfect for outdoor,automatic retractable dog rope,4.6,212,38 sold,7,38.0,Acessórios,Cachorro
autumn and winter warm excellent home imitation linen fabric square cat kennel creative pet kennel kennel,autumn and winter warm excellent home imitation linen fabric square cat kennel creative pet kennel kennel,autumn and winter warm,0.0,1,0 sold,3,0.0,Outros,Gato
avocado style squeaky plush toys suitable for all puppies and pets sound toys fun and durable teeth grinding,avocado style squeaky plush toys suitable for all puppies and pets sound toys fun and durable teeth grinding,avocado style squeaky plush,4.8,66,346 sold,147,346.0,Brinquedos,Outros
banana cat bed house funny cute cozy cat mat beds warm durable portable pet basket kennel dog cushion cat supplies multicolor,banana cat bed house funny cute cozy cat mat beds warm durable portable pet basket kennel dog cushion cat supplies multicolor,banana cat bed house,3.9,246,29 sold,37,29.0,Conforto,Cachorro
barking stopper dog trainer pet supplies electric shock collar neck ring dog training waterproof,barking stopper dog trainer pet supplies electric shock collar neck ring dog training waterproof,barking stopper dog trainer,5.0,3972,29 sold,9,29.0,Acessórios,Cachorro
bathroom  puppy big dog cat bath massage gloves brush soft safety silicone pet accessories for dogs cats tools,bathroom  puppy big dog cat bath massage gloves brush soft safety silicone pet accessories for dogs cats tools,bathroom puppy big dog,5.0,17995,5 sold,3,5.0,Higiene,Cachorro
bathroom  puppy big dog cat bath massage gloves brush soft safety silicone pet accessories for dogs cats tools mascotas products,bathroom  puppy big dog cat bath massage gloves brush soft safety silicone pet accessories for dogs cats tools mascotas products,bathroom puppy big dog,4.8,1332,"10,000+ sold",14203,10000.0,Higiene,Cachorro
bathroom dog bath brush massage gloves soft safety silicone comb with shampoo box pet accessories for cats shower grooming tool,bathroom dog bath brush massage gloves soft safety silicone comb with shampoo box pet accessories for cats shower grooming tool,bathroom dog bath brush,4.8,106,600+ sold,4534,600.0,Higiene,Cachorro
bathroom dog bath brush massage gloves soft safety silicone comb with shampoo box pet dog brush grooming supplies,bathroom dog bath brush massage gloves soft safety silicone comb with shampoo box pet dog brush grooming supplies,bathroom dog bath brush,4.0,29,75 sold,63,75.0,Higiene,Cachorro
bathroom dog cats bath brush massage gloves soft rubber comb pet accessories for cats shower cleaning tools suppliers,bathroom dog cats bath brush massage gloves soft rubber comb pet accessories for cats shower cleaning tools suppliers,bathroom dog cats bath,2.35,12,600+ sold15 sold,545,615.0,Higiene,Cachorro
bathroom puppy  dog cat bath washing massage gloves brush soft  silicone pet accessories for dogs cats tools mascotas products,bathroom puppy  dog cat bath washing massage gloves brush soft  silicone pet accessories for dogs cats tools mascotas products,bathroom puppy dog cat,4.7,268,220 sold,375,220.0,Higiene,Cachorro
bathroom puppy big dog cat bath massage gloves brush soft safety silicone pet accessories dog cat cleaning grooming supplie,bathroom puppy big dog cat bath massage gloves brush soft safety silicone pet accessories dog cat cleaning grooming supplie,bathroom puppy big dog,4.5,146,63 sold,21,63.0,Higiene,Cachorro
bathroom puppy big dog cat bath massage gloves brush soft safety silicone pet accessories for dogs cats tools,bathroom puppy big dog cat bath massage gloves brush soft safety silicone pet accessories for dogs cats tools,bathroom puppy big dog,4.8,282,410 sold,182,410.0,Higiene,Cachorro
bathroom puppy big dog cat bath massage gloves brush soft safety silicone pet accessories for dogs cats tools mascotas products,bathroom puppy big dog cat bath massage gloves brush soft safety silicone pet accessories for dogs cats tools mascotas products,bathroom puppy big dog,4.7,1589,"3,000+ sold78 sold500+ sold",3037,3578.0,Higiene,Cachorro
bathroom puppy cat washing massage dispenser grooming shower brush soft silicone dog brush pet shampoo massager bath brush,bathroom puppy cat washing massage dispenser grooming shower brush soft silicone dog brush pet shampoo massager bath brush,bathroom puppy cat washing,5.0,2997,3 sold,0,3.0,Higiene,Cachorro
bathroom puppy dog cat bath massage gloves brush soft safety silicone pet accessories for dogs cats dog comb tools,bathroom puppy dog cat bath massage gloves brush soft safety silicone pet accessories for dogs cats dog comb tools,bathroom puppy dog cat,4.7,1299,298 sold,245,298.0,Higiene,Cachorro
bathroom puppy dog cat bath massage gloves brush soft safety silicone pet accessories for dogs cats tools mascotas products,bathroom puppy dog cat bath massage gloves brush soft safety silicone pet accessories for dogs cats tools mascotas products,bathroom puppy dog cat,4.7,40115,"3,000+ sold",3047,3000.0,Higiene,Cachorro
bathroom puppycat washing massage dispenser grooming shower brush soft silicone dog brush pet shampoo massager bath brush,bathroom puppycat washing massage dispenser grooming shower brush soft silicone dog brush pet shampoo massager bath brush,bathroom puppycat washing massage,4.8,485,"1,000+ sold1 sold",12979,1001.0,Higiene,Cachorro
bed for dog cat pet kennel medium dog sofa bed cushion pet calming dog bed house pet supplies accessories four seasons universal,bed for dog cat pet kennel medium dog sofa bed cushion pet calming dog bed house pet supplies accessories four seasons universal,bed for dog cat,4.2,5300,108 sold,341,108.0,Conforto,Cachorro
bed for dog cat pet square plush kennel medium small dog sofa bed cushion pet calming dog bed house pet supplies accessories,bed for dog cat pet square plush kennel medium small dog sofa bed cushion pet calming dog bed house pet supplies accessories,bed for dog cat,4.300000000000001,50552,"1,000+ sold85 sold",1904,1085.0,Brinquedos,Cachorro
behogar novelty stretchable design pet dog cat training clicker agility clickers bird whistle commander supply accessory,behogar novelty stretchable design pet dog cat training clicker agility clickers bird whistle commander supply accessory,behogar novelty stretchable design,4.7,3718,127 sold,891,127.0,Outros,Cachorro
benepaw durable double dog leash coupler reflective strong dual pet leash lead 360° no tangle for  small medium large dogs,benepaw durable double dog leash coupler reflective strong dual pet leash lead 360° no tangle for  small medium large dogs,benepaw durable double dog,4.7,7167,64 sold,632,64.0,Acessórios,Cachorro
benepaw strong hands free double dog leash reflective comfortable no tangle padded handle dual pet lead for medium large dogs,benepaw strong hands free double dog leash reflective comfortable no tangle padded handle dual pet lead for medium large dogs,benepaw strong hands free,4.8,906,102 sold,331,102.0,Acessórios,Cachorro
best pet dog toy balls squeak puppy toys interesting tennis football tooth cleaning cotton filling toys for dogs pet supplies,best pet dog toy balls squeak puppy toys interesting tennis football tooth cleaning cotton filling toys for dogs pet supplies,best pet dog toy,4.8,121,35 sold,21,35.0,Brinquedos,Cachorro
big bed pet sleeping bes large dogs accessories pet items pet medium waterproof cushion mat supplies kennel products home garden,big bed pet sleeping bes large dogs accessories pet items pet medium waterproof cushion mat supplies kennel products home garden,big bed pet sleeping,4.4,204,261 sold283 sold,1924,544.0,Conforto,Cachorro
big dog mat corduroy pad for medium large dogs oversize pet sleeping bed big thicken dog sofa removable washable pet supplies,big dog mat corduroy pad for medium large dogs oversize pet sleeping bed big thicken dog sofa removable washable pet supplies,big dog mat corduroy,4.0,11533,20 sold292 sold,5353,312.0,Conforto,Cachorro
"big dog nest winter warm dog house removable and washable dog bed seasonal large dog house type pet sleeping supplies, cat nest","big dog nest winter warm dog house removable and washable dog bed seasonal large dog house type pet sleeping supplies, cat nest",big dog nest winter,4.2,34,296 sold,423,296.0,Conforto,Cachorro
biodegradable eco friendly compostable dog poop bag pet shit bag clip silicone poop bag holder dispenser,biodegradable eco friendly compostable dog poop bag pet shit bag clip silicone poop bag holder dispenser,biodegradable eco friendly compostable,4.8,47,111 sold,119,111.0,Outros,Cachorro
biodegradable pet supplies dog poop bags for waste refuse cleanup (15 bag/ roll)puppy cat pooper scooper bag rolls outdoor clean,biodegradable pet supplies dog poop bags for waste refuse cleanup (15 bag/ roll)puppy cat pooper scooper bag rolls outdoor clean,biodegradable pet supplies dog,4.8,8914,500+ sold,121,500.0,Higiene,Cachorro
biodegradable pet waste bags thickened portable printed dog poop bags eco-friendly outdoor pet poop pickup bags with organizer,biodegradable pet waste bags thickened portable printed dog poop bags eco-friendly outdoor pet poop pickup bags with organizer,biodegradable pet waste bags,5.0,208,24 sold,4,24.0,Outros,Cachorro
biodegradable poop bags for dogs leak-proof doggie poop bags with dispenser doggy poop bags extra thick for pet outdoor supplies,biodegradable poop bags for dogs leak-proof doggie poop bags with dispenser doggy poop bags extra thick for pet outdoor supplies,biodegradable poop bags for,0.0,3,0 sold,0,0.0,Outros,Cachorro
"bite resistant sound snack dog toy molar stick, molar stick squeak toy simulation food caterpillar toy, wear resistant to bite","bite resistant sound snack dog toy molar stick, molar stick squeak toy simulation food caterpillar toy, wear resistant to bite",bite resistant sound snack,0.0,149,1 sold,0,1.0,Brinquedos,Cachorro
bite-resistant pet dog toy rubber ball beef-flavored elastic ball to prevent dog from destroying things dog training supply,bite-resistant pet dog toy rubber ball beef-flavored elastic ball to prevent dog from destroying things dog training supply,bite-resistant pet dog toy,5.0,65,26 sold,14,26.0,Brinquedos,Cachorro
biting dog toy tpr milk scented foaming star molar teeth cleaning pet supplies dog teethers rubber dog dog teeth cleaning toy,biting dog toy tpr milk scented foaming star molar teeth cleaning pet supplies dog teethers rubber dog dog teeth cleaning toy,biting dog toy tpr,5.0,990,76 sold,20,76.0,Brinquedos,Cachorro
bling rhinestone pu leather crystal diamond puppy collar pet dog collars pets supplies dog accessories,bling rhinestone pu leather crystal diamond puppy collar pet dog collars pets supplies dog accessories,bling rhinestone pu leather,4.5,19883,129 sold,1054,129.0,Acessórios,Cachorro
bone dog id tag pet collar pendant personalized engraved dog face name for cat puppy keyring charm necklace accessories gender,bone dog id tag pet collar pendant personalized engraved dog face name for cat puppy keyring charm necklace accessories gender,bone dog id tag,4.8,5115,"1,000+ sold",1264,1000.0,Acessórios,Cachorro
bone leather durable pet dog collar pet supplies accessories neck strap collar for dog puppy pug collars for small large dogs,bone leather durable pet dog collar pet supplies accessories neck strap collar for dog puppy pug collars for small large dogs,bone leather durable pet,4.8,50,412 sold,5712,412.0,Acessórios,Cachorro
bonve comb brush pet hair remover combs for short to medium-length hair dogs cats supplies grooming and care deshedding tool,bonve comb brush pet hair remover combs for short to medium-length hair dogs cats supplies grooming and care deshedding tool,bonve comb brush pet,4.6,200,69 sold,32,69.0,Higiene,Cachorro
breathable dog harness and leash set daisy pattern harness dog no pull for small medium dogs cat harness comfort pet supplies,breathable dog harness and leash set daisy pattern harness dog no pull for small medium dogs cat harness comfort pet supplies,breathable dog harness and,4.0,20,21 sold,90,21.0,Acessórios,Cachorro
breathable dog harness for small medium dogs cats reflective adjustable no pull mesh nylon puppy harnesses yorkies pet supplies,breathable dog harness for small medium dogs cats reflective adjustable no pull mesh nylon puppy harnesses yorkies pet supplies,breathable dog harness for,0.0,188,11 sold,7,11.0,Acessórios,Cachorro
breathable fabric mesh dog leash soft comfortable pet harness puppy cat vest collar pet supplies for chihuahua pug bulldog,breathable fabric mesh dog leash soft comfortable pet harness puppy cat vest collar pet supplies for chihuahua pug bulldog,breathable fabric mesh dog,2.3,571,"8 sold2,000+ sold",558,2008.0,Acessórios,Cachorro
caramel corduroy dog collar and leash set for dogs custom engraved nameplate pet supplies dog leash corduroy01,caramel corduroy dog collar and leash set for dogs custom engraved nameplate pet supplies dog leash corduroy01,caramel corduroy dog collar,4.9,27437,48 sold,107,48.0,Acessórios,Cachorro
"carlson maxi extra tall pet gate, expands 51-58 inches wide","carlson maxi extra tall pet gate, expands 51-58 inches wide",carlson maxi extra tall,0.0,30,0 sold,0,0.0,Outros,Outros
cartoon pet cat toy stick feather rod mouse toy with mini bell cat catcher teaser interactive cat toy random color pet supplies,cartoon pet cat toy stick feather rod mouse toy with mini bell cat catcher teaser interactive cat toy random color pet supplies,cartoon pet cat toy,4.7,2395,"1,000+ sold",659,1000.0,Brinquedos,Gato
case for airtags protective holder for airtags anti lost leather loop clip cover for dog cat collar pets  accessories,case for airtags protective holder for airtags anti lost leather loop clip cover for dog cat collar pets  accessories,case for airtags protective,5.0,18,78 sold,392,78.0,Acessórios,Cachorro
cat & dog grooming comb with electric spray water spray soft silicone depilation brush kitten pet bath brush grooming supplies,cat & dog grooming comb with electric spray water spray soft silicone depilation brush kitten pet bath brush grooming supplies,cat & dog grooming,4.8,263,350 sold,138,350.0,Higiene,Cachorro
cat /dog bed foldable pet sleepping bed removable and washable cat house kennel for dog house indoor cat nest,cat /dog bed foldable pet sleepping bed removable and washable cat house kennel for dog house indoor cat nest,cat /dog bed foldable,4.5,810,"5,000+ sold",14529,5000.0,Conforto,Cachorro
cat accessories double-layer  non-slip big cat litter mat pet litter box filter matwear resistant  cat litter mat  free shipping,cat accessories double-layer  non-slip big cat litter mat pet litter box filter matwear resistant  cat litter mat  free shipping,cat accessories double-layer non-slip,4.7,237492,"3,000+ sold",31849,3000.0,Conforto,Gato
cat and dog feeder pet water dispenser cat food bowl large capacity feeder water dispenser pet supplies,cat and dog feeder pet water dispenser cat food bowl large capacity feeder water dispenser pet supplies,cat and dog feeder,5.0,7819,140 sold,191,140.0,Alimentação,Cachorro
cat anti-bite breathable protective mask anti-licking cat muzzle grooming mask cats bath nail clipping grooming pet supplies,cat anti-bite breathable protective mask anti-licking cat muzzle grooming mask cats bath nail clipping grooming pet supplies,cat anti-bite breathable protective,4.5,7,41 sold,240,41.0,Higiene,Gato
cat automatic water dispenser intelligent water supply power off with led lights usb rechargeable electric pet drinking supplies,cat automatic water dispenser intelligent water supply power off with led lights usb rechargeable electric pet drinking supplies,cat automatic water dispenser,0.0,39987,13 sold,8,13.0,Conforto,Gato
cat bed house kennel nest round pets sleeping cave kitten beds pet basket cozy kitten lounger cushion cat house tent dog house,cat bed house kennel nest round pets sleeping cave kitten beds pet basket cozy kitten lounger cushion cat house tent dog house,cat bed house kennel,0.0,29740,304 sold,263,304.0,Conforto,Cachorro
cat bed house removable plush mat cats four seasons cushion basket honey jar shape machine washable pet accessories,cat bed house removable plush mat cats four seasons cushion basket honey jar shape machine washable pet accessories,cat bed house removable,4.8,114,600+ sold,2597,600.0,Brinquedos,Gato
cat bed pet mattress warm soft plush pet bed with cover round  cat dog  sleeping nest cave for small dogs kitten,cat bed pet mattress warm soft plush pet bed with cover round  cat dog  sleeping nest cave for small dogs kitten,cat bed pet mattress,4.8,524,209 sold,352,209.0,Brinquedos,Cachorro
"cat bed, laurel green and beige","cat bed, laurel green and beige","cat bed, laurel green",0.0,30,0 sold,0,0.0,Conforto,Gato
cat bowl high foot dog bowl neck protector cat pet food water bowl anti-tip binaural pet feeding cat accessorie pet dessert bowl,cat bowl high foot dog bowl neck protector cat pet food water bowl anti-tip binaural pet feeding cat accessorie pet dessert bowl,cat bowl high foot,5.0,43,125 sold,591,125.0,Alimentação,Cachorro
cat bowl pet accessories ceramic diagonal high feet cute protection cervical spine dog bowl drink water bowl pet supplies,cat bowl pet accessories ceramic diagonal high feet cute protection cervical spine dog bowl drink water bowl pet supplies,cat bowl pet accessories,5.0,26,333 sold,931,333.0,Alimentação,Cachorro
cat brush pet hair remover double sided brush for cats wool collector cats hair scraper wool ball shaver brushes pet supplies,cat brush pet hair remover double sided brush for cats wool collector cats hair scraper wool ball shaver brushes pet supplies,cat brush pet hair,4.2,17,44 sold,39,44.0,Brinquedos,Gato
cat canvas hammock bed pet cats dogs beds double-sided hanging bed pet swing beds hamster squirrel cat rest sleep supplies,cat canvas hammock bed pet cats dogs beds double-sided hanging bed pet swing beds hamster squirrel cat rest sleep supplies,cat canvas hammock bed,4.9,2317,233 sold,826,233.0,Conforto,Cachorro
cat chew toys caterpillar catnip molar toy silvervine cat teaser interaction toy clean mouth kitten toy pet supplies accessories,cat chew toys caterpillar catnip molar toy silvervine cat teaser interaction toy clean mouth kitten toy pet supplies accessories,cat chew toys caterpillar,4.6,20,71 sold,63,71.0,Brinquedos,Gato
cat chew toys interactive molar cotton rope toys silvervine cat teaser toy clean mouth kitten play toy pet supplies accessories,cat chew toys interactive molar cotton rope toys silvervine cat teaser toy clean mouth kitten play toy pet supplies accessories,cat chew toys interactive,4.8,68,500+ sold,273,500.0,Brinquedos,Gato
cat chew toys interactive molar grilled fish toys silvervine cat teaser toy clean mouth kitten play toy pet supplies accessories,cat chew toys interactive molar grilled fish toys silvervine cat teaser toy clean mouth kitten play toy pet supplies accessories,cat chew toys interactive,4.9,6,43 sold,109,43.0,Brinquedos,Gato
cat cleaning floating hair removal comb with disposable wipes pet grooming accessories for cats gotas mascotas dog brush,cat cleaning floating hair removal comb with disposable wipes pet grooming accessories for cats gotas mascotas dog brush,cat cleaning floating hair,4.8,999376,338 sold,404,338.0,Higiene,Cachorro
cat cleaning supplies soft silicone dog toothbrushes silica gel pet finger toothbrush with box dog oral care tool,cat cleaning supplies soft silicone dog toothbrushes silica gel pet finger toothbrush with box dog oral care tool,cat cleaning supplies soft,0.0,70,2 sold,1,2.0,Higiene,Cachorro
cat cleaning supplies super soft dog toothbrushes silica gel pet finger toothbrush plush dog plus bad breath care tools,cat cleaning supplies super soft dog toothbrushes silica gel pet finger toothbrush plush dog plus bad breath care tools,cat cleaning supplies super,4.6,954,104 sold,203,104.0,Brinquedos,Cachorro
cat comb dog comb special needle comb cat hair beauty supplies pet groomer pet hair pet race,cat comb dog comb special needle comb cat hair beauty supplies pet groomer pet hair pet race,cat comb dog comb,5.0,112,35 sold,726,35.0,Outros,Cachorro
cat combs pet grooming needle brush magic massage comb for cat dog cleaning care pet cleaning supplies,cat combs pet grooming needle brush magic massage comb for cat dog cleaning care pet cleaning supplies,cat combs pet grooming,0.0,2993,3 sold,4,3.0,Higiene,Cachorro
"cat dog bed pet hammock cat standing bed pet supplies full wash stable structure, detachable, excellent breathability","cat dog bed pet hammock cat standing bed pet supplies full wash stable structure, detachable, excellent breathability",cat dog bed pet,4.4,285,98 sold,588,98.0,Conforto,Cachorro
cat dog feeder bowl high foot dog bowl 45°neck protector cat pet food water bowl anti-overturning binaural pet feeding supplies,cat dog feeder bowl high foot dog bowl 45°neck protector cat pet food water bowl anti-overturning binaural pet feeding supplies,cat dog feeder bowl,0.0,17,2 sold,9,2.0,Alimentação,Cachorro
cat dog paw print ink kit pad safe non-toxic baby footprints newborn shower handprint easy diy clean touch inkless pet souvenir,cat dog paw print ink kit pad safe non-toxic baby footprints newborn shower handprint easy diy clean touch inkless pet souvenir,cat dog paw print,5.0,386,10 sold,2,10.0,Higiene,Cachorro
cat dog paw print ink kit pad safe non-toxic easy diy clean touch inkless pet souvenir,cat dog paw print ink kit pad safe non-toxic easy diy clean touch inkless pet souvenir,cat dog paw print,0.0,3,7 sold,7,7.0,Higiene,Cachorro
cat dog universal blanket pad pet supplies pet sleeping pad thickened autumn and winter warm floor mat,cat dog universal blanket pad pet supplies pet sleeping pad thickened autumn and winter warm floor mat,cat dog universal blanket,4.7,14969,32 sold,27,32.0,Conforto,Cachorro
cat double bowl elevated tilted single/double pet bowls cat stainless steel food bowls wooden stand dog feeder cat supplies,cat double bowl elevated tilted single/double pet bowls cat stainless steel food bowls wooden stand dog feeder cat supplies,cat double bowl elevated,4.2,41,273 sold,474,273.0,Alimentação,Cachorro
cat double bowl new with stand pet kitten puppy transparent food feeding dish metal elevated water feeder dog bowl supplies,cat double bowl new with stand pet kitten puppy transparent food feeding dish metal elevated water feeder dog bowl supplies,cat double bowl new,5.0,7,24 sold,59,24.0,Alimentação,Cachorro
cat double bowls feeder adjustable height pet cats drinker water bowl elevated feeding kitten supplies food feeders dogs dish,cat double bowls feeder adjustable height pet cats drinker water bowl elevated feeding kitten supplies food feeders dogs dish,cat double bowls feeder,5.0,9,34 sold,114,34.0,Alimentação,Cachorro
cat feeder slope anti-ant food bowl for cat pet accessories dog bowl quality stainless steel container for cats pet supplies,cat feeder slope anti-ant food bowl for cat pet accessories dog bowl quality stainless steel container for cats pet supplies,cat feeder slope anti-ant,4.9,23,54 sold,288,54.0,Alimentação,Cachorro
cat flap door with 4 way locking for interior exterior doors weatherproof pet doors for cats & doggies suit for window&thin wall,cat flap door with 4 way locking for interior exterior doors weatherproof pet doors for cats & doggies suit for window&thin wall,cat flap door with,4.6,33,380 sold,283,380.0,Outros,Cachorro
cat food bowl stainless steel kitten cat feeder water bowl with non-slip rubber base small pet bowl cat accessories pet supplies,cat food bowl stainless steel kitten cat feeder water bowl with non-slip rubber base small pet bowl cat accessories pet supplies,cat food bowl stainless,3.7,60,40 sold,27,40.0,Alimentação,Gato
cat food can lid spoon silicone can covers dog cat can lids food preservation for pets wet food storage lid dog accessories,cat food can lid spoon silicone can covers dog cat can lids food preservation for pets wet food storage lid dog accessories,cat food can lid,4.9,16,106 sold,264,106.0,Alimentação,Cachorro
cat gog bed rattan four season cat bed summer cool nest pet cat supplies cattail woven house nest cama de mimbre para mascotas,cat gog bed rattan four season cat bed summer cool nest pet cat supplies cattail woven house nest cama de mimbre para mascotas,cat gog bed rattan,4.8,682,56 sold,168,56.0,Conforto,Gato
"cat hair glove & pet fur remover glove, dog grooming glove brush for shedding,pet hair remover mitt for cleaner, grooming glove","cat hair glove & pet fur remover glove, dog grooming glove brush for shedding,pet hair remover mitt for cleaner, grooming glove",cat hair glove &,5.0,294,17 sold,22,17.0,Higiene,Cachorro
cat hammock window hanger cat hammock washable detachable pet bed suction shelf bag beds seat for cat sleeping pet supplies,cat hammock window hanger cat hammock washable detachable pet bed suction shelf bag beds seat for cat sleeping pet supplies,cat hammock window hanger,4.4,268,311 sold,192,311.0,Conforto,Gato
cat house plush dog sofa beds washable warm pet dog nest cat beds thicken comfortable cat cushion dog sleep cat furniture,cat house plush dog sofa beds washable warm pet dog nest cat beds thicken comfortable cat cushion dog sleep cat furniture,cat house plush dog,0.0,4000,0 sold,1,0.0,Brinquedos,Cachorro
cat interactive ball smart cat dogtoys electronic interactive cat toy indoor automatic rolling magic ball cat game accessories,cat interactive ball smart cat dogtoys electronic interactive cat toy indoor automatic rolling magic ball cat game accessories,cat interactive ball smart,4.3,4475,"10,000+ sold",7463,10000.0,Brinquedos,Cachorro
cat interactive feather toys pet bumbler funny toy interactive cats toys cat rolling teaser feather wand toys rotating ball,cat interactive feather toys pet bumbler funny toy interactive cats toys cat rolling teaser feather wand toys rotating ball,cat interactive feather toys,4.9,49872,163 sold,1365,163.0,Brinquedos,Gato
cat interactive funny gesture toys mini multi-style teasing cat plastic finger human fake hand gloves pet toys supplies,cat interactive funny gesture toys mini multi-style teasing cat plastic finger human fake hand gloves pet toys supplies,cat interactive funny gesture,4.1,240,161 sold,66,161.0,Brinquedos,Gato
cat interactive toy cat toy balls mouse cage toys plush artificial colorful cat teaser toy pet supplies interactive plush toy,cat interactive toy cat toy balls mouse cage toys plush artificial colorful cat teaser toy pet supplies interactive plush toy,cat interactive toy cat,4.9,69,105 sold,330,105.0,Brinquedos,Gato
cat interactive toy kitty bouncy ball pet supplies polyester elastic fun fluffy ball quiet cat toy ball 3cm pet products silent,cat interactive toy kitty bouncy ball pet supplies polyester elastic fun fluffy ball quiet cat toy ball 3cm pet products silent,cat interactive toy kitty,4.6,51,131 sold,44,131.0,Brinquedos,Gato
cat interactive toy tickle cat colorful bouncing ball pet supplies puzzle teasing indoor cat worm larvae elastic toy,고양이 인터랙티브 장난감 간지럼 고양이 다채로운 바운싱 공 애완 동물 용품 퍼즐 놀리는 실내 고양이 벌레 애벌레 탄성 장난감,cat interactive toy tickle,4.6,437,600+ 누적 판매,145,600.0,Brinquedos,Gato
cat interactive toys tickle cat colorful bouncing ball pet supplies puzzle teasing indoor cat worm caterpillar elastic toy,cat interactive toys tickle cat colorful bouncing ball pet supplies puzzle teasing indoor cat worm caterpillar elastic toy,cat interactive toys tickle,4.6,196,153 sold18 sold,37,171.0,Brinquedos,Gato
cat kennel dog kennel plush round soft washable tie dye dog bed for puppy round winter warm mat pet sleeping nest pet supplies,cat kennel dog kennel plush round soft washable tie dye dog bed for puppy round winter warm mat pet sleeping nest pet supplies,cat kennel dog kennel,4.6,18,106 sold,59,106.0,Brinquedos,Cachorro
cat lift bowl with metal stand pet ceramic food snacks feeding elevated feeder kitten puppy dish dog supplies accessories,cat lift bowl with metal stand pet ceramic food snacks feeding elevated feeder kitten puppy dish dog supplies accessories,cat lift bowl with,5.0,371,24 sold,19,24.0,Alimentação,Cachorro
cat litter mat eva double layer cat litter mat cat litter basin sand falling mat eva cat litter mat cat nest mat pet mat,cat litter mat eva double layer cat litter mat cat litter basin sand falling mat eva cat litter mat cat nest mat pet mat,cat litter mat eva,4.5,1389,600+ sold,501,600.0,Conforto,Gato
cat litter mat pet toilet waterproof double layer pet litter box mat nonslip sand cat washable mat clean pad pet clean supplies,cat litter mat pet toilet waterproof double layer pet litter box mat nonslip sand cat washable mat clean pad pet clean supplies,cat litter mat pet,4.7,25825,"1,000+ sold700+ sold173 sold",1866,1873.0,Conforto,Gato
cat litter mat waterproof double layer pet litter box mat pet toilet cat mat nonslip sand cat washable mat pet clean supplies,cat litter mat waterproof double layer pet litter box mat pet toilet cat mat nonslip sand cat washable mat pet clean supplies,cat litter mat waterproof,4.7,123,"1,000+ sold",3017,1000.0,Conforto,Gato
cat litter mat with gift double layer waterproof pet litter box mat non-slip sand cat pad washable bed mat clean pad products,cat litter mat with gift double layer waterproof pet litter box mat non-slip sand cat pad washable bed mat clean pad products,cat litter mat with,4.7,62520,"1,000+ sold",1390,1000.0,Conforto,Gato
cat litter pedal waterproof pet litter box mat non-slip pet bedpans cleaning pad washable cat litter mat bed supplies,cat litter pedal waterproof pet litter box mat non-slip pet bedpans cleaning pad washable cat litter mat bed supplies,cat litter pedal waterproof,4.0,9,4 sold,6,4.0,Conforto,Gato
cat litter scoop metal long handle litter scooper  deep shovel for cat kitten litter box cleaning tool pet supplies,cat litter scoop metal long handle litter scooper  deep shovel for cat kitten litter box cleaning tool pet supplies,cat litter scoop metal,5.0,29,42 sold,18,42.0,Higiene,Gato
cat litter scoop with refill bag for pet filter clean toilet garbage picker cat litter box self cleaning cat supplies accessory,cat litter scoop with refill bag for pet filter clean toilet garbage picker cat litter box self cleaning cat supplies accessory,cat litter scoop with,4.7,72,240 sold,199,240.0,Higiene,Gato
cat litter shovel anti-rust non-slip time-saving stainless steel pet poops shovel   climbing pet shovel  pet supplies,cat litter shovel anti-rust non-slip time-saving stainless steel pet poops shovel   climbing pet shovel  pet supplies,cat litter shovel anti-rust,4.6,20,94 sold,222,94.0,Sanitário,Gato
cat litter shovel pet cleanning tool plastic scoop cat sand cleaning products toilet for dog food spoons cat supplies,cat litter shovel pet cleanning tool plastic scoop cat sand cleaning products toilet for dog food spoons cat supplies,cat litter shovel pet,0.0,18,2 sold,1,2.0,Alimentação,Cachorro
cat litter shovel scoop for cat filter clean toilet garbage picker cat supplies accessory cat litter box cats pet products,cat litter shovel scoop for cat filter clean toilet garbage picker cat supplies accessory cat litter box cats pet products,cat litter shovel scoop,4.8,332,419 sold,5125,419.0,Higiene,Gato
cat litter shovel scoop for pet filter clean toilet garbage picker cat supplies accessory cat litter box self cleaning,cat litter shovel scoop for pet filter clean toilet garbage picker cat supplies accessory cat litter box self cleaning,cat litter shovel scoop,4.85,1593,"3 sold4,000+ sold",9006,4003.0,Higiene,Gato
cat litter shovel scoop with refill bag for pet filter clean toilet garbage picker cat supplies cat litter box self cleaning,cat litter shovel scoop with refill bag for pet filter clean toilet garbage picker cat supplies cat litter box self cleaning,cat litter shovel scoop,2.85,1243,"5,000+ sold21 sold",9741,5021.0,Higiene,Gato
cat litter shovel wood handle cat litter shovel toilet cleaning shovel tools pet cleaning accessories supplies cats pet products,cat litter shovel wood handle cat litter shovel toilet cleaning shovel tools pet cleaning accessories supplies cats pet products,cat litter shovel wood,4.75,257,232 sold261 sold,302,493.0,Higiene,Gato
cat mats cat head shape anti-spill anti-slipeasy to clean household pet placemat cat and dog waterproof mat pets supplies,cat mats cat head shape anti-spill anti-slipeasy to clean household pet placemat cat and dog waterproof mat pets supplies,cat mats cat head,5.0,102,167 sold,98,167.0,Conforto,Cachorro
cat mice game intelligence toy bell tent with 9 hole cats playing tunnel foldable mouse hunt toys keeps kitten active pets,cat mice game intelligence toy bell tent with 9 hole cats playing tunnel foldable mouse hunt toys keeps kitten active pets,cat mice game intelligence,4.7,48,"1,000+ sold",1608,1000.0,Brinquedos,Gato
cat mint fish toys teasing cat stick mogo lady kitter self -relief doll puppet puppet kitten pet supplies,cat mint fish toys teasing cat stick mogo lady kitter self -relief doll puppet puppet kitten pet supplies,cat mint fish toys,0.0,7997,1 sold,1,1.0,Brinquedos,Gato
cat pad bed sweet soft warm pet basket cozy kitten lounger cushion pet house tent small dog mat for washable cats winter beds,cat pad bed sweet soft warm pet basket cozy kitten lounger cushion pet house tent small dog mat for washable cats winter beds,cat pad bed sweet,4.7,2784,"1,000+ sold",2541,1000.0,Conforto,Cachorro
cat pet toy feather tail mouse 6cm paint cage mouse fissle colorful painted wire feather mice in cage cat toy pet supplies,cat pet toy feather tail mouse 6cm paint cage mouse fissle colorful painted wire feather mice in cage cat toy pet supplies,cat pet toy feather,4.4,37,327 sold,93,327.0,Brinquedos,Gato
cat pets toys mouse shape balls foldable cat kitten play tunnel funny cat stick mouse supplies simulation mouse cat accessories,cat pets toys mouse shape balls foldable cat kitten play tunnel funny cat stick mouse supplies simulation mouse cat accessories,cat pets toys mouse,4.8,221,700+ sold,795,700.0,Brinquedos,Gato
cat pillow pet cat dog sleeping pillow soft u-shaped pillow cat toy pet toys pet supplies  аксесуари для котів,cat pillow pet cat dog sleeping pillow soft u-shaped pillow cat toy pet toys pet supplies  аксесуари для котів,cat pillow pet cat,4.7,64,44 sold,52,44.0,Brinquedos,Cachorro
cat playing toy hamster machine kitten game teasing interactive toy hunting scratch bite accessories pet cat supplies,cat playing toy hamster machine kitten game teasing interactive toy hunting scratch bite accessories pet cat supplies,cat playing toy hamster,4.2,8,24 sold,126,24.0,Brinquedos,Gato
cat playing toy hamster machine kitten games teasing interactive toys hunting scratching bite accessories pet cat supplies,cat playing toy hamster machine kitten games teasing interactive toys hunting scratching bite accessories pet cat supplies,cat playing toy hamster,4.3,15,113 sold,395,113.0,Brinquedos,Gato
cat puppy safety gate small pet supplies dog cat flap door with 4 way lock security flap door abs plastic for dog cat kitten,cat puppy safety gate small pet supplies dog cat flap door with 4 way lock security flap door abs plastic for dog cat kitten,cat puppy safety gate,0.0,81,9 sold,3,9.0,Outros,Cachorro
cat rainbow ball toy striped cat stick replacement head feather accessories bell kitten catch playing interactive pet supplies,cat rainbow ball toy striped cat stick replacement head feather accessories bell kitten catch playing interactive pet supplies,cat rainbow ball toy,4.8,174,600+ sold,217,600.0,Brinquedos,Gato
cat sisal ball colorful cat ball toy cat rolling sisal ball toy 1pc novelty gift for pets random color cat toys pet toy,cat sisal ball colorful cat ball toy cat rolling sisal ball toy 1pc novelty gift for pets random color cat toys pet toy,cat sisal ball colorful,4.8,64,388 sold,471,388.0,Brinquedos,Gato
cat squeaky ball toy dog toy wool bell tease cat toy colorful interactive toy gift box containing pet supplies cat accessories,cat squeaky ball toy dog toy wool bell tease cat toy colorful interactive toy gift box containing pet supplies cat accessories,cat squeaky ball toy,4.9,19,99 sold,388,99.0,Brinquedos,Cachorro
cat steam brush electric spray water spray kitten pet comb soft silicone depilation cats bath hair brush grooming supplies,cat steam brush electric spray water spray kitten pet comb soft silicone depilation cats bath hair brush grooming supplies,cat steam brush electric,0.0,29807,157 sold,0,157.0,Higiene,Gato
cat steam brush pet massage comb cat dog grooming comb 3 in 1 electric spray cats bath brush hair brushes grooming supplies,cat steam brush pet massage comb cat dog grooming comb 3 in 1 electric spray cats bath brush hair brushes grooming supplies,cat steam brush pet,4.5,59982,62 sold,14,62.0,Higiene,Cachorro
cat steam brush pet massage comb cat dog grooming comb electric spray water spray cats bath brush hair brushes grooming supplies,cat steam brush pet massage comb cat dog grooming comb electric spray water spray cats bath brush hair brushes grooming supplies,cat steam brush pet,4.766666666666667,56933,49 sold351 sold107 sold,331,507.0,Higiene,Cachorro
cat steam brush pet triple beauty comb dog grooming hair removal comb electric spray dogs steamy supplies products home garden,cat steam brush pet triple beauty comb dog grooming hair removal comb electric spray dogs steamy supplies products home garden,cat steam brush pet,4.8,1016,"2,000+ sold",988,2000.0,Higiene,Cachorro
cat steam brush steamy dog brush 3 in 1 electric spray cat hair brushes for massage pet grooming comb hair removal combs,cat steam brush steamy dog brush 3 in 1 electric spray cat hair brushes for massage pet grooming comb hair removal combs,cat steam brush steamy,4.725,47735,"70 sold2,000+ sold178 sold249 sold",1377,2497.0,Higiene,Cachorro
cat steam brush steamy dog comb 3 in 1 electric spray pet hair brushes for dogs cats massage grooming supplies hair removal comb,cat steam brush steamy dog comb 3 in 1 electric spray pet hair brushes for dogs cats massage grooming supplies hair removal comb,cat steam brush steamy,4.9,3,253 sold,69,253.0,Higiene,Cachorro
cat steamy brush dog massage comb built-in electric water spray soft silicone pet hair removal grooming brush cat accessories,cat steamy brush dog massage comb built-in electric water spray soft silicone pet hair removal grooming brush cat accessories,cat steamy brush dog,4.8,21355,"1,000+ sold",2340,1000.0,Higiene,Cachorro
cat strip feeding spoon for wet semi-liquid foods cat strip squeeze spoons pet feeder supplies snack feeding cat product l8v4,cat strip feeding spoon for wet semi-liquid foods cat strip squeeze spoons pet feeder supplies snack feeding cat product l8v4,cat strip feeding spoon,4.9,66,65 sold,24,65.0,Alimentação,Gato
cat supplies pet toys long tail plush mouse with free interactive  catnip cat tower  cat toy  cat toys cat stuff,cat supplies pet toys long tail plush mouse with free interactive  catnip cat tower  cat toy  cat toys cat stuff,cat supplies pet toys,4.7,86,500+ sold,338,500.0,Brinquedos,Gato
cat swivel toy ball self interesting dolphin design with feathers pet stick funny auto combination supplies,cat swivel toy ball self interesting dolphin design with feathers pet stick funny auto combination supplies,cat swivel toy ball,4.5,20152,700+ sold,2561,700.0,Brinquedos,Gato
cat tassel toy plush balls cat teaser wand cat interactive toys funny bell ribbon poleteaser wand pet cat supplies cat accessory,cat tassel toy plush balls cat teaser wand cat interactive toys funny bell ribbon poleteaser wand pet cat supplies cat accessory,cat tassel toy plush,5.0,120,354 sold,309,354.0,Brinquedos,Gato
cat teeth brushing toy teeth cleaning cat stick fish-shaped silicone toy chew resistant interactive toys catnip pet supplies,cat teeth brushing toy teeth cleaning cat stick fish-shaped silicone toy chew resistant interactive toys catnip pet supplies,cat teeth brushing toy,0.0,60,17 sold,6,17.0,Brinquedos,Gato
cat toy ball feather funny cat toy star ball plus feather foam ball throwing toys interactive plush toys pet supplies,cat toy ball feather funny cat toy star ball plus feather foam ball throwing toys interactive plush toys pet supplies,cat toy ball feather,4.7,102,12 sold,9,12.0,Brinquedos,Gato
cat toy ball feather funny cat toy star ball plus feather foam ball throwing toys interactive plush toys pet supplies katten toy,cat toy ball feather funny cat toy star ball plus feather foam ball throwing toys interactive plush toys pet supplies katten toy,cat toy ball feather,4.75,218,500+ sold50 sold,1642,550.0,Brinquedos,Gato
cat toy caterpillar cat teaser wand cat interactive toys funny  feather colorful rod teaser wand pet cat supplies cat accessory,cat toy caterpillar cat teaser wand cat interactive toys funny  feather colorful rod teaser wand pet cat supplies cat accessory,cat toy caterpillar cat,4.85,146,199 sold346 sold,305,545.0,Brinquedos,Gato
cat toy cute octopus plush toy bite resistant teeth interactive play pet supplies,cat toy cute octopus plush toy bite resistant teeth interactive play pet supplies,cat toy cute octopus,4.8,3209,"5,000+ sold",4553,5000.0,Brinquedos,Gato
cat toy cute octopus plush toy bite resistant teeth interactive play pet supplies cat dog toys octopus,cat toy cute octopus plush toy bite resistant teeth interactive play pet supplies cat dog toys octopus,cat toy cute octopus,4.7,83,339 sold,133,339.0,Brinquedos,Cachorro
cat toy cute pet catnip toys cat plush thumb pillow pet supplies  аксесуари для котів juguete para gato,cat toy cute pet catnip toys cat plush thumb pillow pet supplies  аксесуари для котів juguete para gato,cat toy cute pet,4.7,983,124 sold,71,124.0,Brinquedos,Gato
cat toy feather cat teaser wand cat interactive toy funny caterpillar colorful rod teaser wand pet cat supplies cat accessory,cat toy feather cat teaser wand cat interactive toy funny caterpillar colorful rod teaser wand pet cat supplies cat accessory,cat toy feather cat,4.85,483,800+ sold301 sold,11907,1101.0,Brinquedos,Gato
cat toy launch gun flying saucer rotating gyro launcher cats chasing  plaything training kitten interactive toys pet supplies,cat toy launch gun flying saucer rotating gyro launcher cats chasing  plaything training kitten interactive toys pet supplies,cat toy launch gun,5.0,40,48 sold,28,48.0,Brinquedos,Gato
cat toy pet cat kitten playing mouse rat mice ball cage toys pet supplies random color  аксесуари для котів,cat toy pet cat kitten playing mouse rat mice ball cage toys pet supplies random color  аксесуари для котів,cat toy pet cat,4.5,10,11 sold,1,11.0,Brinquedos,Gato
cat toy pet cat sisal scratching ball training interactive toy for kitten pet cat supplies funny play feather toy cat accessorie,cat toy pet cat sisal scratching ball training interactive toy for kitten pet cat supplies funny play feather toy cat accessorie,cat toy pet cat,4.6,196,"1,000+ sold",752,1000.0,Brinquedos,Gato
cat toy simulation rotating electric hummingbird funny cat stick automatic funny cat hummingbird toy kitten pet supplies,cat toy simulation rotating electric hummingbird funny cat stick automatic funny cat hummingbird toy kitten pet supplies,cat toy simulation rotating,0.0,478,32 sold,5,32.0,Brinquedos,Gato
cat toy star ball plus feather eva material light foam ball throwing funny toy star texture ball feather toy for dog cat supplie,cat toy star ball plus feather eva material light foam ball throwing funny toy star texture ball feather toy for dog cat supplie,cat toy star ball,5.0,2524,161 sold,46,161.0,Brinquedos,Cachorro
cat toy training entertainment fish plush stuffed pillow 20cm simulation fish cat toy fish interactive pet chew toy pet supplies,cat toy training entertainment fish plush stuffed pillow 20cm simulation fish cat toy fish interactive pet chew toy pet supplies,cat toy training entertainment,4.85,676,"1,000+ sold119 sold",607,1119.0,Brinquedos,Gato
cat toy with catnip cute octopus plush toy bite resistant teeth interactive toys for cats games pet supplies cats pet products,cat toy with catnip cute octopus plush toy bite resistant teeth interactive toys for cats games pet supplies cats pet products,cat toy with catnip,4.5,8,17 sold,9,17.0,Brinquedos,Gato
cat toy wooden pole cute animal shape plush cuddly cat stick with bell interactive fun pet supplies,cat toy wooden pole cute animal shape plush cuddly cat stick with bell interactive fun pet supplies,cat toy wooden pole,4.6,36,268 sold,177,268.0,Brinquedos,Gato
cat toy wooden polygonum catmint plush lollipop with built-in bell bite resistant molar pet supplies,cat toy wooden polygonum catmint plush lollipop with built-in bell bite resistant molar pet supplies,cat toy wooden polygonum,5.0,64,31 sold,28,31.0,Brinquedos,Gato
cat toys assortments spiral springs assorted cat balls crinkle furry cat mouse toys catnip for kittens interactive pet supplies,cat toys assortments spiral springs assorted cat balls crinkle furry cat mouse toys catnip for kittens interactive pet supplies,cat toys assortments spiral,4.7,2081,268 sold,119,268.0,Brinquedos,Gato
cat toys cat plush ball toy pet elastic bell ball self hi ball playing cat colorful  woolen ball,cat toys cat plush ball toy pet elastic bell ball self hi ball playing cat colorful  woolen ball,cat toys cat plush,5.0,86,132 sold,11,132.0,Brinquedos,Gato
cat toys cat teaser stick freely retractable and replaceable feather toy head small and flexible cats mint pet supplies,cat toys cat teaser stick freely retractable and replaceable feather toy head small and flexible cats mint pet supplies,cat toys cat teaser,4.9,13,140 sold,459,140.0,Brinquedos,Gato
cat toys cleaning teeth silvervine chew stick pet snacks sticks natural stuff with catnip for kitten  catnip teasing chew toys,cat toys cleaning teeth silvervine chew stick pet snacks sticks natural stuff with catnip for kitten  catnip teasing chew toys,cat toys cleaning teeth,4.8,582,"1,000+ sold",552,1000.0,Brinquedos,Gato
cat toys colorful splicing bell ball large cat toys cat self hi bell pet toys pet supplies random colors,cat toys colorful splicing bell ball large cat toys cat self hi bell pet toys pet supplies random colors,cat toys colorful splicing,4.7,51,254 sold,65,254.0,Brinquedos,Gato
cat toys electric fish with usb charging built-in lithium battery simulation realistic pet molar interactive toys pet supplies,cat toys electric fish with usb charging built-in lithium battery simulation realistic pet molar interactive toys pet supplies,cat toys electric fish,4.25,480,318 sold49 sold,174,367.0,Brinquedos,Gato
cat toys feather toys kitten funny colorful rod cat wand toys wood pet cat toys interactive stick pet cat supplies,cat toys feather toys kitten funny colorful rod cat wand toys wood pet cat toys interactive stick pet cat supplies,cat toys feather toys,0.0,598,2 sold,1,2.0,Brinquedos,Gato
cat toys funny cat teaser rainbow ribbon cats stick toy colorful rod teaser wand plastic interactive stick cats supplies,cat toys funny cat teaser rainbow ribbon cats stick toy colorful rod teaser wand plastic interactive stick cats supplies,cat toys funny cat,4.5,6021,177 sold,109,177.0,Brinquedos,Gato
cat toys interactive cute soft fleece false mouse colorful feather funny playing training toys for cats kitten  pet supplies,cat toys interactive cute soft fleece false mouse colorful feather funny playing training toys for cats kitten  pet supplies,cat toys interactive cute,5.0,19971,143 sold,45,143.0,Brinquedos,Gato
cat toys interactive launch training creative kittens mini pompoms games stretch plush ball toys cat supplies pet accessories,cat toys interactive launch training creative kittens mini pompoms games stretch plush ball toys cat supplies pet accessories,cat toys interactive launch,4.7,633,"10,000+ sold",11388,10000.0,Brinquedos,Gato
cat toys interactive launch training toy for pet kitten creative mini shooting gun games stretch plush ball toys pet supplies,cat toys interactive launch training toy for pet kitten creative mini shooting gun games stretch plush ball toys pet supplies,cat toys interactive launch,4.7,49046,"2,000+ sold2,000+ sold",2297,4000.0,Brinquedos,Gato
cat toys interactive molar cotton rope toys silvervine cat teaser toy clean mouth kitten play toy pet supplies accessories,cat toys interactive molar cotton rope toys silvervine cat teaser toy clean mouth kitten play toy pet supplies accessories,cat toys interactive molar,4.8,263,129 sold,33,129.0,Brinquedos,Gato
cat toys launch training interactive shooter gun teaser plush ball pet creative games stretch mini pompoms kittens supplies,cat toys launch training interactive shooter gun teaser plush ball pet creative games stretch mini pompoms kittens supplies,cat toys launch training,4.85,154,46 sold168 sold,126,214.0,Brinquedos,Gato
cat toys mouse shape balls foldable cat play tunnel kitten tower funny cat tent pet supplies  for indoor cats,cat toys mouse shape balls foldable cat play tunnel kitten tower funny cat tent pet supplies  for indoor cats,cat toys mouse shape,5.0,565,43 sold,103,43.0,Brinquedos,Gato
cat toys natural catnip rotatable catnip wall ball  licking snacks healthy nutrition ball teeth cleaning catnip toy pet supplies,cat toys natural catnip rotatable catnip wall ball  licking snacks healthy nutrition ball teeth cleaning catnip toy pet supplies,cat toys natural catnip,5.0,92,47 sold,5,47.0,Brinquedos,Gato
cat toys pet cat scratching board corrugated cardboard pad grinding nails interactive protecting furniture cats scratcher toy,cat toys pet cat scratching board corrugated cardboard pad grinding nails interactive protecting furniture cats scratcher toy,cat toys pet cat,4.6,200,500+ sold,444,500.0,Brinquedos,Gato
cat toys self-pleasure itch rubr and massage brush catnap brush cat games catnip accessories for cats best selling cats toys,cat toys self-pleasure itch rubr and massage brush catnap brush cat games catnip accessories for cats best selling cats toys,cat toys self-pleasure itch,0.0,10000,0 sold,0,0.0,Brinquedos,Gato
cat toys silvervine chew stick polygonum kitty raffia grass cleaning teeth stick natural catnip stuff pet cat bite hemp rope toy,cat toys silvervine chew stick polygonum kitty raffia grass cleaning teeth stick natural catnip stuff pet cat bite hemp rope toy,cat toys silvervine chew,5.0,79,71 sold,17,71.0,Brinquedos,Gato
cat toys smart interactive ball catnip cat training toy pet playing ball for cats kitten kitty pet squeaky toy supplies products,cat toys smart interactive ball catnip cat training toy pet playing ball for cats kitten kitty pet squeaky toy supplies products,cat toys smart interactive,4.8,762,"2,000+ sold",2410,2000.0,Brinquedos,Gato
cat toys sound carrot cuddle cat stick since fun fun cat teething stick anti-bite cat scratch board pet supplies,cat toys sound carrot cuddle cat stick since fun fun cat teething stick anti-bite cat scratch board pet supplies,cat toys sound carrot,5.0,188,7 sold,5,7.0,Brinquedos,Gato
cat toys swing sticky disc elastic hanging door teasing cat rope long rope teasing cat cat toy cat accessories pet kitten toy,cat toys swing sticky disc elastic hanging door teasing cat rope long rope teasing cat cat toy cat accessories pet kitten toy,cat toys swing sticky,4.8,176,"1,000+ sold",1262,1000.0,Brinquedos,Gato
cat treat dispensing ball toy adjustable leakage mouth slow feeder puzzle ball interactive pet toys for training,cat treat dispensing ball toy adjustable leakage mouth slow feeder puzzle ball interactive pet toys for training,cat treat dispensing ball,5.0,24,84 sold,39,84.0,Brinquedos,Gato
cat tunnel  foldable cats tunnel cat toy breathable drill barrel for indoor loud paper pet supplies cat s y pass play tunnel,cat tunnel  foldable cats tunnel cat toy breathable drill barrel for indoor loud paper pet supplies cat s y pass play tunnel,cat tunnel foldable cats,4.8,137,350 sold,305,350.0,Brinquedos,Gato
cat tunnel foldable cat tunnel pet supplies cat s t y pass play tunnel   cat toy breathable drill barrel for indoor loud paper,cat tunnel foldable cat tunnel pet supplies cat s t y pass play tunnel   cat toy breathable drill barrel for indoor loud paper,cat tunnel foldable cat,5.0,383,466 sold,452,466.0,Brinquedos,Gato
cat tunnel pet supplies cat s pass play tunnel foldable cat tunnel cat toy suede drill barrel for indoor,cat tunnel pet supplies cat s pass play tunnel foldable cat tunnel cat toy suede drill barrel for indoor,cat tunnel pet supplies,4.7,74,268 sold,547,268.0,Brinquedos,Gato
cat tunnel tube foldable cat toys kitty training interactive fun toy tunnel bored for puppy kitten pet supplies cat accessories,cat tunnel tube foldable cat toys kitty training interactive fun toy tunnel bored for puppy kitten pet supplies cat accessories,cat tunnel tube foldable,4.7,506,101 sold,47,101.0,Brinquedos,Cachorro
cat window hammock with cushion pet cats hanging bed sleeping with strong suction cups pet kitty sunny window seat nest,cat window hammock with cushion pet cats hanging bed sleeping with strong suction cups pet kitty sunny window seat nest,cat window hammock with,5.0,13,45 sold,1022,45.0,Conforto,Gato
cat window perch wooden assembly hanging bed pet mat  cozy sunny seat window mounted cats hammock aerial pet shelf nest beds,cat window perch wooden assembly hanging bed pet mat  cozy sunny seat window mounted cats hammock aerial pet shelf nest beds,cat window perch wooden,4.65,282,22 sold63 sold,1330,85.0,Conforto,Gato
"catinsider 70.9 inches multi level cat tree with two hammocks, condo, top perch for cats light gray","catinsider 70.9 inches multi level cat tree with two hammocks, condo, top perch for cats light gray",catinsider 70.9 inches multi,0.0,300,0 sold,0,0.0,Outros,Gato
catnip balls cat mint toy grinding teeth mint ball edible safety healthy snack rotatable wall stick-on toys for pet supplies,catnip balls cat mint toy grinding teeth mint ball edible safety healthy snack rotatable wall stick-on toys for pet supplies,catnip balls cat mint,5.0,7860,91 sold,61,91.0,Brinquedos,Gato
catnip balls funny lickable cat snack catnip balls kitten playing chewing cleaning teeth toy for small medium cats pet supplies,catnip balls funny lickable cat snack catnip balls kitten playing chewing cleaning teeth toy for small medium cats pet supplies,catnip balls funny lickable,4.6,60,275 sold,63,275.0,Brinquedos,Gato
catnip cat ball smart toys for cats kitten training supplies with catnip storage box automatic magic ball game cats pet products,catnip cat ball smart toys for cats kitten training supplies with catnip storage box automatic magic ball game cats pet products,catnip cat ball smart,4.8,77,56 sold,27,56.0,Brinquedos,Gato
catnip cat toys natural matatabi pet cat snacks stick cleans tooth removers hair to promote digestion silvervine kitten chew toy,catnip cat toys natural matatabi pet cat snacks stick cleans tooth removers hair to promote digestion silvervine kitten chew toy,catnip cat toys natural,4.7,230,600+ sold,257,600.0,Brinquedos,Gato
catnip pets toy cats supplies for cute cat toys puppy kitten teeth grinding cat plush thumb pillow protect mouth pet accessories,catnip pets toy cats supplies for cute cat toys puppy kitten teeth grinding cat plush thumb pillow protect mouth pet accessories,catnip pets toy cats,4.65,198,"1,000+ sold201 sold",2806,1201.0,Brinquedos,Cachorro
catnip toys cute thumb plush pillow teeth grinding bite-resistant teasing relaxation cat chew toy pet accessories,catnip toys cute thumb plush pillow teeth grinding bite-resistant teasing relaxation cat chew toy pet accessories,catnip toys cute thumb,4.4,45,64 sold,12,64.0,Brinquedos,Gato
cats and dogs pet plush dinosaur toys interactive dog chew toys plush stuffing pet supplies dog toys for small dogs,cats and dogs pet plush dinosaur toys interactive dog chew toys plush stuffing pet supplies dog toys for small dogs,cats and dogs pet,4.8,1628,98 sold163 sold900+ sold,1075,1161.0,Brinquedos,Cachorro
cats toys cat mint ball rotation catnip wall ball licking snacks freshen breath remove hair balls pet supplies cats accessories,cats toys cat mint ball rotation catnip wall ball licking snacks freshen breath remove hair balls pet supplies cats accessories,cats toys cat mint,3.4,13035,41 sold,255,41.0,Brinquedos,Gato
cats toys natural catnip cat rotatable licking catnip wall ball toy freshen breath remove hair balls cat accessories pet supply,cats toys natural catnip cat rotatable licking catnip wall ball toy freshen breath remove hair balls cat accessories pet supply,cats toys natural catnip,4.8,980,405 sold,174,405.0,Brinquedos,Gato
cawayi kennel memory foam dog sofa stairs pet 2/3/4 steps stairs for small dog cat ramp ladder anti-slip bed stairs pet supplies,cawayi kennel memory foam dog sofa stairs pet 2/3/4 steps stairs for small dog cat ramp ladder anti-slip bed stairs pet supplies,cawayi kennel memory foam,4.5,21,"1,000+ sold",6191,1000.0,Conforto,Cachorro
cawayi kennel reflective nylon leashes pet dogs chain traction rope leads for running free hands rope chain for small large dogs,cawayi kennel reflective nylon leashes pet dogs chain traction rope leads for running free hands rope chain for small large dogs,cawayi kennel reflective nylon,4.8,278,"3,000+ sold",6540,3000.0,Acessórios,Cachorro
ceramic cat feeder pet bowl food water treats for cats & dogs supplies outdoor feeding drinking stand raised bowl for doggie,ceramic cat feeder pet bowl food water treats for cats & dogs supplies outdoor feeding drinking stand raised bowl for doggie,ceramic cat feeder pet,5.0,251,72 sold,200,72.0,Alimentação,Cachorro
ceramic dog bowl anti-slip pet bowl for dogs 12.8-20cm diameter cat dog feeder with wood stand cat dog food bowl dog supplies,ceramic dog bowl anti-slip pet bowl for dogs 12.8-20cm diameter cat dog feeder with wood stand cat dog food bowl dog supplies,ceramic dog bowl anti-slip,4.9,2879,53 sold,549,53.0,Alimentação,Cachorro
chest harness pet supplies accessories pet chest strap braces cat dog vest breathable reflective walk dog chest back rope collar,chest harness pet supplies accessories pet chest strap braces cat dog vest breathable reflective walk dog chest back rope collar,chest harness pet supplies,4.6,106,165 sold,297,165.0,Acessórios,Cachorro
chew bone dog toy food treats oral care brown buffalo leather teeth cleaning puppy chew training molar stick pet supplies,chew bone dog toy food treats oral care brown buffalo leather teeth cleaning puppy chew training molar stick pet supplies,chew bone dog toy,4.8,19,85 sold,15,85.0,Brinquedos,Cachorro
chewing teeth cleaning tool pet supplies bones for dogs puppy bones dog bone dog chew toy pet toy,chewing teeth cleaning tool pet supplies bones for dogs puppy bones dog bone dog chew toy pet toy,chewing teeth cleaning tool,0.0,29,6 sold,2,6.0,Brinquedos,Cachorro
"cigarette design pet plush toy, ""no smoking"" pet plush cigarette shapetoy, cool dogs relaxing toys for dogs and cats","cigarette design pet plush toy, ""no smoking"" pet plush cigarette shapetoy, cool dogs relaxing toys for dogs and cats",cigarette design pet plush,4.8,1136,61 sold,28,61.0,Brinquedos,Cachorro
classic plaid dog bandana bibs pet cat scarf triangular head scarf accessories neckerchief for small medium large dogs supplies,classic plaid dog bandana bibs pet cat scarf triangular head scarf accessories neckerchief for small medium large dogs supplies,classic plaid dog bandana,4.3,119217,41 sold,272,41.0,Outros,Cachorro
classic red black plaid pet dog bandana cat puppy kerchief pet dog accessories pet neckerchief scarf dog saliva towel,classic red black plaid pet dog bandana cat puppy kerchief pet dog accessories pet neckerchief scarf dog saliva towel,classic red black plaid,4.8,941,275 sold,238,275.0,Outros,Cachorro
clean touch pad for pet handprints and footprints inkless infant hand & foot stamp safe for pet and babies doesn’t touch skin,clean touch pad for pet handprints and footprints inkless infant hand & foot stamp safe for pet and babies doesn’t touch skin,clean touch pad for,4.5,165,600+ sold,896,600.0,Higiene,Outros
clothes toy storage dog basket pet bin accessories box container stuff sundries organize baskets case home tool,clothes toy storage dog basket pet bin accessories box container stuff sundries organize baskets case home tool,clothes toy storage dog,4.8,69,337 sold,618,337.0,Brinquedos,Cachorro
collapsible pet silicone dog food water bowl outdoor camping travel portable folding  supplies   dishes with carabiner,collapsible pet silicone dog food water bowl outdoor camping travel portable folding  supplies   dishes with carabiner,collapsible pet silicone dog,4.8,1736,"1,000+ sold",2478,1000.0,Alimentação,Cachorro
collapsible pet silicone dog food water bowl outdoor camping travel portable folding pet supplies pet bowl dishes with carabiner,collapsible pet silicone dog food water bowl outdoor camping travel portable folding pet supplies pet bowl dishes with carabiner,collapsible pet silicone dog,5.0,215,63 sold,24,63.0,Alimentação,Cachorro
collapsible pet silicone dog food water bowl with bowl lip pet outdoor travel portable puppy dishes with carabiner pet supplies,collapsible pet silicone dog food water bowl with bowl lip pet outdoor travel portable puppy dishes with carabiner pet supplies,collapsible pet silicone dog,4.8,255,81 sold,169,81.0,Alimentação,Cachorro
combs dog hair remover cat brush grooming tools pet detachable clipper attachment pet trimmer combs supply furmins for cat dog,combs dog hair remover cat brush grooming tools pet detachable clipper attachment pet trimmer combs supply furmins for cat dog,combs dog hair remover,0.0,76,4 sold,3,4.0,Higiene,Cachorro
controllable pet gate entry and exit door cat safe hole door pet gate supplies size s brown,controllable pet gate entry and exit door cat safe hole door pet gate supplies size s brown,controllable pet gate entry,0.0,9,0 sold,0,0.0,Outros,Gato
convenient outdoor dog fanny pack camouflage training dog snack pocket simple fashion pet bag new family pet products,convenient outdoor dog fanny pack camouflage training dog snack pocket simple fashion pet bag new family pet products,convenient outdoor dog fanny,4.8,90,18 sold,6,18.0,Alimentação,Cachorro
cooling pad bed for dogs cats puppy kitten cool mat pet blanket ice silk material soft for summer sleeping pink blue breathable,cooling pad bed for dogs cats puppy kitten cool mat pet blanket ice silk material soft for summer sleeping pink blue breathable,cooling pad bed for,4.8,841,152 sold,3734,152.0,Conforto,Cachorro
cooling pet elevated cat dog bed portable raised pet cots for indoor & outdoor travel camping cat dog pet supplies,cooling pet elevated cat dog bed portable raised pet cots for indoor & outdoor travel camping cat dog pet supplies,cooling pet elevated cat,4.4,46,34 sold,43,34.0,Conforto,Cachorro
corduroy dog toys for small large dogs animal shape plush pet puppy squeaky chew bite resistant toy pets accessories supplies,corduroy dog toys for small large dogs animal shape plush pet puppy squeaky chew bite resistant toy pets accessories supplies,corduroy dog toys for,5.0,528,32 sold,70,32.0,Brinquedos,Cachorro
corner dog bowl pet automatic feeder small dog cat drinking bowl for dog water drinking cat feeding large capacity dispenser pet,corner dog bowl pet automatic feeder small dog cat drinking bowl for dog water drinking cat feeding large capacity dispenser pet,corner dog bowl pet,4.7,36,600+ sold,3746,600.0,Alimentação,Cachorro
"corner doghouse,wooden doghouse tail table,with door furniture style doghouse pet house,indoor small to medi sized large dog use","corner doghouse,wooden doghouse tail table,with door furniture style doghouse pet house,indoor small to medi sized large dog use","corner doghouse,wooden doghouse tail",0.0,2000,0 sold,0,0.0,Outros,Cachorro
corner pet brush comb play cat toy plastic scratch bristles arch massager self grooming cat scratcher,corner pet brush comb play cat toy plastic scratch bristles arch massager self grooming cat scratcher,corner pet brush comb,4.6,138,600+ sold,1178,600.0,Brinquedos,Gato
cotton rope dog toy interactive dog play bite pet supplies puppy small medium large toys for dogs chew toy rope pets accessories,cotton rope dog toy interactive dog play bite pet supplies puppy small medium large toys for dogs chew toy rope pets accessories,cotton rope dog toy,4.6,147,98 sold,24,98.0,Brinquedos,Cachorro
cozy lambswool kennel for small and large pets pet bed  pets  pet  dog  dog bed,cozy lambswool kennel for small and large pets pet bed  pets  pet  dog  dog bed,cozy lambswool kennel for,4.0,12526,400 sold,238,400.0,Conforto,Cachorro
cozy plush dog sofa bed square beds washable warm pet cushion orthopedic faux fur memory foam lounger fluffy with remove cover,cozy plush dog sofa bed square beds washable warm pet cushion orthopedic faux fur memory foam lounger fluffy with remove cover,cozy plush dog sofa,4.6,8760,101 sold,506,101.0,Brinquedos,Cachorro
crazy ball interactive cat toy self-moving kitten jumping ball toys vibration sensor cats game toy cat accessories pet supplies,crazy ball interactive cat toy self-moving kitten jumping ball toys vibration sensor cats game toy cat accessories pet supplies,crazy ball interactive cat,4.7,12,104 sold,392,104.0,Brinquedos,Gato
creative  pet toys for dog funny chew knot cotton bone rope puppy dog toy pets dogs pet supplies pet chewing twist rope,creative  pet toys for dog funny chew knot cotton bone rope puppy dog toy pets dogs pet supplies pet chewing twist rope,creative pet toys for,5.0,43,18 sold,6,18.0,Brinquedos,Cachorro
creative kittens mini pompoms games stretch plush ball toys interactive launch training cat toys cat supplies pet accessories,creative kittens mini pompoms games stretch plush ball toys interactive launch training cat toys cat supplies pet accessories,creative kittens mini pompoms,4.7,2165,112 sold,65,112.0,Brinquedos,Gato
"creative pet toys with eight ball shaped knots, cat and dog teeth grinding, relieving stress, cotton rope toy supplies","creative pet toys with eight ball shaped knots, cat and dog teeth grinding, relieving stress, cotton rope toy supplies",creative pet toys with,5.0,179,19 sold,11,19.0,Brinquedos,Cachorro
creative poop shaped pet poop waste bag dispenser portable pet bin bag holder with clip pet dog leash outdoor walking and travel,creative poop shaped pet poop waste bag dispenser portable pet bin bag holder with clip pet dog leash outdoor walking and travel,creative poop shaped pet,5.0,687,12 sold,3,12.0,Acessórios,Cachorro
creative soft warm pet bed nest dual-use adjustable drawstring pet nest bed pet cushion for cats puppies pet supplies,creative soft warm pet bed nest dual-use adjustable drawstring pet nest bed pet cushion for cats puppies pet supplies,creative soft warm pet,4.199999999999999,1483,415 sold373 sold,815,788.0,Conforto,Gato
crossbody dog bag pet backpack crossbody bag solid color multipurpose shoulder bag pet carrier for cats dogs stuff dog carrier,crossbody dog bag pet backpack crossbody bag solid color multipurpose shoulder bag pet carrier for cats dogs stuff dog carrier,crossbody dog bag pet,4.9,1,55 sold,304,55.0,Outros,Cachorro
cuddly pet cow plush toy - the perfect anxiety relief and calming aidfor cats and dogs,cuddly pet cow plush toy - the perfect anxiety relief and calming aidfor cats and dogs,cuddly pet cow plush,4.6,56,37 sold,19,37.0,Brinquedos,Cachorro
custom dog id tag engraved retro personalized name id tag for dogs cats puppies round metal nameplate pet products,custom dog id tag engraved retro personalized name id tag for dogs cats puppies round metal nameplate pet products,custom dog id tag,4.8,60658,147 sold,3511,147.0,Outros,Cachorro
custom large dog collar cute print personalized pet collar nylon puppy dogs id collars engraved name for small medium large dog,custom large dog collar cute print personalized pet collar nylon puppy dogs id collars engraved name for small medium large dog,custom large dog collar,4.8,46192,"1,000+ sold",7674,1000.0,Acessórios,Cachorro
custom personalized cat dog id circle tag collar pendant engraved pet necklace chain charm supplies for tag name products,custom personalized cat dog id circle tag collar pendant engraved pet necklace chain charm supplies for tag name products,custom personalized cat dog,4.7,4750,500+ sold,428,500.0,Acessórios,Cachorro
customizable net hole 2cmx2cm transparent nylon cat safety net home balcony windows window screen pets fall protection netting,customizable net hole 2cmx2cm transparent nylon cat safety net home balcony windows window screen pets fall protection netting,customizable net hole 2cmx2cm,4.7,13,90 sold,184,90.0,Outros,Gato
cute angel wings dog harness breathable mesh leash set for small dogs puppy chest collar spring summer dog walking pet supplies,cute angel wings dog harness breathable mesh leash set for small dogs puppy chest collar spring summer dog walking pet supplies,cute angel wings dog,5.0,808,134 sold,993,134.0,Acessórios,Cachorro
cute animals plush squeak dog toys bite resistant chewing toy for s cats pet supplies    toy  teeth cleaning,cute animals plush squeak dog toys bite resistant chewing toy for s cats pet supplies    toy  teeth cleaning,cute animals plush squeak,4.5,2207,276 sold,37,276.0,Brinquedos,Cachorro
cute cartoon pet beds for small medium dogs winter warm puppy cat sofa bed washable chihuahua bulldog kennel mascotas supplies,cute cartoon pet beds for small medium dogs winter warm puppy cat sofa bed washable chihuahua bulldog kennel mascotas supplies,cute cartoon pet beds,5.0,313014,35 sold,1145,35.0,Conforto,Cachorro
cute cat bed pet house kitten lounger cushion small dog tent mat washable puppy basket cave mat soft for cats house bed supplies,cute cat bed pet house kitten lounger cushion small dog tent mat washable puppy basket cave mat soft for cats house bed supplies,cute cat bed pet,4.8,29240,700+ sold,1264,700.0,Conforto,Cachorro
cute cat toys funny interactive plush cat toy mini teeth grinding catnip toys kitten chewing mouse toy pets supplies accessories,cute cat toys funny interactive plush cat toy mini teeth grinding catnip toys kitten chewing mouse toy pets supplies accessories,cute cat toys funny,4.9,75,364 sold,157,364.0,Brinquedos,Gato
cute cat toys funny interactive plush cat toy mini teeth grinding catnip toys kitten chewing squeaky toy pets accessories,cute cat toys funny interactive plush cat toy mini teeth grinding catnip toys kitten chewing squeaky toy pets accessories,cute cat toys funny,4.8,144,"3,000+ sold",2070,3000.0,Brinquedos,Gato
cute design pet poop bag holder dispenser without poop bag and leashes can attached with any dog leashes for valentine's day,cute design pet poop bag holder dispenser without poop bag and leashes can attached with any dog leashes for valentine's day,cute design pet poop,4.8,231,600+ sold,295,600.0,Acessórios,Cachorro
cute dog cat harness leash set breathable bowknot puppy kitten vest nylon leashes for small medium dogs cats pet accessories pug,cute dog cat harness leash set breathable bowknot puppy kitten vest nylon leashes for small medium dogs cats pet accessories pug,cute dog cat harness,4.5,39,69 sold,624,69.0,Acessórios,Cachorro
cute dog plush toys  pet duck squeak toy for puppy  sound wild goose chew toy for small middle large dogs teeth cleaning,cute dog plush toys  pet duck squeak toy for puppy  sound wild goose chew toy for small middle large dogs teeth cleaning,cute dog plush toys,4.8,96,"2,000+ sold",1446,2000.0,Brinquedos,Cachorro
cute flamingo plush dog toys funny interactive squeaky chew ropes toys for small large pets teeth cleaning supplies,cute flamingo plush dog toys funny interactive squeaky chew ropes toys for small large pets teeth cleaning supplies,cute flamingo plush dog,4.8,4,275 sold,193,275.0,Brinquedos,Cachorro
cute fruit shape cat bowl high quality ceramics cat bowl pet supplies cat food and water feeder cat accessories pet,cute fruit shape cat bowl high quality ceramics cat bowl pet supplies cat food and water feeder cat accessories pet,cute fruit shape cat,5.0,5995,48 sold,3178,48.0,Alimentação,Gato
cute love bone plush vocal dog toys containing bb called grinding teeth bite resistant interactive play pet supplies,cute love bone plush vocal dog toys containing bb called grinding teeth bite resistant interactive play pet supplies,cute love bone plush,4.8,105,700+ sold,323,700.0,Brinquedos,Cachorro
cute mouse cat toys cat supplies plush toy shake movement mouse pet kitten funny plush little mouse interactive cat toys,cute mouse cat toys cat supplies plush toy shake movement mouse pet kitten funny plush little mouse interactive cat toys,cute mouse cat toys,4.4,19505,800+ sold,533,800.0,Brinquedos,Gato
cute pet birthday caps/bibs costume pet cat dog happy birthday hat bib accessories for party decoration supplies cat hat,cute pet birthday caps/bibs costume pet cat dog happy birthday hat bib accessories for party decoration supplies cat hat,cute pet birthday caps/bibs,5.0,35,62 sold,40,62.0,Outros,Cachorro
cute plush giraffe rope pets small dogs squeaky interative toys deer dolls puppy playing chew bite toy dog training accessories,cute plush giraffe rope pets small dogs squeaky interative toys deer dolls puppy playing chew bite toy dog training accessories,cute plush giraffe rope,4.9,1034,159 sold,34,159.0,Brinquedos,Cachorro
cute plush toys squeak pet cow rabbit animal plush toy dog chew squeaky whistling involved squirrel dog toys,cute plush toys squeak pet cow rabbit animal plush toy dog chew squeaky whistling involved squirrel dog toys,cute plush toys squeak,4.9,80,600+ sold,269,600.0,Brinquedos,Cachorro
cute plush toys squeak pet elephant plush shell durable toy dog chew squeaky interactive dog toy funny pet supplies no filling,cute plush toys squeak pet elephant plush shell durable toy dog chew squeaky interactive dog toy funny pet supplies no filling,cute plush toys squeak,4.8,10,442 sold,389,442.0,Brinquedos,Cachorro
cute puppy dog cat squeaky toys bite resistant pet chew toys for small dogs animals shape mascotas accessories dog supplies pet,cute puppy dog cat squeaky toys bite resistant pet chew toys for small dogs animals shape mascotas accessories dog supplies pet,cute puppy dog cat,4.7,237,253 sold,133,253.0,Brinquedos,Cachorro
cute puppy dog cat squeaky toys bite resistant pet chew toys for small dogs animals shape mascotas accessories zabawki dla psa,schattige puppy hond kat piepende speelgoed bite resistant huisdier kauwen speelgoed voor kleine honden dieren vorm mascotas accessoires zabawki dla psa,cute puppy dog cat,4.6,10869,800+ verkocht,4802,800.0,Brinquedos,Cachorro
cute squeaky pet dog interactive chew toy puppy bite resistant thorn tooth cleaning toy molar chew toys for dogs supplies,cute squeaky pet dog interactive chew toy puppy bite resistant thorn tooth cleaning toy molar chew toys for dogs supplies,cute squeaky pet dog,3.9,577,32 sold,19,32.0,Brinquedos,Cachorro
cute squid small dog toy sound bb plush pet puppy rope toys pink chew squeak toys for cat,cute squid small dog toy sound bb plush pet puppy rope toys pink chew squeak toys for cat,cute squid small dog,4.6,120,"1,000+ sold",3027,1000.0,Brinquedos,Cachorro
deep sleep cat bed warm pet basket cozy cat house kitten lounger cushion cat nesk tent very soft small dog mat bag cave cats bed,deep sleep cat bed warm pet basket cozy cat house kitten lounger cushion cat nesk tent very soft small dog mat bag cave cats bed,deep sleep cat bed,4.7,99,700+ sold,14268,700.0,Conforto,Cachorro
degradable dog poop bag biodegradable thick pet waste bag  eco-friendly doggie green epi unscented thicker pet supplies in rolls,degradable dog poop bag biodegradable thick pet waste bag  eco-friendly doggie green epi unscented thicker pet supplies in rolls,degradable dog poop bag,4.7,46,67 sold,18,67.0,Outros,Cachorro
degradable dog poop bag dispenser led light waste bags holder dispensers poop bags set dogs trash pets clean accessories,degradable dog poop bag dispenser led light waste bags holder dispensers poop bags set dogs trash pets clean accessories,degradable dog poop bag,4.7,130,4 sold216 sold,918,220.0,Higiene,Cachorro
diagonal bag waist pocket large capacity pet snack bag multi-use outdoors dog treat bag pet supplies pet training pouch,diagonal bag waist pocket large capacity pet snack bag multi-use outdoors dog treat bag pet supplies pet training pouch,diagonal bag waist pocket,4.7,8,34 sold,24,34.0,Alimentação,Cachorro
dinosaur plush dog squeaky interactive toys for small large dogs bite resistant chew toy pets accessories,dinosaur plush dog squeaky interactive toys for small large dogs bite resistant chew toy pets accessories,dinosaur plush dog squeaky,4.5,91,313 sold,89,313.0,Brinquedos,Cachorro
dispenser garbage outdoor storag pet bags bag portable carrier trash case box for waste dog holder sack supplies cat poop,dispenser garbage outdoor storag pet bags bag portable carrier trash case box for waste dog holder sack supplies cat poop,dispenser garbage outdoor storag,4.8,106,345 sold,107,345.0,Outros,Cachorro
disposable pet poop bags dog poop bag bone dispenser with leash clip puppy dog products supplies 5roll(75pcs) bags,disposable pet poop bags dog poop bag bone dispenser with leash clip puppy dog products supplies 5roll(75pcs) bags,disposable pet poop bags,4.8,2976,164 sold,39,164.0,Acessórios,Cachorro
dog and cat self-service feeder anti-knock double bowl water bottle pet supplies stainless steel feeder cat drinking fountain,dog and cat self-service feeder anti-knock double bowl water bottle pet supplies stainless steel feeder cat drinking fountain,dog and cat self-service,4.0,108,175 sold,303,175.0,Alimentação,Cachorro
dog anti bark collar pet anti-barking device 8-27 inch dog collar dog stop bark shock collar for s/m dog dropship fast ship!,dog anti bark collar pet anti-barking device 8-27 inch dog collar dog stop bark shock collar for s/m dog dropship fast ship!,dog anti bark collar,4.9,6286,69 sold,157,69.0,Acessórios,Cachorro
"dog anti flea and tick collars,pet 8month protection adjustable collar for large dog puppy cat, dogs accessories","dog anti flea and tick collars,pet 8month protection adjustable collar for large dog puppy cat, dogs accessories",dog anti flea and,4.7,2595,"3,000+ sold",912,3000.0,Acessórios,Cachorro
"dog anti flea and tick collars,pet 8month protection adjustable collar for large dog puppy cat, dogs accessories supplies","dog anti flea and tick collars,pet 8month protection adjustable collar for large dog puppy cat, dogs accessories supplies",dog anti flea and,4.7,262,60 sold,39,60.0,Acessórios,Cachorro
dog anti lost safety glowing collar outdoor waterproof warning led flashing light strip for pet leash harness dog accessories,dog anti lost safety glowing collar outdoor waterproof warning led flashing light strip for pet leash harness dog accessories,dog anti lost safety,4.7,39,397 sold,497,397.0,Acessórios,Cachorro
dog bad mat fluffy bed puppy small dogs supplies cats pet products large pets accessories blanket breeds medium kennel baskets,dog bad mat fluffy bed puppy small dogs supplies cats pet products large pets accessories blanket breeds medium kennel baskets,dog bad mat fluffy,5.0,777,32 sold,26,32.0,Conforto,Cachorro
dog bag dispenser for dog  hands free waste carrier pet dog cleaning supplies dog leash dispenser poop bag holder,dog bag dispenser for dog  hands free waste carrier pet dog cleaning supplies dog leash dispenser poop bag holder,dog bag dispenser for,5.0,180,36 sold,43,36.0,Acessórios,Cachorro
dog bag pet puppy carrier s/l outdoor travel dog shoulder bag mesh oxford single comfort sling handbag tote pouch,dog bag pet puppy carrier s/l outdoor travel dog shoulder bag mesh oxford single comfort sling handbag tote pouch,dog bag pet puppy,4.6,76,199 sold,154,199.0,Outros,Cachorro
dog ball toys for small dogs interactive elasticity puppy chew toy tooth cleaning rubber food ball toy pet stuff accessories,dog ball toys for small dogs interactive elasticity puppy chew toy tooth cleaning rubber food ball toy pet stuff accessories,dog ball toys for,4.7,25179,"2,000+ sold",5849,2000.0,Brinquedos,Cachorro
dog bandanas large pet scarf for dog cotton plaid washable bow ties collar cat dog scarf large dog accessories pet supplies,dog bandanas large pet scarf for dog cotton plaid washable bow ties collar cat dog scarf large dog accessories pet supplies,dog bandanas large pet,5.0,16,29 sold,28,29.0,Acessórios,Cachorro
dog bed cotton linen material washable removable small pet bed chew proof outdoor cozy sleeping dogs mat dog beds for large dogs,dog bed cotton linen material washable removable small pet bed chew proof outdoor cozy sleeping dogs mat dog beds for large dogs,dog bed cotton linen,0.0,146,5 sold,6,5.0,Brinquedos,Cachorro
dog bed mat suit soft sofa kennel puppy breathable durable blanket cushion for small medium dogs pet supplies cama perro,dog bed mat suit soft sofa kennel puppy breathable durable blanket cushion for small medium dogs pet supplies cama perro,dog bed mat suit,4.7,283,169 sold,321,169.0,Conforto,Cachorro
dog bed round dog beds soft pet dog bed winter warm dog house cushion comfortable yellow fluffy kennel pad pet supplies,dog bed round dog beds soft pet dog bed winter warm dog house cushion comfortable yellow fluffy kennel pad pet supplies,dog bed round dog,3.0,11939,11 sold,13,11.0,Conforto,Cachorro
dog bed sofa mats pet accessories dogs cats flannel house for large medium small dogs house cushion cat bed,dog bed sofa mats pet accessories dogs cats flannel house for large medium small dogs house cushion cat bed,dog bed sofa mats,4.6,1426,58 sold,50,58.0,Conforto,Cachorro
dog bed sofa shape baskets bedding for dogs small medium beds pets products mat cushions pet large breeds accessories supplies,dog bed sofa shape baskets bedding for dogs small medium beds pets products mat cushions pet large breeds accessories supplies,dog bed sofa shape,5.0,10,34 sold,408,34.0,Conforto,Cachorro
dog bed super soft washable four seasons common pet kennel deep sleep dog house velvet mats sofa pet cat bed for dog basket,dog bed super soft washable four seasons common pet kennel deep sleep dog house velvet mats sofa pet cat bed for dog basket,dog bed super soft,0.0,240,0 sold,1,0.0,Conforto,Cachorro
dog birthday party decoration set pet triangle scarf cute hat bow tie collar dog accessory birthday decoration supplies,dog birthday party decoration set pet triangle scarf cute hat bow tie collar dog accessory birthday decoration supplies,dog birthday party decoration,4.8,41,142 sold,134,142.0,Acessórios,Cachorro
dog bone toys for medium large dogs tooth cleaning chew interactive training iq tpr toys french bulldog pug beagle pet supplies,dog bone toys for medium large dogs tooth cleaning chew interactive training iq tpr toys french bulldog pug beagle pet supplies,dog bone toys for,5.0,30,3 sold,2,3.0,Brinquedos,Cachorro
dog bow ties lot dog grooming pet cat dog bowties neckties pet supplies wholesale 26 mix colors,dog bow ties lot dog grooming pet cat dog bowties neckties pet supplies wholesale 26 mix colors,dog bow ties lot,4.9,14615,194 sold,347,194.0,Higiene,Cachorro
dog bowl pet floating bowl simple cat dog drink water without wet mouth cat bowl pet automatic water dispenser pet supplies,dog bowl pet floating bowl simple cat dog drink water without wet mouth cat bowl pet automatic water dispenser pet supplies,dog bowl pet floating,4.8,30,28 sold,367,28.0,Alimentação,Cachorro
dog bowl portable folding pet bowl collapsible silicone water bowl for dog outdoor travel puppy feeder dish food container,dog bowl portable folding pet bowl collapsible silicone water bowl for dog outdoor travel puppy feeder dish food container,dog bowl portable folding,0.0,20,12 sold,9,12.0,Alimentação,Cachorro
dog break stick nylon chew toys food aggressions protect pet mouth bite training stick for small medium dogs pet supplies,dog break stick nylon chew toys food aggressions protect pet mouth bite training stick for small medium dogs pet supplies,dog break stick nylon,5.0,14,15 sold,7,15.0,Brinquedos,Cachorro
dog brush bamboo dogs comb double-sided dogs hair brush pet grooming massage comb stainless steel dog hair remover pet supplies,dog brush bamboo dogs comb double-sided dogs hair brush pet grooming massage comb stainless steel dog hair remover pet supplies,dog brush bamboo dogs,5.0,457,28 sold,22,28.0,Higiene,Cachorro
dog brush pet dog hair remover cat comb grooming and care brush for matted long hair and short hair curly dog supplies pet items,dog brush pet dog hair remover cat comb grooming and care brush for matted long hair and short hair curly dog supplies pet items,dog brush pet dog,4.8,231,160 sold,524,160.0,Conforto,Cachorro
dog brush pet hair remover massage cat brush dog comb dog grooming dogs combs clothes hair collector wool sticker pet supplies,dog brush pet hair remover massage cat brush dog comb dog grooming dogs combs clothes hair collector wool sticker pet supplies,dog brush pet hair,4.4,2951,22 sold,15,22.0,Acessórios,Cachorro
dog car seat belt safety protector travel pets accessories dog leash collar breakaway solid car harness,dog car seat belt safety protector travel pets accessories dog leash collar breakaway solid car harness,dog car seat belt,4.7,1158,"10,000+ sold",6097,10000.0,Acessórios,Cachorro
dog cat collar spiked studded pet necklace for small medium dogs bulldog adjustable anti-bite collar pet supplies accessories,dog cat collar spiked studded pet necklace for small medium dogs bulldog adjustable anti-bite collar pet supplies accessories,dog cat collar spiked,5.0,286,56 sold,86,56.0,Acessórios,Cachorro
dog cat door with 4 way locking cat door flap screen pet gate cats flap window weatherproof kitten puppy interior exterior doors,dog cat door with 4 way locking cat door flap screen pet gate cats flap window weatherproof kitten puppy interior exterior doors,dog cat door with,5.0,1539,12 sold,7,12.0,Outros,Cachorro
dog cat flap door with 4 way security lock flap door for dog cats kitten abs plastic small pet gate door kit cat dogs flap doors,dog cat flap door with 4 way security lock flap door for dog cats kitten abs plastic small pet gate door kit cat dogs flap doors,dog cat flap door,4.9,207,"1,000+ sold",9667,1000.0,Outros,Cachorro
dog cat food pail plastic storage tank with measuring cup container moisture-proof sealed jar pet supplies accessories,dog cat food pail plastic storage tank with measuring cup container moisture-proof sealed jar pet supplies accessories,dog cat food pail,4.8,1028,38 sold25 sold73 sold434 sold,7951,570.0,Alimentação,Cachorro
dog cat hair removal comb pet long hair short hair pet grooming care brush trimming dematting brush dog pet grooming equipment,dog cat hair removal comb pet long hair short hair pet grooming care brush trimming dematting brush dog pet grooming equipment,dog cat hair removal,4.9,482,"2,000+ sold",663,2000.0,Conforto,Cachorro
dog cat litter shovel multifunctional deep large capacity litter scoop with holder pet cleaning supplies tool cat toilet product,dog cat litter shovel multifunctional deep large capacity litter scoop with holder pet cleaning supplies tool cat toilet product,dog cat litter shovel,5.0,3524,24 sold,57,24.0,Higiene,Cachorro
dog cat pet  training clicker with wrist strap training supplies for dogs cats pet training clicker dog supplies dog trainings,dog cat pet  training clicker with wrist strap training supplies for dogs cats pet training clicker dog supplies dog trainings,dog cat pet training,4.9,51,60 sold,9,60.0,Outros,Cachorro
dog cat pet hair clip cute lace princess crown wedding birthday party photography decoration pet supplies new year gift,dog cat pet hair clip cute lace princess crown wedding birthday party photography decoration pet supplies new year gift,dog cat pet hair,4.9,10163,67 sold,181,67.0,Outros,Cachorro
dog cat steam brush electric spray water spray kitten pet comb soft silicone depilation cats bath hair brush grooming supplies,dog cat steam brush electric spray water spray kitten pet comb soft silicone depilation cats bath hair brush grooming supplies,dog cat steam brush,4.6,1763,37 sold,19,37.0,Higiene,Cachorro
dog cat steam hair brush electric spray comb whale shape 3 in1 dog steamer massager pet grooming removing tangled and loose hair,dog cat steam hair brush electric spray comb whale shape 3 in1 dog steamer massager pet grooming removing tangled and loose hair,dog cat steam hair,4.7,3708,77 sold,43,77.0,Higiene,Cachorro
dog cat super soft pet finger toothbrush teeth cleaning bad breath care nontoxic silicone tooth brush dog cat cleaning supplies,dog cat super soft pet finger toothbrush teeth cleaning bad breath care nontoxic silicone tooth brush dog cat cleaning supplies,dog cat super soft,5.0,156,26 sold,16,26.0,Higiene,Cachorro
dog cat supplies table scissors dog comb boxes plastic storage box on the bracket pet grooming tools brushes organizer,dog cat supplies table scissors dog comb boxes plastic storage box on the bracket pet grooming tools brushes organizer,dog cat supplies table,5.0,32,251 sold,419,251.0,Higiene,Cachorro
dog cat toothbrush toothpaste kit pet cleaning tooth oral cleaner kitten puppy gel toothpaste set pet grooming supplies,dog cat toothbrush toothpaste kit pet cleaning tooth oral cleaner kitten puppy gel toothpaste set pet grooming supplies,dog cat toothbrush toothpaste,4.6,11820,184 sold,424,184.0,Higiene,Cachorro
dog chew ball toy tpr pets interactive training toys for small large dog teeth cleaning molar supplies outdoor pets ball toy,dog chew ball toy tpr pets interactive training toys for small large dog teeth cleaning molar supplies outdoor pets ball toy,dog chew ball toy,4.6,45,485 sold,103,485.0,Brinquedos,Cachorro
dog chew toy natural tpr ball with bell pet interactive training game cat playing outdoor puppy teeth cleaning molar supplies,dog chew toy natural tpr ball with bell pet interactive training game cat playing outdoor puppy teeth cleaning molar supplies,dog chew toy natural,4.8,64,82 sold,32,82.0,Brinquedos,Cachorro
dog chew toy pet squeaky ball toy teeth care cartoon big eye monster rubber latex interactive trainning puppy pet dog supplies,dog chew toy pet squeaky ball toy teeth care cartoon big eye monster rubber latex interactive trainning puppy pet dog supplies,dog chew toy pet,4.6,1994,86 sold,156,86.0,Brinquedos,Cachorro
dog chew toys ball interactive pool play floating bite resistant squeaky rubbe fidget toy supplies product for small large dogs,dog chew toys ball interactive pool play floating bite resistant squeaky rubbe fidget toy supplies product for small large dogs,dog chew toys ball,5.0,3977,21 sold,978,21.0,Brinquedos,Cachorro
dog chew toys for cleaning teeth pink soft rubber bone funny ball interactive donut treat set for small medium dogs pet gifts,dog chew toys for cleaning teeth pink soft rubber bone funny ball interactive donut treat set for small medium dogs pet gifts,dog chew toys for,4.9,1032,476 sold,467,476.0,Brinquedos,Cachorro
dog chew toys pet puppy squeaky toy cute shark toys stuffed squeaking animals plush tortoise training chewing toys pet supplies,dog chew toys pet puppy squeaky toy cute shark toys stuffed squeaking animals plush tortoise training chewing toys pet supplies,dog chew toys pet,4.9,11,500+ sold,329,500.0,Brinquedos,Cachorro
dog chew toys pink rubber toy durable molars training toy chihuahua interactive treat toys for puppy and kitten pet supplies,dog chew toys pink rubber toy durable molars training toy chihuahua interactive treat toys for puppy and kitten pet supplies,dog chew toys pink,4.3,1219,37 sold,23,37.0,Brinquedos,Cachorro
dog chew toys rubber toothbrush molar stick tooth cleaning brush toys for small large dogs interactive training toy accessories,dog chew toys rubber toothbrush molar stick tooth cleaning brush toys for small large dogs interactive training toy accessories,dog chew toys rubber,0.0,18,21 sold,49,21.0,Brinquedos,Cachorro
dog chewing rubber ball  squeaky cleaning tooth dog chew toy home funny chewing ball for dogs bite resistant pet supplies,dog chewing rubber ball  squeaky cleaning tooth dog chew toy home funny chewing ball for dogs bite resistant pet supplies,dog chewing rubber ball,5.0,46,22 sold,305,22.0,Brinquedos,Cachorro
dog chewing toy cotton slipper rope toy for small large dogs  pet teeth training molar toys interactive dog toy dog accessories,dog chewing toy cotton slipper rope toy for small large dogs  pet teeth training molar toys interactive dog toy dog accessories,dog chewing toy cotton,4.4,26,211 sold,131,211.0,Brinquedos,Cachorro
dog chewing toy cute shark toy filling squeaky animal plush turtle training chewing toy pet supplies,dog chewing toy cute shark toy filling squeaky animal plush turtle training chewing toy pet supplies,dog chewing toy cute,5.0,24,6 sold,4,6.0,Brinquedos,Cachorro
dog chewing toy teeth grinding dog toy funny shoe shaped puppy biting plaything puppy interactive pet dog supplies,dog chewing toy teeth grinding dog toy funny shoe shaped puppy biting plaything puppy interactive pet dog supplies,dog chewing toy teeth,5.0,2,28 sold,15,28.0,Brinquedos,Cachorro
dog clothes autumn winter puppy pet dog coat jacket for small medium dogs thicken warm chihuahua yorkies clothes pets clothing,dog clothes autumn winter puppy pet dog coat jacket for small medium dogs thicken warm chihuahua yorkies clothes pets clothing,dog clothes autumn winter,4.9,668,257 sold,8685,257.0,Acessórios,Cachorro
dog clothes for small dogs yorkia mini chihuahua dog clothes winter cat jacket coat for pug puppy down coat sphynx pets apparel,dog clothes for small dogs yorkia mini chihuahua dog clothes winter cat jacket coat for pug puppy down coat sphynx pets apparel,dog clothes for small,4.7,103,134 sold,229,134.0,Acessórios,Cachorro
dog collapsible bowl folding silicone pet travel bowls food water feeding bpa free foldable cup dish with carabiner,dog collapsible bowl folding silicone pet travel bowls food water feeding bpa free foldable cup dish with carabiner,dog collapsible bowl folding,4.9,69902,129 sold,146,129.0,Alimentação,Cachorro
dog collar anti-stroke collar pet collar solid color nylon material fashionable pet supplies pet accessories dog accessories,dog collar anti-stroke collar pet collar solid color nylon material fashionable pet supplies pet accessories dog accessories,dog collar anti-stroke collar,4.8,215,24 sold,26,24.0,Acessórios,Cachorro
dog collar cute lace bow pet dog cat collar adjustable cat necklace jewelry sweet neck decorative pet accessories pet supplies,dog collar cute lace bow pet dog cat collar adjustable cat necklace jewelry sweet neck decorative pet accessories pet supplies,dog collar cute lace,4.6,197,389 sold,1394,389.0,Acessórios,Cachorro
dog collar light luminous flashing glowing bright nylon reflective led dog collar night safety for cats puppy pet supplies,dog collar light luminous flashing glowing bright nylon reflective led dog collar night safety for cats puppy pet supplies,dog collar light luminous,4.3,576,163 sold,108,163.0,Acessórios,Cachorro
dog collar p chain for dog walking adjustable dogs collar p rope pet collars nylon dogs harness puppy training rope pet supplies,dog collar p chain for dog walking adjustable dogs collar p rope pet collars nylon dogs harness puppy training rope pet supplies,dog collar p chain,5.0,11973,28 sold,17,28.0,Acessórios,Cachorro
dog collar pet grooming loops safety rope leash leads dog accessories nylon restraint noose solid color pet supplies adjustable,dog collar pet grooming loops safety rope leash leads dog accessories nylon restraint noose solid color pet supplies adjustable,dog collar pet grooming,5.0,120,254 sold,551,254.0,Acessórios,Cachorro
dog collars creative shiny diamond bowknot decoration cute pet collars cat collars pet supplies pet accessories pet products,dog collars creative shiny diamond bowknot decoration cute pet collars cat collars pet supplies pet accessories pet products,dog collars creative shiny,4.8,35,62 sold,82,62.0,Acessórios,Cachorro
dog comb stainless steel knot knife cat brush massage dog brush pet grooming dogs hair knife comb cleaning tools pet supplies,dog comb stainless steel knot knife cat brush massage dog brush pet grooming dogs hair knife comb cleaning tools pet supplies,dog comb stainless steel,4.7,2441,63 sold,63,63.0,Higiene,Cachorro
dog communication buttons voice recording button for pet training buzzer 30 second record playback funny gift for talking,dog communication buttons voice recording button for pet training buzzer 30 second record playback funny gift for talking,dog communication buttons voice,4.8,270,"1,000+ sold",1379,1000.0,Outros,Cachorro
dog cooling bed mat summer puppy cushion soft non-slip pet sleeping mats for small medium dogs pet accessories,dog cooling bed mat summer puppy cushion soft non-slip pet sleeping mats for small medium dogs pet accessories,dog cooling bed mat,4.5,529,20 sold,38,20.0,Conforto,Cachorro
dog cooling mat summer pad pet mat bed for dogs cat blanket sofa breathable summer washable pet supplies accessories,dog cooling mat summer pad pet mat bed for dogs cat blanket sofa breathable summer washable pet supplies accessories,dog cooling mat summer,4.65,199,"332 sold1,000+ sold",1294,1332.0,Conforto,Cachorro
dog corduroy toys  animal shape plush  squeaky chew bite resistant toy pets accessories supplies  for small large dogs,dog corduroy toys  animal shape plush  squeaky chew bite resistant toy pets accessories supplies  for small large dogs,dog corduroy toys animal,4.7,229,465 sold,174,465.0,Brinquedos,Cachorro
dog cotton rope pet dog molar rope pet dogs durable bite resistant rope chew toys pets teeth cleaning supplies for small meduim,dog cotton rope pet dog molar rope pet dogs durable bite resistant rope chew toys pets teeth cleaning supplies for small meduim,dog cotton rope pet,4.699999999999999,339,42 sold124 sold,753,166.0,Brinquedos,Cachorro
dog cover adjustable nylon tape soft silicone duckbill design breathable dog muzzle anti biting training stop chew pet supplies,dog cover adjustable nylon tape soft silicone duckbill design breathable dog muzzle anti biting training stop chew pet supplies,dog cover adjustable nylon,4.3,48,25 sold,111,25.0,Brinquedos,Cachorro
dog crate  cage pet  for large s folding metal   double door w/divider panel,dog crate  cage pet  for large s folding metal   double door w/divider panel,dog crate cage pet,5.0,18,2 sold,11,2.0,Outros,Cachorro
dog crates kit for small size s indoor with  crate cover,dog crates kit for small size s indoor with  crate cover,dog crates kit for,0.0,18,2 sold,0,2.0,Outros,Cachorro
dog donkey cute animal toy molar training teddy interactive pet puppy toys dog supplies,dog donkey cute animal toy molar training teddy interactive pet puppy toys dog supplies,dog donkey cute animal,4.9,6,134 sold,103,134.0,Brinquedos,Cachorro
dog dryer smart hair dryer for dogs pet mascotas perros cat brush hair removing combing blow comb grooming accessories supplies,dog dryer smart hair dryer for dogs pet mascotas perros cat brush hair removing combing blow comb grooming accessories supplies,dog dryer smart hair,3.8,14,37 sold,182,37.0,Higiene,Cachorro
dog eyewear pet sunglasses clear vision adjustable uv protection eye protection pet cat pet supplies,dog eyewear pet sunglasses clear vision adjustable uv protection eye protection pet cat pet supplies,dog eyewear pet sunglasses,4.7,40,35 sold,51,35.0,Outros,Cachorro
dog fence dog gate ingenious mesh for indoor and outdoor safe pet dog gate safety enclosure pet supplies baby safety gate,dog fence dog gate ingenious mesh for indoor and outdoor safe pet dog gate safety enclosure pet supplies baby safety gate,dog fence dog gate,4.5,453,118 sold,59,118.0,Outros,Cachorro
dog flying discs silicone flying saucer floating bite resistant dog interactive game toy pet training supplies,dog flying discs silicone flying saucer floating bite resistant dog interactive game toy pet training supplies,dog flying discs silicone,0.0,137,2 sold,2,2.0,Brinquedos,Cachorro
dog flying disk toy interactive chew saucer discs toys outdoor training playthings anti-chew environmentally game pet supplies,dog flying disk toy interactive chew saucer discs toys outdoor training playthings anti-chew environmentally game pet supplies,dog flying disk toy,4.2,20,64 sold,27,64.0,Brinquedos,Cachorro
dog food bag waterproof moisture-proof pet outdoor training dog food bag dog cat silicone snack bag storage bag pet supplies,dog food bag waterproof moisture-proof pet outdoor training dog food bag dog cat silicone snack bag storage bag pet supplies,dog food bag waterproof,4.6,70,106 sold,151,106.0,Alimentação,Cachorro
dog food launcher pet snack jump training toy puppy interactive catapult feeder german shepherd outdoor travel toys pet supplies,dog food launcher pet snack jump training toy puppy interactive catapult feeder german shepherd outdoor travel toys pet supplies,dog food launcher pet,4.0,69,76 sold,55,76.0,Brinquedos,Cachorro
dog foot cup paw washer cleaner dog cat foot cleaning brush soft silicone dog paw cleaning tool pet paw cleaning bucket supplies,dog foot cup paw washer cleaner dog cat foot cleaning brush soft silicone dog paw cleaning tool pet paw cleaning bucket supplies,dog foot cup paw,0.0,2695,5 sold,2,5.0,Higiene,Cachorro
dog gate ingenious mesh dog fence for indoor and outdoor safe pet dog gate safety enclosure pet supplies  baby safety gate,dog gate ingenious mesh dog fence for indoor and outdoor safe pet dog gate safety enclosure pet supplies  baby safety gate,dog gate ingenious mesh,3.7,328,600+ sold,3156,600.0,Outros,Cachorro
dog grooming brush pet shampoo bath brushes with adjustable handle for massage shedding long short haired dogs puppy cats,dog grooming brush pet shampoo bath brushes with adjustable handle for massage shedding long short haired dogs puppy cats,dog grooming brush pet,0.0,197,2 sold,4,2.0,Higiene,Cachorro
dog hair brush cat comb pet hair remover brush for dogs cats puppy kitten grooming tools dogs dematting comb pet supplies,dog hair brush cat comb pet hair remover brush for dogs cats puppy kitten grooming tools dogs dematting comb pet supplies,dog hair brush cat,5.0,1819,50 sold,10,50.0,Conforto,Cachorro
dog hair brush combs dog open knot comb cat hair device special hair removal brush dog cat pin comb pet supplies,dog hair brush combs dog open knot comb cat hair device special hair removal brush dog cat pin comb pet supplies,dog hair brush combs,5.0,31,30 sold,58,30.0,Higiene,Cachorro
dog hair clips sweet bow hairpins pets puppy hairpins decor grooming accessoires pet supplies,dog hair clips sweet bow hairpins pets puppy hairpins decor grooming accessoires pet supplies,dog hair clips sweet,4.9,1023,315 sold,358,315.0,Higiene,Cachorro
dog hair remover brush cat dog hair grooming and care comb for long hair dog pet removes hairs cleaning bath brush dog supplies,dog hair remover brush cat dog hair grooming and care comb for long hair dog pet removes hairs cleaning bath brush dog supplies,dog hair remover brush,4.8,6371,"1,000+ sold",848,1000.0,Higiene,Cachorro
dog hair remover brush cat hair grooming and care comb for long hair dog pet removes hairs cleaning bath brush pet supplies,dog hair remover brush cat hair grooming and care comb for long hair dog pet removes hairs cleaning bath brush pet supplies,dog hair remover brush,5.0,6326,22 sold,2,22.0,Higiene,Cachorro
dog hair remover deshedding brush comb glove for animals dogs cats grooming tools pet supplies puppy cleaning massage products,dog hair remover deshedding brush comb glove for animals dogs cats grooming tools pet supplies puppy cleaning massage products,dog hair remover deshedding,5.0,224,44 sold,62,44.0,Higiene,Cachorro
dog harness and leash set for small medium dog breathable mesh harness french bulldog harness vest pet walking training supplies,dog harness and leash set for small medium dog breathable mesh harness french bulldog harness vest pet walking training supplies,dog harness and leash,5.0,28,32 sold,357,32.0,Acessórios,Cachorro
dog harness collar dog leash nylon adjustable pet dog leash high quality rope dog leash leash pet collar pet supplies,dog harness collar dog leash nylon adjustable pet dog leash high quality rope dog leash leash pet collar pet supplies,dog harness collar dog,4.6,33,33 sold,10,33.0,Acessórios,Cachorro
dog harness dog collar dog leash macarone color cat accessories pet small dog accessories small dog harnessdog supplies,dog harness dog collar dog leash macarone color cat accessories pet small dog accessories small dog harnessdog supplies,dog harness dog collar,4.7,3128,477 sold,2519,477.0,Acessórios,Cachorro
"dog harness easy on and off adjustable medium large dogs,reflective no pull training vest for pet dogs walking harness","dog harness easy on and off adjustable medium large dogs,reflective no pull training vest for pet dogs walking harness",dog harness easy on,4.6,93,56 sold,11942,56.0,Acessórios,Cachorro
dog harness for small dogs cats adjustable pet harness and leash set breathable vest for pug chihuahua bulldog dog accessories,dog harness for small dogs cats adjustable pet harness and leash set breathable vest for pug chihuahua bulldog dog accessories,dog harness for small,4.6,1610,325 sold,198,325.0,Acessórios,Cachorro
dog harness pet adjustable reflective saddle for small medium dogs cats no pull puppy breathable mesh harnesses pet supplies,dog harness pet adjustable reflective saddle for small medium dogs cats no pull puppy breathable mesh harnesses pet supplies,dog harness pet adjustable,4.6,171,38 sold,36,38.0,Acessórios,Cachorro
dog harness vest chest cat collars rope adjustable breathable mesh dog harness clothes outdoor walking small medium pet supplies,dog harness vest chest cat collars rope adjustable breathable mesh dog harness clothes outdoor walking small medium pet supplies,dog harness vest chest,4.9,477,128 sold,76,128.0,Acessórios,Cachorro
dog harness with 1.2m leash set adjustable pet harness for puppy cats french bulldog chihuahua outdoor walking lead leash,dog harness with 1.2m leash set adjustable pet harness for puppy cats french bulldog chihuahua outdoor walking lead leash,dog harness with 1.2m,5.0,23894,140 sold,177,140.0,Acessórios,Cachorro
dog harness with leash adjustable vest walking supplies soft breathable pet accessories for chihuahua pug small puppy dog lead,dog harness with leash adjustable vest walking supplies soft breathable pet accessories for chihuahua pug small puppy dog lead,dog harness with leash,5.0,74904,52 sold,65,52.0,Acessórios,Cachorro
"dog harness, no-pull pet harness with 2 leash clips, adjustable soft padded dog vest, black","dog harness, no-pull pet harness with 2 leash clips, adjustable soft padded dog vest, black","dog harness, no-pull pet",4.6,49,375 sold,250,375.0,Acessórios,Cachorro
dog house tent cat bed pet cushion waterproof automatic camping tent light weight cat kennel shelter outdoor indoor dog house,dog house tent cat bed pet cushion waterproof automatic camping tent light weight cat kennel shelter outdoor indoor dog house,dog house tent cat,4.8,1,22 sold,91,22.0,Conforto,Cachorro
dog id heart tag custom personalized cat collar pendant engraved pet necklace chain charm supplies for name products,dog id heart tag custom personalized cat collar pendant engraved pet necklace chain charm supplies for name products,dog id heart tag,4.8,26988,"1,000+ sold",2590,1000.0,Acessórios,Cachorro
dog id tag for pet collar stainless stee accessories personalized puppy cat dog id tag customized pet products supplies,dog id tag for pet collar stainless stee accessories personalized puppy cat dog id tag customized pet products supplies,dog id tag for,5.0,57967,45 sold,21,45.0,Acessórios,Cachorro
dog inflatable cone collar adjustable washable pet recovery cone after surgery protective collar for large medium small dogs cat,dog inflatable cone collar adjustable washable pet recovery cone after surgery protective collar for large medium small dogs cat,dog inflatable cone collar,4.9,195,67 sold,74,67.0,Acessórios,Cachorro
dog interactive training toy pet snack catapult launcher outdoor beach toy dog cat treat launcher snack food feeder pet supplies,dog interactive training toy pet snack catapult launcher outdoor beach toy dog cat treat launcher snack food feeder pet supplies,dog interactive training toy,3.8,661,28 sold,25,28.0,Brinquedos,Cachorro
dog interactive water toys pet fake turkey interactive training chewing toys pet supplies suitable for medium large dogs,dog interactive water toys pet fake turkey interactive training chewing toys pet supplies suitable for medium large dogs,dog interactive water toys,4.8,16,75 sold,56,75.0,Brinquedos,Cachorro
dog kennel beds dogs plush bed accessories puppy supplies small medium large basket for washable & furniture warm pet cats pets,dog kennel beds dogs plush bed accessories puppy supplies small medium large basket for washable & furniture warm pet cats pets,dog kennel beds dogs,4.7,207,43 sold,256,43.0,Brinquedos,Cachorro
dog kennel cat kennel plush flower shape pet kennel dog mattress pet bed pet pet supplies,dog kennel cat kennel plush flower shape pet kennel dog mattress pet bed pet pet supplies,dog kennel cat kennel,0.0,3728,0 sold,1,0.0,Brinquedos,Cachorro
dog kennel four seasons universal small dog mat winter dog kennel pet kennel,dog kennel four seasons universal small dog mat winter dog kennel pet kennel,dog kennel four seasons,1.0,72014,61 sold,392,61.0,Conforto,Cachorro
dog latex toys sound squeaky elephant cow animal chew pet rubber vocal toys for small large dogs bite resistant interactive toy,dog latex toys sound squeaky elephant cow animal chew pet rubber vocal toys for small large dogs bite resistant interactive toy,dog latex toys sound,4.8,74,180 sold,54,180.0,Brinquedos,Cachorro
dog leash reflective short leashes for large dogs walking explosion-proof dog walker soft handle big dogs leashes pet supplies,dog leash reflective short leashes for large dogs walking explosion-proof dog walker soft handle big dogs leashes pet supplies,dog leash reflective short,4.8,7750,80 sold,203,80.0,Acessórios,Cachorro
dog leash set paw print pet traction rope puppy collar multiple colors with bell adjustable puppy cat accessories pet supplies,dog leash set paw print pet traction rope puppy collar multiple colors with bell adjustable puppy cat accessories pet supplies,dog leash set paw,4.6,167,62 sold,20,62.0,Acessórios,Cachorro
dog leash short leashes for large dog walking reflective dogs leash comfortable handle pet chain rope dogs leashes pet supplies,dog leash short leashes for large dog walking reflective dogs leash comfortable handle pet chain rope dogs leashes pet supplies,dog leash short leashes,4.8,4755,335 sold,183,335.0,Acessórios,Cachorro
dog leash winnie the pooh harness leash cat walking dog small dog teddy vest style harness pet supplies,dog leash winnie the pooh harness leash cat walking dog small dog teddy vest style harness pet supplies,dog leash winnie the,4.0,11946,45 sold,14,45.0,Acessórios,Cachorro
dog lice clipping tick clipping stainless steel pet flea treatment tick removal tool set fork tweezers clip for dog cat supplies,dog lice clipping tick clipping stainless steel pet flea treatment tick removal tool set fork tweezers clip for dog cat supplies,dog lice clipping tick,4.9,21,77 sold,35,77.0,Alimentação,Cachorro
dog litter cat litter long plush circular pet litter dog bed winter dog mat pet bed pet supplies,dog litter cat litter long plush circular pet litter dog bed winter dog mat pet bed pet supplies,dog litter cat litter,4.3,19951,40 sold,26,40.0,Brinquedos,Cachorro
dog mat beds for dogs kennel washable bed pets products supplies cushion small large accessorys plush medium sofa pet cats puppy,dog mat beds for dogs kennel washable bed pets products supplies cushion small large accessorys plush medium sofa pet cats puppy,dog mat beds for,4.0,72,24 sold,264,24.0,Brinquedos,Cachorro
dog mat cooling summer pad mat for dogs cat blanket sofa breathable pet dog bed summer washable for small medium large dogs car,dog mat cooling summer pad mat for dogs cat blanket sofa breathable pet dog bed summer washable for small medium large dogs car,dog mat cooling summer,4.7,762,"3,000+ sold",4512,3000.0,Conforto,Cachorro
dog molar stick food grade bone shape dog tooth cleaning interactive bite resistant for small pet with slight bite force,dog molar stick food grade bone shape dog tooth cleaning interactive bite resistant for small pet with slight bite force,dog molar stick food,4.3,437,"1,000+ sold",587,1000.0,Brinquedos,Cachorro
dog molar stick food grade silicone bpa free bone shape dog tooth cleaning interactive bite resistant simulated pet supplies,dog molar stick food grade silicone bpa free bone shape dog tooth cleaning interactive bite resistant simulated pet supplies,dog molar stick food,4.2,23,76 sold,23,76.0,Brinquedos,Cachorro
dog molar toy food grade silicone bpa cute little monster dog tooth cleaning interactive bite resistant sound toy pet supplies,dog molar toy food grade silicone bpa cute little monster dog tooth cleaning interactive bite resistant sound toy pet supplies,dog molar toy food,4.7,20,213 sold,330,213.0,Brinquedos,Cachorro
dog mouth muzzles anti bark dog collar breathable dog training tool nylon muzzle set with reflective strips summer pet leashes,dog mouth muzzles anti bark dog collar breathable dog training tool nylon muzzle set with reflective strips summer pet leashes,dog mouth muzzles anti,4.6,467,"1,000+ sold",1363,1000.0,Acessórios,Cachorro
dog muzzle breathable adjustable comfortable pet muzzle anti-chewing anti-biting dog muzzle pet supplies,dog muzzle breathable adjustable comfortable pet muzzle anti-chewing anti-biting dog muzzle pet supplies,dog muzzle breathable adjustable,0.0,71,10 sold,6,10.0,Brinquedos,Cachorro
dog muzzle puppy and large dog anti barking adjustable anti-biting mesh breathable soft pet mouth muzzles straps doggie supplies,dog muzzle puppy and large dog anti barking adjustable anti-biting mesh breathable soft pet mouth muzzles straps doggie supplies,dog muzzle puppy and,4.7,205,"1,000+ sold28 sold",686,1028.0,Outros,Cachorro
dog natural rubber chew toy dog geometric safety ball pet interactive balls puppy training playing teeth cleaning hollow toys,dog natural rubber chew toy dog geometric safety ball pet interactive balls puppy training playing teeth cleaning hollow toys,dog natural rubber chew,5.0,1998,149 sold,107,149.0,Brinquedos,Cachorro
dog noise-proof warm earmuffs pet ears cover turban outdoor dog cat soothing emotions keep pet ears clean winter cat supplies,dog noise-proof warm earmuffs pet ears cover turban outdoor dog cat soothing emotions keep pet ears clean winter cat supplies,dog noise-proof warm earmuffs,4.5,87,186 sold,367,186.0,Higiene,Cachorro
dog paw print pad safe non-toxic footprint handprint puppy printing ink kit diy souvenir french bulldog chihuahua pet supplies,dog paw print pad safe non-toxic footprint handprint puppy printing ink kit diy souvenir french bulldog chihuahua pet supplies,dog paw print pad,0.0,50,0 sold,0,0.0,Sanitário,Cachorro
dog paw washing foam pet foot cleaning foam rinse-free paw cleaner no washing claw care supplies for cat with silicone brush,dog paw washing foam pet foot cleaning foam rinse-free paw cleaner no washing claw care supplies for cat with silicone brush,dog paw washing foam,5.0,987,38 sold,43,38.0,Higiene,Cachorro
dog pee pad blanket reusable absorbent diaper washable puppy training pad pet bed urine mat moisture-proof for pets dog supplies,dog pee pad blanket reusable absorbent diaper washable puppy training pad pet bed urine mat moisture-proof for pets dog supplies,dog pee pad blanket,4.8,126,208 sold,77,208.0,Conforto,Cachorro
"dog pen fences 16 panels 32"" height dogs exercise pen with 2 doors indoor playpen for the yard rv camping freight free fence pet","dog pen fences 16 panels 32"" height dogs exercise pen with 2 doors indoor playpen for the yard rv camping freight free fence pet",dog pen fences 16,0.0,6000,0 sold,1,0.0,Outros,Cachorro
dog pet click clicker training trainer toy aid guide wrist band accessories set dogs supplies dog trainings tools pet accessory,dog pet click clicker training trainer toy aid guide wrist band accessories set dogs supplies dog trainings tools pet accessory,dog pet click clicker,4.9,4,53 sold,51,53.0,Brinquedos,Cachorro
dog planet treat toy for small large dogs cat food dispensing funny interactive training toy puppy slow feed pet improve iq,dog planet treat toy for small large dogs cat food dispensing funny interactive training toy puppy slow feed pet improve iq,dog planet treat toy,4.6,204,"1,000+ sold",4125,1000.0,Brinquedos,Cachorro
dog plush animal shell toys bite resistant teeth interactive play pet supplies,dog plush animal shell toys bite resistant teeth interactive play pet supplies,dog plush animal shell,4.6,55,188 sold,87,188.0,Brinquedos,Cachorro
dog plush chew toy cute koala shape bite resistant teeth interactive play pet supplies,dog plush chew toy cute koala shape bite resistant teeth interactive play pet supplies,dog plush chew toy,4.9,19,67 sold,37,67.0,Brinquedos,Cachorro
dog plush sound making toys chewing teeth grinding training plaything squeaking interactive mops lint puppy toy pet supplies,dog plush sound making toys chewing teeth grinding training plaything squeaking interactive mops lint puppy toy pet supplies,dog plush sound making,4.5,85,198 sold,51,198.0,Brinquedos,Cachorro
dog plush toys pet squeaky animal toy dog bite-resistant clean teeth chew toy pet supplies interactive toys lion elephant monkey,dog plush toys pet squeaky animal toy dog bite-resistant clean teeth chew toy pet supplies interactive toys lion elephant monkey,dog plush toys pet,5.0,256,13 sold,3,13.0,Brinquedos,Cachorro
dog plush toys pet squeaky champagne wine bottle shape toy dog bite-resistant clean teeth chew toy interactive toy pet supplies,dog plush toys pet squeaky champagne wine bottle shape toy dog bite-resistant clean teeth chew toy interactive toy pet supplies,dog plush toys pet,4.8,92,159 sold,138,159.0,Brinquedos,Cachorro
dog plush toys pet squeaky printed beer bottle shape toy dog bite-resistant clean teeth chew toy pet supplies interactive toys,dog plush toys pet squeaky printed beer bottle shape toy dog bite-resistant clean teeth chew toy pet supplies interactive toys,dog plush toys pet,4.9,43,500+ sold,183,500.0,Brinquedos,Cachorro
dog plush toys screaming chicken funny pets interactive squeaky chew toy for small large dogs supplies,dog plush toys screaming chicken funny pets interactive squeaky chew toy for small large dogs supplies,dog plush toys screaming,5.0,4,61 sold,13,61.0,Brinquedos,Cachorro
dog poop bag carrier portable pet waste bag dispenser luxury stylish dog garbage holder dispensers cleaning supplies,dog poop bag carrier portable pet waste bag dispenser luxury stylish dog garbage holder dispensers cleaning supplies,dog poop bag carrier,3.7,40271,36 sold900+ sold4 sold317 sold,1176,1257.0,Higiene,Cachorro
dog poop bag dispenser hangingable dog poop bag holder poo bags dispenser for dogs walking garbage bags dispensers pet supplies,dog poop bag dispenser hangingable dog poop bag holder poo bags dispenser for dogs walking garbage bags dispensers pet supplies,dog poop bag dispenser,4.5,2440,79 sold,34,79.0,Outros,Cachorro
dog poop bag dispenser portable outdoor poop bag holder dog toilet bag pet waste bag pet supplies dog supplies dogs bags home,dog poop bag dispenser portable outdoor poop bag holder dog toilet bag pet waste bag pet supplies dog supplies dogs bags home,dog poop bag dispenser,4.8,2939,190 sold,51,190.0,Outros,Cachorro
dog poop bag holder pet waste carrier clip hands-free dog leash dispenser outdoor walking puppy poop bags clip easy to carry,dog poop bag holder pet waste carrier clip hands-free dog leash dispenser outdoor walking puppy poop bags clip easy to carry,dog poop bag holder,4.8,92,180 sold,85,180.0,Acessórios,Cachorro
dog poop bag holder portable pet waste bag dispenser capsule shape dog garbage holder dispensers cleaning supplies,dog poop bag holder portable pet waste bag dispenser capsule shape dog garbage holder dispensers cleaning supplies,dog poop bag holder,5.0,1089,10 sold,4,10.0,Higiene,Cachorro
dog poop bag holder travel adjustable canvas mini dog garbage bag poop bag dispenser portable cleaning tools,"porte-sac à merde pour chien, accessoire de voyage réglable en toile, mini sac à ordures pour chien, distributeur de sacs à excréments, outils de nettoyage portables",dog poop bag holder,4.4,2876,121 Vendus,398,121.0,Higiene,Cachorro
dog poop bag holder with carabiner fits any leash portable garbage pet cleaning supplies dog walking poop bag dispenser,dog poop bag holder with carabiner fits any leash portable garbage pet cleaning supplies dog walking poop bag dispenser,dog poop bag holder,0.0,55,6 sold,5,6.0,Acessórios,Cachorro
dog poop bag outdoor cleaning poop bag outdoor clean pets supplies for dog 15bags/roll refill garbage bag pet supplies,dog poop bag outdoor cleaning poop bag outdoor clean pets supplies for dog 15bags/roll refill garbage bag pet supplies,dog poop bag outdoor,0.0,1998,1 sold,0,1.0,Higiene,Cachorro
dog poop bag outdoor cleaning poop bag outdoor clean pets supplies for dog garbage bag pet supplies,dog poop bag outdoor cleaning poop bag outdoor clean pets supplies for dog garbage bag pet supplies,dog poop bag outdoor,4.6,56,36 sold,7,36.0,Higiene,Cachorro
dog poop bags biodegradable pet garbage bag dispenser cat waste bags doggie outdoor home clean poop garbage bag pet supplies,dog poop bags biodegradable pet garbage bag dispenser cat waste bags doggie outdoor home clean poop garbage bag pet supplies,dog poop bags biodegradable,4.9,73,160 sold,22,160.0,Higiene,Cachorro
dog poop bags dispenser led light dog waste bag holder disposable garbage bag case for dogs cats outdoor pets clean accessories,dog poop bags dispenser led light dog waste bag holder disposable garbage bag case for dogs cats outdoor pets clean accessories,dog poop bags dispenser,5.0,35,2 sold,3,2.0,Higiene,Cachorro
dog poop pickup bag dispenser with leash clip pet waste bag dispenser for dog pooper pet outdoor poopbag leathers holder,dog poop pickup bag dispenser with leash clip pet waste bag dispenser for dog pooper pet outdoor poopbag leathers holder,dog poop pickup bag,5.0,299,82 sold,80,82.0,Acessórios,Cachorro
dog portable bowl outdoor pet food double bowls foldable non-slip anti-choking slowly feed silicone cat travel bowl pet supplies,dog portable bowl outdoor pet food double bowls foldable non-slip anti-choking slowly feed silicone cat travel bowl pet supplies,dog portable bowl outdoor,5.0,20,17 sold,26,17.0,Alimentação,Cachorro
dog puzzle toys pet food interactive tumbler slow feeder puppy toy snack treat dispenser for pet dogs iq training dog supplies,dog puzzle toys pet food interactive tumbler slow feeder puppy toy snack treat dispenser for pet dogs iq training dog supplies,dog puzzle toys pet,5.0,1,85 sold,83,85.0,Brinquedos,Cachorro
dog ringer pet supplies trainer metal sounding bell cat and dog barking ordering bell dog footprints intelligence toy,dog ringer pet supplies trainer metal sounding bell cat and dog barking ordering bell dog footprints intelligence toy,dog ringer pet supplies,5.0,483,14 sold,3,14.0,Brinquedos,Cachorro
dog rope chew toy durable cotton braided rope puppy kitten teeth cleaning toys outdoor training pet supplies,dog rope chew toy durable cotton braided rope puppy kitten teeth cleaning toys outdoor training pet supplies,dog rope chew toy,4.8,1,96 sold,61,96.0,Brinquedos,Cachorro
dog rope knot chew toy for small large pets teeth grinding squeaky toys funny braided interactive dog supplies,dog rope knot chew toy for small large pets teeth grinding squeaky toys funny braided interactive dog supplies,dog rope knot chew,5.0,8,2 sold,3,2.0,Brinquedos,Cachorro
dog running leashes hands freely jogging pull lead dog accessories leash for large dogs traction rope pet dog supplies,dog running leashes hands freely jogging pull lead dog accessories leash for large dogs traction rope pet dog supplies,dog running leashes hands,4.6,47,192 sold,131,192.0,Acessórios,Cachorro
dog shiny rhinestone collar cat heart diamond jewelry necklace pet bling princess collar puppy supplies chihuahua accessories,dog shiny rhinestone collar cat heart diamond jewelry necklace pet bling princess collar puppy supplies chihuahua accessories,dog shiny rhinestone collar,4.6,70,212 sold,391,212.0,Acessórios,Cachorro
"dog shock collar - dog training collar for dogs (8-140lbs) with vibration, electric shock, beep,rechargeable and waterproof with","dog shock collar - dog training collar for dogs (8-140lbs) with vibration, electric shock, beep,rechargeable and waterproof with",dog shock collar -,5.0,39990,9 sold,45,9.0,Acessórios,Cachorro
"dog shower gloves, pet massage bath brushes, absorbent cotton cloth, cat shower brush supplies","dog shower gloves, pet massage bath brushes, absorbent cotton cloth, cat shower brush supplies","dog shower gloves, pet",5.0,298,2 sold,3,2.0,Higiene,Cachorro
dog sleep bed dog pet bed removable thickening deepsleeping pets nest washable baskets cushion mat pet home supplies cama perro,dog sleep bed dog pet bed removable thickening deepsleeping pets nest washable baskets cushion mat pet home supplies cama perro,dog sleep bed dog,0.0,4,1 sold,20,1.0,Conforto,Cachorro
dog slow feeder toys interactive puzzle durable dog food dispenser mental treat stimulation chase rolling puppy toy pet supplies,dog slow feeder toys interactive puzzle durable dog food dispenser mental treat stimulation chase rolling puppy toy pet supplies,dog slow feeder toys,4.7,8,31 sold,40,31.0,Brinquedos,Cachorro
dog snack catapult launcher dog cat treat launcher snack food feeder catapult pet interactive training toys outdoor beach toys,dog snack catapult launcher dog cat treat launcher snack food feeder catapult pet interactive training toys outdoor beach toys,dog snack catapult launcher,4.4,1873,141 sold,100,141.0,Brinquedos,Cachorro
"dog sniffing ball toy, dog puzzle hidden food ball toy, educational anti-tampering home pet toy, suitable for small dogs","dog sniffing ball toy, dog puzzle hidden food ball toy, educational anti-tampering home pet toy, suitable for small dogs","dog sniffing ball toy,",4.8,5885,600+ sold,687,600.0,Brinquedos,Cachorro
dog sofa pet bed kennel mat soft puppy beds cat house warm pets couch cats supplies large dog winter multifunction accessories,dog sofa pet bed kennel mat soft puppy beds cat house warm pets couch cats supplies large dog winter multifunction accessories,dog sofa pet bed,4.9,35970,36 sold,3410,36.0,Conforto,Cachorro
dog soft pet finger toothbrush teeth cleaning bad breath care silicone tooth brush tool cat cleaning supplies pet oral cleaning,dog soft pet finger toothbrush teeth cleaning bad breath care silicone tooth brush tool cat cleaning supplies pet oral cleaning,dog soft pet finger,0.0,77,2 sold,3,2.0,Higiene,Cachorro
dog sounding toy molar training decompress interactive bite resistant donkey shape plush toys pet supplies,dog sounding toy molar training decompress interactive bite resistant donkey shape plush toys pet supplies,dog sounding toy molar,4.8,465,500+ sold,470,500.0,Brinquedos,Cachorro
dog spill toy biomimetic pineapple dog toy interactive puzzle card food pet supplies spill ball pet interactive toys,dog spill toy biomimetic pineapple dog toy interactive puzzle card food pet supplies spill ball pet interactive toys,dog spill toy biomimetic,5.0,200,32 sold,104,32.0,Brinquedos,Cachorro
dog squeak toys pet sniffing plush snails toys tibetan food molar puzzle dog toys interactive dog puzzle toy feeder pet supply,dog squeak toys pet sniffing plush snails toys tibetan food molar puzzle dog toys interactive dog puzzle toy feeder pet supply,dog squeak toys pet,4.6,1026,30 sold71 sold,66,101.0,Brinquedos,Cachorro
dog squeaky ball toy dogs interactive bite-resistant chewing ball toy puppy training sound toy teeth cleaning pet supplies,dog squeaky ball toy dogs interactive bite-resistant chewing ball toy puppy training sound toy teeth cleaning pet supplies,dog squeaky ball toy,5.0,30,46 sold,13,46.0,Brinquedos,Cachorro
dog squeaky carrot dog toys plush stuffed soft puppy chew toys interactive pet supplies for small medium dogs dental care,dog squeaky carrot dog toys plush stuffed soft puppy chew toys interactive pet supplies for small medium dogs dental care,dog squeaky carrot dog,4.8,149,157 sold,29,157.0,Brinquedos,Cachorro
dog squeaky toys balls strong rubber durable bouncy chew ball bite resistant puppy training sound toy teeth clean pet supplies,dog squeaky toys balls strong rubber durable bouncy chew ball bite resistant puppy training sound toy teeth clean pet supplies,dog squeaky toys balls,4.85,143,260 sold5 sold,68,265.0,Brinquedos,Cachorro
dog squeaky toys colorful soft rubber elastic ball luminous puppy chewing hedgehog toys small pet supplies,"juguetes chirriantes para perros, pelota elástica de goma suave y colorida, luminosa para masticar cachorros, erizo, suministros para mascotas pequeñas",dog squeaky toys colorful,4.8,59,85 Vendidos,369,85.0,Brinquedos,Cachorro
dog stuffed animal beggar bear gnawing toy grinding teeth cleaning pet supplies,dog stuffed animal beggar bear gnawing toy grinding teeth cleaning pet supplies,dog stuffed animal beggar,4.9,105,53 sold,13,53.0,Brinquedos,Cachorro
dog super soft double finger toothbrush pet teeth clean bad breath care tpr tooth brush clean tool dog toothbrush accessories,dog super soft double finger toothbrush pet teeth clean bad breath care tpr tooth brush clean tool dog toothbrush accessories,dog super soft double,4.7,45,57 sold,28,57.0,Higiene,Cachorro
dog super soft pet finger toothbrush teeth cleaning bad breath care nontoxic silicone tooth brush dog cat cleaning supplies,dog super soft pet finger toothbrush teeth cleaning bad breath care nontoxic silicone tooth brush dog cat cleaning supplies,dog super soft pet,4.9,14,232 sold,121,232.0,Higiene,Cachorro
dog super soft pet finger toothbrush teeth cleaning bad breath care nontoxic silicone tooth brush tool dog cat cleaning supplies,dog super soft pet finger toothbrush teeth cleaning bad breath care nontoxic silicone tooth brush tool dog cat cleaning supplies,dog super soft pet,4.9,106,66 sold,43,66.0,Higiene,Cachorro
"dog supplies, dog trainers, special marker for pet behavior correction instructions","dog supplies, dog trainers, special marker for pet behavior correction instructions","dog supplies, dog trainers,",4.9,105,165 sold,57,165.0,Outros,Cachorro
dog toothbrush double-headed cat tooth multi-angle cleaning tool massage care tooth finger brush for dog cat pet supplies,dog toothbrush double-headed cat tooth multi-angle cleaning tool massage care tooth finger brush for dog cat pet supplies,dog toothbrush double-headed cat,4.7,318,600+ sold,672,600.0,Higiene,Cachorro
dog toothbrush durable dog chew toy stick soft rubber tooth cleaning point massage toothpaste pet toothbrush molar pet supplies,dog toothbrush durable dog chew toy stick soft rubber tooth cleaning point massage toothpaste pet toothbrush molar pet supplies,dog toothbrush durable dog,4.3,28978,409 sold,1768,409.0,Brinquedos,Cachorro
dog toothbrushes soft pet fingers toothbrush teddy dog cat cotton brush teeth oral cleaning kitten bad breath care pet supplies,dog toothbrushes soft pet fingers toothbrush teddy dog cat cotton brush teeth oral cleaning kitten bad breath care pet supplies,dog toothbrushes soft pet,5.0,206,38 sold,5,38.0,Higiene,Cachorro
dog toy ball electronic interactive pet toy ball electronic interactive pet products rechargeable smart moving gravity jumping,dog toy ball electronic interactive pet toy ball electronic interactive pet products rechargeable smart moving gravity jumping,dog toy ball electronic,4.8,45,132 sold,47,132.0,Brinquedos,Cachorro
dog toy bone shape pet plush toys dog interactive toys cat toy pet supplies,dog toy bone shape pet plush toys dog interactive toys cat toy pet supplies,dog toy bone shape,4.7,218,73 sold,49,73.0,Brinquedos,Cachorro
dog toy dogs accessories pet toys plush toys for small medium large dogs pet feeder feeding supplies stuffed toys training toys,dog toy dogs accessories pet toys plush toys for small medium large dogs pet feeder feeding supplies stuffed toys training toys,dog toy dogs accessories,4.8,1000,135 sold,614,135.0,Brinquedos,Cachorro
dog toy pet molar bite-resistant cotton rope knot for small dog puppy relieving stuffy cleaning teeth pet chew toys,dog toy pet molar bite-resistant cotton rope knot for small dog puppy relieving stuffy cleaning teeth pet chew toys,dog toy pet molar,4.3,102,"1,000+ sold",695,1000.0,Brinquedos,Cachorro
dog toy rubber ball bite-resistant ball toy for dogs puppy teddy pitbull red color solid ball  pet supplies,dog toy rubber ball bite-resistant ball toy for dogs puppy teddy pitbull red color solid ball  pet supplies,dog toy rubber ball,5.0,22,4 sold,1,4.0,Brinquedos,Cachorro
dog toy training ring puller puppy flying disk anti-bite aggressive chewing interactive toys pet supplies juguetes para perros,dog toy training ring puller puppy flying disk anti-bite aggressive chewing interactive toys pet supplies juguetes para perros,dog toy training ring,4.7,1800,600+ sold,1516,600.0,Brinquedos,Cachorro
dog toy tumbler leaky food ball elliptical track rolling ball slowly feeding protects stomach increase intelligence pet supplies,dog toy tumbler leaky food ball elliptical track rolling ball slowly feeding protects stomach increase intelligence pet supplies,dog toy tumbler leaky,3.2000000000000006,183,"1,000+ sold5 sold458 sold",2096,1463.0,Brinquedos,Cachorro
dog toys balls interactive treat rope rubber leaking balls for small medium dogs chewing bite resistant pet tooth cleaning,dog toys balls interactive treat rope rubber leaking balls for small medium dogs chewing bite resistant pet tooth cleaning,dog toys balls interactive,5.0,306,49 sold,16,49.0,Brinquedos,Cachorro
dog toys for small dogs indestructible dog toy teeth cleaning chew training toys pet supplies,dog toys for small dogs indestructible dog toy teeth cleaning chew training toys pet supplies,dog toys for small,0.0,7,10 sold,5,10.0,Brinquedos,Cachorro
dog toys for small dogs indestructible dog toy teeth cleaning chew training toys pet supplies dog accessories,dog toys for small dogs indestructible dog toy teeth cleaning chew training toys pet supplies dog accessories,dog toys for small,5.0,37,28 sold,68,28.0,Brinquedos,Cachorro
dog toys for small large dogs animal plush dog squeaky toy puppy chew toys bite resistant pet toy with sounding collision color,dog toys for small large dogs animal plush dog squeaky toy puppy chew toys bite resistant pet toy with sounding collision color,dog toys for small,4.75,74,500+ sold77 sold,1001,577.0,Brinquedos,Cachorro
dog toys funny  recordable pet travel talking pet starters pet speaking buttons portable cute pet supplies communication dog,dog toys funny  recordable pet travel talking pet starters pet speaking buttons portable cute pet supplies communication dog,dog toys funny recordable,4.9,966,44 sold,19,44.0,Brinquedos,Cachorro
dog toys funny sausage shape for puppy dog chew toys interactive training bite-resistant grinding teeth dogs pet supplies 1/3pcs,dog toys funny sausage shape for puppy dog chew toys interactive training bite-resistant grinding teeth dogs pet supplies 1/3pcs,dog toys funny sausage,4.9,32,251 sold,780,251.0,Brinquedos,Cachorro
dog toys funny simulation meat puppy pet play games chew toys squeaky toys for small big dogs pug cats pets supplies,dog toys funny simulation meat puppy pet play games chew toys squeaky toys for small big dogs pug cats pets supplies,dog toys funny simulation,4.8,78,30 sold,481,30.0,Brinquedos,Cachorro
dog toys knot rope chew for small medium large dogs durable braided pets interactive funny teeth cleaning supplies 1pc,dog toys knot rope chew for small medium large dogs durable braided pets interactive funny teeth cleaning supplies 1pc,dog toys knot rope,4.6,26,146 sold,41,146.0,Brinquedos,Cachorro
dog toys leaking food ball funny interactive pet slow feeder bowl puzzle toy pinecone pet tooth cleaning chew toys pet supplies,dog toys leaking food ball funny interactive pet slow feeder bowl puzzle toy pinecone pet tooth cleaning chew toys pet supplies,dog toys leaking food,3.3333333333333335,425,8 sold94 sold36 sold,197,138.0,Brinquedos,Cachorro
dog toys pet cotton rope slippers sound making toys dog teeth grinding cleaning teeth built-in bb airbag round ball bell various,dog toys pet cotton rope slippers sound making toys dog teeth grinding cleaning teeth built-in bb airbag round ball bell various,dog toys pet cotton,4.7,48,424 sold,280,424.0,Brinquedos,Cachorro
dog toys pet flying disk training ring puller anti-bite floating interactive supplies dog toys aggressive chewing,dog toys pet flying disk training ring puller anti-bite floating interactive supplies dog toys aggressive chewing,dog toys pet flying,4.566666666666666,1980,"1,000+ sold800+ sold140 sold",2084,1940.0,Brinquedos,Cachorro
dog toys pet flying disk training ring puller anti-bite floating interactive supplies dog toys for small dog chewing toy 18cm,dog toys pet flying disk training ring puller anti-bite floating interactive supplies dog toys for small dog chewing toy 18cm,dog toys pet flying,4.9,588,34 sold,28,34.0,Brinquedos,Cachorro
dog toys pet puppy interactive suction cup push tpr ball toys molar bite toy elastic ropes dog tooth cleaning chewing supplies,dog toys pet puppy interactive suction cup push tpr ball toys molar bite toy elastic ropes dog tooth cleaning chewing supplies,dog toys pet puppy,4.3,98,125 sold248 sold,12753,373.0,Brinquedos,Cachorro
dog toys screaming chicken squeeze shrilling chicken cock funny rooster pets cat toy dogs chew toys pet supplies safety rubber,dog toys screaming chicken squeeze shrilling chicken cock funny rooster pets cat toy dogs chew toys pet supplies safety rubber,dog toys screaming chicken,4.4,29879,61 sold,9,61.0,Brinquedos,Cachorro
dog toys snuffle mat for pet plush carrot toy mat innovative plush vegetable field pull radish plush carrot dog interactive toys,dog toys snuffle mat for pet plush carrot toy mat innovative plush vegetable field pull radish plush carrot dog interactive toys,dog toys snuffle mat,4.3,224,700+ sold,912,700.0,Brinquedos,Cachorro
dog toys squeak sound dog ball rubber rubgby football basketball interactive toys for dogs small medium large pets toy supplies,dog toys squeak sound dog ball rubber rubgby football basketball interactive toys for dogs small medium large pets toy supplies,dog toys squeak sound,5.0,1575,58 sold,71,58.0,Brinquedos,Cachorro
dog toys wholesale latex sound toys bite resistant pet toys wholesale teething pet supplies dog toys,dog toys wholesale latex sound toys bite resistant pet toys wholesale teething pet supplies dog toys,dog toys wholesale latex,4.3,247,71 sold,48,71.0,Brinquedos,Cachorro
dog training clicker dog clicker adjustable sound key chain and wrist strap dog accessories pet dog supplies,dog training clicker dog clicker adjustable sound key chain and wrist strap dog accessories pet dog supplies,dog training clicker dog,4.8,28,201 sold,35,201.0,Outros,Cachorro
dog training clicker pet cat plastic new dogs click trainer aid tools adjustable wrist strap sound key chain dog supplies,dog training clicker pet cat plastic new dogs click trainer aid tools adjustable wrist strap sound key chain dog supplies,dog training clicker pet,5.0,104,33 sold,45,33.0,Outros,Cachorro
dog training clicker with flexible finger strap pet dog training tools for dogs,dog training clicker with flexible finger strap pet dog training tools for dogs,dog training clicker with,5.0,9997,8 sold,1,8.0,Outros,Cachorro
dog training collar waterproof pet remote control rechargeable 500m electric training dogs collars with shock vibration sound,dog training collar waterproof pet remote control rechargeable 500m electric training dogs collars with shock vibration sound,dog training collar waterproof,0.0,298,2 sold,2,2.0,Acessórios,Cachorro
"dog training portable dog click trainer aid tool pet training click sound, guide obedience dog supplies","dog training portable dog click trainer aid tool pet training click sound, guide obedience dog supplies",dog training portable dog,4.8,23,122 sold,48,122.0,Conforto,Cachorro
dog training snack bag outdoor travel pet dog treat pouch portable oil resistance food dispenser bag durable pet accessories,dog training snack bag outdoor travel pet dog treat pouch portable oil resistance food dispenser bag durable pet accessories,dog training snack bag,4.9,166,"1,000+ sold",1388,1000.0,Alimentação,Cachorro
dog training whistle,dog training whistle,dog training whistle,0.0,150,3 sold,6,3.0,Outros,Cachorro
dog travel water bottle portable pet dog water bottle drinking water feeder for dog cat outdoor water bowl bottle pet supplies,dog travel water bottle portable pet dog water bottle drinking water feeder for dog cat outdoor water bowl bottle pet supplies,dog travel water bottle,4.2,418,46 sold25 sold,208,71.0,Alimentação,Cachorro
dog treat leaking toy pet puzzle interactive tumbler toy puppy cat slow food feeder dispenser dog training supplies,dog treat leaking toy pet puzzle interactive tumbler toy puppy cat slow food feeder dispenser dog training supplies,dog treat leaking toy,5.0,64,15 sold,17,15.0,Brinquedos,Cachorro
dog treat toy interactive tumbler robot slow food feeder puppy cat snack treat dispenser dog supplies for pet dogs iq training,dog treat toy interactive tumbler robot slow food feeder puppy cat snack treat dispenser dog supplies for pet dogs iq training,dog treat toy interactive,5.0,49978,27 sold,75,27.0,Brinquedos,Cachorro
"dog treat training pouch, portable silicone dog food treat pouch with lanyard and hook for outdoor walking supply","dog treat training pouch, portable silicone dog food treat pouch with lanyard and hook for outdoor walking supply","dog treat training pouch,",5.0,143,52 sold,44,52.0,Alimentação,Cachorro
dog triangle bandanas adjustable puppy soft cotton bibs scarf cat neckerchief chihuahua yorkie saliva towel pet supplies,dog triangle bandanas adjustable puppy soft cotton bibs scarf cat neckerchief chihuahua yorkie saliva towel pet supplies,dog triangle bandanas adjustable,0.0,1778,4 sold,5,4.0,Outros,Cachorro
dog urine training mat multi-functional cat and dog lawn urine mat pet supplies,dog urine training mat multi-functional cat and dog lawn urine mat pet supplies,dog urine training mat,5.0,18,2 sold,5,2.0,Conforto,Cachorro
dog waste poop bag doggy，biodegradable green compostable cornstarch disposable plastic scented eco friendly pet  doggie poo bag,dog waste poop bag doggy，biodegradable green compostable cornstarch disposable plastic scented eco friendly pet  doggie poo bag,dog waste poop bag,1.0,418,35 sold,17,35.0,Outros,Cachorro
dog water bottle - foldable dog water dispenser for outdoor walking portable pet water bottle for travel leak proof pet supplies,dog water bottle - foldable dog water dispenser for outdoor walking portable pet water bottle for travel leak proof pet supplies,dog water bottle -,0.0,28,2 sold,11,2.0,Outros,Cachorro
dog water bottle out walking dog portable water bottle dog drinking cup cat pet water feeding supplies,dog water bottle out walking dog portable water bottle dog drinking cup cat pet water feeding supplies,dog water bottle out,4.8,197,160 sold,47,160.0,Outros,Cachorro
dog water bottle portable puppy drinking food feeder for small medium dogs cats outdoor leak proof corgi beagle pet supplies,dog water bottle portable puppy drinking food feeder for small medium dogs cats outdoor leak proof corgi beagle pet supplies,dog water bottle portable,0.0,110,3 sold,3,3.0,Alimentação,Cachorro
dog water bottle portable travel pet drinker leak proof dog bowl food cat fountain outdoor walking drinking bottle dogs feeder,dog water bottle portable travel pet drinker leak proof dog bowl food cat fountain outdoor walking drinking bottle dogs feeder,dog water bottle portable,4.9,5865,110 sold,193,110.0,Alimentação,Cachorro
dog whistle to stop barking device dog copper silent ultrasonic training flute stop barking for pet supplies sound trainer tool,dog whistle to stop barking device dog copper silent ultrasonic training flute stop barking for pet supplies sound trainer tool,dog whistle to stop,4.45,150,27 sold395 sold,137,422.0,Outros,Cachorro
dog's outdoor play ball training toy thick rubber tpu molar ball small-breed dog large breed dog interactive game toy,dog's outdoor play ball training toy thick rubber tpu molar ball small-breed dog large breed dog interactive game toy,dog's outdoor play ball,5.0,320,13 sold,91,13.0,Brinquedos,Cachorro
"doghouse furniture, inner table frame with tray and dog bed, suitable for puppies, cats, pigs, rabbits, maximum 25 pounds","doghouse furniture, inner table frame with tray and dog bed, suitable for puppies, cats, pigs, rabbits, maximum 25 pounds","doghouse furniture, inner table",0.0,1000,0 sold,0,0.0,Conforto,Cachorro
dogs  interactive toys soft tpr toys for dog pet teeth cleaning bite resistance squeaky dog ball toy,dogs  interactive toys soft tpr toys for dog pet teeth cleaning bite resistance squeaky dog ball toy,dogs interactive toys soft,4.7,3329,"10,000+ sold",4246,10000.0,Brinquedos,Cachorro
dogs accessories pets dog toothbrush puppy supplies teddy tooth brush pet products teeth grooming equipment for dogs appliances,dogs accessories pets dog toothbrush puppy supplies teddy tooth brush pet products teeth grooming equipment for dogs appliances,dogs accessories pets dog,4.8,76,375 sold,363,375.0,Higiene,Cachorro
dogs collars anti loss pendant waterproof safety led flashing light usb rechargeable led light pendant for dogs cats pets,dogs collars anti loss pendant waterproof safety led flashing light usb rechargeable led light pendant for dogs cats pets,dogs collars anti loss,4.9,68,"1,000+ sold",658,1000.0,Acessórios,Cachorro
dogs pee training spray 30ml inducer pet toilet positioning defecation puppy potty spray urinate aids useful supplies,dogs pee training spray 30ml inducer pet toilet positioning defecation puppy potty spray urinate aids useful supplies,dogs pee training spray,0.0,2,3 sold,6,3.0,Outros,Cachorro
dogs snuffle mat pet leak food anti choking mat cat dog training blanket nose work toy pet slowing feeding intelligence mat,dogs snuffle mat pet leak food anti choking mat cat dog training blanket nose work toy pet slowing feeding intelligence mat,dogs snuffle mat pet,4.8,397,"1,000+ sold",4247,1000.0,Brinquedos,Cachorro
donut cat bed pet cat tunnel interactive game toy cat bed dual-use indoor toy kitten sports equipment cat training toy cat house,donut cat bed pet cat tunnel interactive game toy cat bed dual-use indoor toy kitten sports equipment cat training toy cat house,donut cat bed pet,4.6,40,"2,000+ sold",7788,2000.0,Brinquedos,Gato
donut dog bed for large dogs plush beds pets round accessories small basket sofa baskets pet big cushion supplies puppy mat cats,donut dog bed for large dogs plush beds pets round accessories small basket sofa baskets pet big cushion supplies puppy mat cats,donut dog bed for,4.6,387,78 sold,101,78.0,Brinquedos,Cachorro
donut mand dog accessories for large dogs cat's house plush pet bed for dog xxl round mat for small medium animal calming 100cm,donut mand dog accessories for large dogs cat's house plush pet bed for dog xxl round mat for small medium animal calming 100cm,donut mand dog accessories,4.8,102362,"1,000+ sold",16114,1000.0,Brinquedos,Cachorro
donut puppy chew toys dogs bite interactive stuffed sound squeaky toy pet supplies,donut puppy chew toys dogs bite interactive stuffed sound squeaky toy pet supplies,donut puppy chew toys,0.0,3,1 sold,0,1.0,Brinquedos,Cachorro
double dog car seat belt elasticity extention reflective stripe adjustable vehicle travel accessories safety leash for two pets,double dog car seat belt elasticity extention reflective stripe adjustable vehicle travel accessories safety leash for two pets,double dog car seat,5.0,83,82 sold,352,82.0,Acessórios,Cachorro
double layer eva cat litter pad waterproof non-slip sand basin filter kitten dog washable mattress floor mat pet clean supplies,double layer eva cat litter pad waterproof non-slip sand basin filter kitten dog washable mattress floor mat pet clean supplies,double layer eva cat,4.8,35187,"1,000+ sold",3193,1000.0,Conforto,Cachorro
double pet bowls dog food water feeder stainless steel pet drinking dish feeder cat puppy feeding supplies small dog accessories,double pet bowls dog food water feeder stainless steel pet drinking dish feeder cat puppy feeding supplies small dog accessories,double pet bowls dog,4.6000000000000005,682882,"2,000+ sold62 sold330 sold",26246,2392.0,Alimentação,Cachorro
double sided dog bed big size extra large dogs house sofa kennel soft fleece pet dog cat warm bed s-l pet accessories dog kennel,double sided dog bed big size extra large dogs house sofa kennel soft fleece pet dog cat warm bed s-l pet accessories dog kennel,double sided dog bed,4.8,283,121 sold,282,121.0,Conforto,Cachorro
double-side pet dog bed warm cushion for small medium large dogs sleeping beds waterproof baskets cats house kennel mat blanket,double-side pet dog bed warm cushion for small medium large dogs sleeping beds waterproof baskets cats house kennel mat blanket,double-side pet dog bed,3.0,16,10 sold,381,10.0,Conforto,Cachorro
downypaws 4000mah smart cat odor purifier for cat litter box deodorizer pet toilet air purifier dog cat litter deodorant,downypaws 4000mah smart cat odor purifier for cat litter box deodorizer pet toilet air purifier dog cat litter deodorant,downypaws 4000mah smart cat,4.7,530,"5,000+ sold",14261,5000.0,Sanitário,Cachorro
dr.dc cat tunnel for indoor cats collapsible toy coil spiral colorful springs cat pet crinkle tunnels for indoor pet supplies,dr.dc cat tunnel for indoor cats collapsible toy coil spiral colorful springs cat pet crinkle tunnels for indoor pet supplies,dr.dc cat tunnel for,4.7,93,500+ sold,235,500.0,Brinquedos,Gato
dr.dc pet cat toys are self entertaining chew and tease cats toy balls colored wool dog supplies fidget toy for cats accessories,dr.dc pet cat toys are self entertaining chew and tease cats toy balls colored wool dog supplies fidget toy for cats accessories,dr.dc pet cat toys,4.8,200,700+ sold,272,700.0,Brinquedos,Cachorro
dr.dc steel wire teasing cat stick long insect butterfly ball feather with bell pet toys interactive funny cat toy wand,dr.dc steel wire teasing cat stick long insect butterfly ball feather with bell pet toys interactive funny cat toy wand,dr.dc steel wire teasing,4.5,38,293 sold,237,293.0,Brinquedos,Gato
dr.dc wire teasing cat stick insect dragonfly feather cat supplies cat pet moth toy interactive fun pet cat toy pole,dr.dc wire teasing cat stick insect dragonfly feather cat supplies cat pet moth toy interactive fun pet cat toy pole,dr.dc wire teasing cat,4.7,45,220 sold,83,220.0,Brinquedos,Gato
durable dog chew toy stick dog toothbrush soft rubber tooth cleaning point massage toothpaste pet toothbrush molar pet supplies,durable dog chew toy stick dog toothbrush soft rubber tooth cleaning point massage toothpaste pet toothbrush molar pet supplies,durable dog chew toy,4.7,84,86 sold,22,86.0,Brinquedos,Cachorro
durable low price pet dog plush toy animal shape with squeaky for small dogs chihuahua yorkshire bichon puppy chew cleaning toys,durable low price pet dog plush toy animal shape with squeaky for small dogs chihuahua yorkshire bichon puppy chew cleaning toys,durable low price pet,4.7,8482,"1,000+ sold",3127,1000.0,Brinquedos,Cachorro
durable pet dog vest harness explosion-proof big dogs harnesses reflective french bulldog collar shepherd dogs walking supplies,durable pet dog vest harness explosion-proof big dogs harnesses reflective french bulldog collar shepherd dogs walking supplies,durable pet dog vest,4.9,7750,338 sold,372,338.0,Acessórios,Cachorro
durable pet training doorbell rope lanyard door warning bell guide dog pet training bell supplies dog bell lanyard universal,durable pet training doorbell rope lanyard door warning bell guide dog pet training bell supplies dog bell lanyard universal,durable pet training doorbell,5.0,94,30 sold,40,30.0,Outros,Cachorro
durable tactical dog collar leash set adjustable military pet collar leash medium large dog german shepherd training accessories,durable tactical dog collar leash set adjustable military pet collar leash medium large dog german shepherd training accessories,durable tactical dog collar,4.6,648,87 sold,557,87.0,Acessórios,Cachorro
durable teeth cleaning tool aggressive pet supplies pet toy dog bone dog chew toy puppy bones,durable teeth cleaning tool aggressive pet supplies pet toy dog bone dog chew toy puppy bones,durable teeth cleaning tool,5.0,29,14 sold,4,14.0,Brinquedos,Cachorro
eat slow dog bowl slow feeder bath pet supplies pet accessories dog slow feeder bowl for cat pets slow feeder dog bowl,eat slow dog bowl slow feeder bath pet supplies pet accessories dog slow feeder bowl for cat pets slow feeder dog bowl,eat slow dog bowl,4.5,62,24 sold,125,24.0,Alimentação,Cachorro
electric cat toy fish pet cat toys simulation fish swing kitten dance fish toy funny cats chewing playing supplies usb charging,electric cat toy fish pet cat toys simulation fish swing kitten dance fish toy funny cats chewing playing supplies usb charging,electric cat toy fish,2.35,309,"2,000+ sold17 sold",1698,2017.0,Brinquedos,Gato
electric cat toy usb charging 360 rotating interactive puzzle intelligent pet items cat teasing feather cat supplies accessories,electric cat toy usb charging 360 rotating interactive puzzle intelligent pet items cat teasing feather cat supplies accessories,electric cat toy usb,4.7,2936,72 sold,183,72.0,Brinquedos,Gato
electric dog training collar waterproof pet remote control rechargeable 500m training dogs collars with shock vibration sound,electric dog training collar waterproof pet remote control rechargeable 500m training dogs collars with shock vibration sound,electric dog training collar,4.8,269,95 sold,35,95.0,Acessórios,Cachorro
electric mouse toys cat play automatic escape robot vibration crawling battery operated plush mouse pet interaction plaything,electric mouse toys cat play automatic escape robot vibration crawling battery operated plush mouse pet interaction plaything,electric mouse toys cat,4.7,1046,500+ sold,214,500.0,Brinquedos,Gato
electric puppy ball toy automatic rolling ball self moving puppy game toy rolling ball pet accessories pet toy supplies,electric puppy ball toy automatic rolling ball self moving puppy game toy rolling ball pet accessories pet toy supplies,electric puppy ball toy,3.9,101,84 sold,104,84.0,Brinquedos,Cachorro
"elephant pet push toys, dogs, self relieving and vocalizing toys, cat teeth grinding and bite resistant interactive toys","elephant pet push toys, dogs, self relieving and vocalizing toys, cat teeth grinding and bite resistant interactive toys","elephant pet push toys,",4.5,6,18 sold,15,18.0,Brinquedos,Cachorro
elevated bed canvas cat bed house cat solid wood hammock pet camping bed cat house portable removable washable pet supplies,elevated bed canvas cat bed house cat solid wood hammock pet camping bed cat house portable removable washable pet supplies,elevated bed canvas cat,4.5,25,28 sold,80,28.0,Conforto,Gato
elevated bed for dogs folding pet camping bed cat house portable removable washable four seasons dog kennel puppy beds supplies,elevated bed for dogs folding pet camping bed cat house portable removable washable four seasons dog kennel puppy beds supplies,elevated bed for dogs,4.4,23,103 sold,151,103.0,Conforto,Cachorro
elevated cats feeder bowl anti-choking raised cat food water bowl with stand pet feeding drinking supplies small and midium dogs,elevated cats feeder bowl anti-choking raised cat food water bowl with stand pet feeding drinking supplies small and midium dogs,elevated cats feeder bowl,3.5999999999999996,6249,8 sold14 sold71 sold327 sold,1715,420.0,Alimentação,Cachorro
endotracheal intubation balloon pressure gauge saturation detection device pet animal anesthesia machine accessories clinic,endotracheal intubation balloon pressure gauge saturation detection device pet animal anesthesia machine accessories clinic,endotracheal intubation balloon pressure,4.7,2,500+ sold,1408,500.0,Brinquedos,Outros
engraved name tag pet dog collar for small medium large dogs custom id nameplate soft pu leather puppy cat dog collar supplies,engraved name tag pet dog collar for small medium large dogs custom id nameplate soft pu leather puppy cat dog collar supplies,engraved name tag pet,4.6,21451,81 sold,250,81.0,Acessórios,Cachorro
et care accessories nontoxic super soft silicone tooth brush dog cat cleaning supplies toothbrush teeth silicone pet,et care accessories nontoxic super soft silicone tooth brush dog cat cleaning supplies toothbrush teeth silicone pet,et care accessories nontoxic,5.0,62,95 sold,127,95.0,Higiene,Cachorro
"eva pet toy pull ring floating water, resistant to biting and leaving no marks flying toys dog training sensitivity pet supplies","eva pet toy pull ring floating water, resistant to biting and leaving no marks flying toys dog training sensitivity pet supplies",eva pet toy pull,5.0,16,35 sold,7,35.0,Brinquedos,Cachorro
extendable pet flea collar antiparasitic necklace personalized  anti flea and tick big dog puppy cat anti-flea collar ticks dogs,extendable pet flea collar antiparasitic necklace personalized  anti flea and tick big dog puppy cat anti-flea collar ticks dogs,extendable pet flea collar,4.9,474,288 sold,728,288.0,Acessórios,Cachorro
"extra large lamb plush dog kennel with cozy bed, soft mat and removable pillow - hot selling pet products，   cat bed","extra large lamb plush dog kennel with cozy bed, soft mat and removable pillow - hot selling pet products，   cat bed",extra large lamb plush,0.0,1400,0 sold,1,0.0,Brinquedos,Cachorro
"extra wide pet gate: smoothly opens in extra wide spaces. fits 22"" - 62"" wide. hardware mount. made","extra wide pet gate: smoothly opens in extra wide spaces. fits 22"" - 62"" wide. hardware mount. made",extra wide pet gate:,0.0,30,0 sold,5,0.0,Outros,Outros
fashion adjustable dog harness vest breathable reflective candy color pet outdoor walking puppy clothes dogs traction supplies,fashion adjustable dog harness vest breathable reflective candy color pet outdoor walking puppy clothes dogs traction supplies,fashion adjustable dog harness,4.7,35,33 sold,48,33.0,Acessórios,Cachorro
fashion butterfly diamond pet hairpin handmade bb clip hairpin long hair cat maltese dog small dog princess style pet supplies,fashion butterfly diamond pet hairpin handmade bb clip hairpin long hair cat maltese dog small dog princess style pet supplies,fashion butterfly diamond pet,3.2,9991,23 sold,47,23.0,Outros,Cachorro
"fashion cute with faux pearl pet decor for puppy,cat pet grooming supplies pet hairpins pets hair clips dog accessories","fashion cute with faux pearl pet decor for puppy,cat pet grooming supplies pet hairpins pets hair clips dog accessories",fashion cute with faux,5.0,17,29 sold,15,29.0,Higiene,Cachorro
fashion dog collar with apple air tag case nylon pet collar reflective soft anti-lost tracking collar dog supplies suit for dog,fashion dog collar with apple air tag case nylon pet collar reflective soft anti-lost tracking collar dog supplies suit for dog,fashion dog collar with,4.6,6,128 sold,151,128.0,Acessórios,Cachorro
fashion pet dog silicone game frisbeed dog toy flying discs trainning interactive toys pet supplies flying disc 15/18/22cm,fashion pet dog silicone game frisbeed dog toy flying discs trainning interactive toys pet supplies flying disc 15/18/22cm,fashion pet dog silicone,5.0,80,40 sold,4,40.0,Brinquedos,Cachorro
fashion pet training shoulder bag dog snack pocket portable pet poop pouch outdoor storage supplies large capacity,fashion pet training shoulder bag dog snack pocket portable pet poop pouch outdoor storage supplies large capacity,fashion pet training shoulder,4.9,10,41 sold,67,41.0,Alimentação,Cachorro
fashion pet triangle bandana adjustable cute pattern chihuahua neckerchief puppy soft cotton scraf dog saliva towel pet supplies,fashion pet triangle bandana adjustable cute pattern chihuahua neckerchief puppy soft cotton scraf dog saliva towel pet supplies,fashion pet triangle bandana,4.8,1875,43 sold,15,43.0,Outros,Cachorro
fashion rubber pet bath brush environmental protection silicone glove for pet massage pet grooming glove dogs cats pet  supplies,fashion rubber pet bath brush environmental protection silicone glove for pet massage pet grooming glove dogs cats pet  supplies,fashion rubber pet bath,4.6,21936,167 sold,7270,167.0,Higiene,Cachorro
fdw dog crate dog cage pet crate for large dogs folding metal pet cage double door w/divider panel indoor outdoor dog kennel,fdw dog crate dog cage pet crate for large dogs folding metal pet cage double door w/divider panel indoor outdoor dog kennel,fdw dog crate dog,0.0,1200,0 sold,0,0.0,Outros,Cachorro
female dog diapers washable physiological shorts pet women's panties shorts underwear briefs small medium dogs sanitary supplies,female dog diapers washable physiological shorts pet women's panties shorts underwear briefs small medium dogs sanitary supplies,female dog diapers washable,5.0,11,10 sold,8,10.0,Sanitário,Cachorro
fenice professional anti-corrosion grooming comb for dogs cats tapered stainless steel pins pet grooming supplies,fenice professional anti-corrosion grooming comb for dogs cats tapered stainless steel pins pet grooming supplies,fenice professional anti-corrosion grooming,5.0,200,40 sold,384,40.0,Higiene,Cachorro
"fine tooth pet comb for cats and dogs, remove floating hair, needle comb to open knots, pet hair brush, cat brush","fine tooth pet comb for cats and dogs, remove floating hair, needle comb to open knots, pet hair brush, cat brush",fine tooth pet comb,0.0,1498,2 sold,0,2.0,Higiene,Cachorro
fit for all pets dog cat fleece toys popular squeak chew sound dolls elephant duck pig pet funny plush toys,fit for all pets dog cat fleece toys popular squeak chew sound dolls elephant duck pig pet funny plush toys,fit for all pets,4.6,73,"1,000+ sold",236,1000.0,Brinquedos,Cachorro
flannel pet mat dog bed cat bed thicken sleeping mat dog blanket mat for puppy kitten pet dog bed for small large dogs pet rug,flannel pet mat dog bed cat bed thicken sleeping mat dog blanket mat for puppy kitten pet dog bed for small large dogs pet rug,flannel pet mat dog,4.7,1479,"1,000+ sold",1570,1000.0,Conforto,Cachorro
flannel thickened dog bed mat soft pet sleeping mat for small medium large dogs cats winter warm pet blanket pet supplies,flannel thickened dog bed mat soft pet sleeping mat for small medium large dogs cats winter warm pet blanket pet supplies,flannel thickened dog bed,4.8,87,117 sold,1850,117.0,Conforto,Cachorro
flea and tick collar silicone adjustable dogs cats collar 8 month protection anti-mosquitoes insect repellent pet supplies,flea and tick collar silicone adjustable dogs cats collar 8 month protection anti-mosquitoes insect repellent pet supplies,flea and tick collar,2.3,286,25 sold500+ sold,123,525.0,Acessórios,Cachorro
flea and tick dogs collar silicone adjustable dogs cats collar 8 month protection anti-mosquitoes insect repellent pet supplies,flea and tick dogs collar silicone adjustable dogs cats collar 8 month protection anti-mosquitoes insect repellent pet supplies,flea and tick dogs,5.0,20,20 sold,4,20.0,Acessórios,Cachorro
flea comb stainless steel insect repellent brush pet care combs hair grooming portable tool fur removal cat and dog supplies,flea comb stainless steel insect repellent brush pet care combs hair grooming portable tool fur removal cat and dog supplies,flea comb stainless steel,4.9,27379,188 sold,71,188.0,Higiene,Cachorro
flea remover hook tick removal tweezer ticks pull pet cat dog accessaries scratching extractor mite tweezers comb louses pliers,flea remover hook tick removal tweezer ticks pull pet cat dog accessaries scratching extractor mite tweezers comb louses pliers,flea remover hook tick,4.7,61,360 sold,304,360.0,Outros,Cachorro
flexible dog lead leash pet supplies puppy walking training traction rope cats dogs harness collar leash strap belt,flexible dog lead leash pet supplies puppy walking training traction rope cats dogs harness collar leash strap belt,flexible dog lead leash,5.0,145,49 sold,22,49.0,Acessórios,Cachorro
floating water dog toys pet flying disk training ring interactive toy puller resistant aggressive chewing for small medium dogs,floating water dog toys pet flying disk training ring interactive toy puller resistant aggressive chewing for small medium dogs,floating water dog toys,0.0,47,35 sold,2,35.0,Brinquedos,Cachorro
flower cat nest four seasons universal internet celebrity autumn and winter dog nest closed cat nest winter warm pet supplies,flower cat nest four seasons universal internet celebrity autumn and winter dog nest closed cat nest winter warm pet supplies,flower cat nest four,0.0,1588,11 sold,6,11.0,Outros,Cachorro
fluffy dog bed large pet products dogs beds small sofa baskets pets kennel mat puppy cats supplies basket blanket accessories,fluffy dog bed large pet products dogs beds small sofa baskets pets kennel mat puppy cats supplies basket blanket accessories,fluffy dog bed large,4.6,674,"1,000+ sold",3332,1000.0,Conforto,Cachorro
flying saucer ball interactive outdoor sports training games magic deformation flat throw ufo disc ball pet supplies dog toys,flying saucer ball interactive outdoor sports training games magic deformation flat throw ufo disc ball pet supplies dog toys,flying saucer ball interactive,5.0,1163,33 sold,17,33.0,Brinquedos,Cachorro
fold pet dog glasses prevent uv pet glasses for cats dog fashion sunglasses dog goggles photo prop pet accessories dog supplies,fold pet dog glasses prevent uv pet glasses for cats dog fashion sunglasses dog goggles photo prop pet accessories dog supplies,fold pet dog glasses,4.8,113,389 sold,217,389.0,Outros,Cachorro
foldable cat bed pet dog house winter cat villa sleep kennel removable warm nest enclosed tents cave sofa pet supplies,foldable cat bed pet dog house winter cat villa sleep kennel removable warm nest enclosed tents cave sofa pet supplies,foldable cat bed pet,4.6,4,62 sold,201,62.0,Conforto,Cachorro
foldable cat food bucket on wheels multifunctional pet food moisture proof box dog snack container with clear lid pet supplies,foldable cat food bucket on wheels multifunctional pet food moisture proof box dog snack container with clear lid pet supplies,foldable cat food bucket,4.8,48,85 sold,143,85.0,Alimentação,Cachorro
foldable cat house outdoor waterproof pet house for small dogs kitten puppy cave nest with pets pad dog cat bed tent supplies,foldable cat house outdoor waterproof pet house for small dogs kitten puppy cave nest with pets pad dog cat bed tent supplies,foldable cat house outdoor,2.5,6909,244 sold26 sold,1057,270.0,Conforto,Cachorro
foldable cat tunnel tube toy pet indoor sports hiding training interactive game cat supplies,foldable cat tunnel tube toy pet indoor sports hiding training interactive game cat supplies,foldable cat tunnel tube,4.8,10,67 sold,69,67.0,Brinquedos,Gato
foldable pet dog tent house portable cute pattern soft mat sturdy cat cage pet cat small dog puppy kennel tents pet supplies,foldable pet dog tent house portable cute pattern soft mat sturdy cat cage pet cat small dog puppy kennel tents pet supplies,foldable pet dog tent,4.3,224,22 sold,34,22.0,Conforto,Cachorro
food dispenser water bowl daily supply cat food bowl tall feet cartoon shape large capacity anti-choking neck protector pet dog,food dispenser water bowl daily supply cat food bowl tall feet cartoon shape large capacity anti-choking neck protector pet dog,food dispenser water bowl,4.8,300,280 sold,397,280.0,Alimentação,Cachorro
food pet pouch with rotatable carabiner for puppy pet supplies portable dog treat bag tactical durable lightweight,food pet pouch with rotatable carabiner for puppy pet supplies portable dog treat bag tactical durable lightweight,food pet pouch with,0.0,58,1 sold,1,1.0,Alimentação,Cachorro
for dogs pet cat large bed comfortable soft dog cushion accessorys square plush puppy sofa bed petkit basket for dog supplies,for dogs pet cat large bed comfortable soft dog cushion accessorys square plush puppy sofa bed petkit basket for dog supplies,for dogs pet cat,4.3,102,71 sold,107,71.0,Brinquedos,Cachorro
for long unkempt hair removal comb dog brush grooming cat fur trimming pad remover brush beauty tool curly pet supplies products,for long unkempt hair removal comb dog brush grooming cat fur trimming pad remover brush beauty tool curly pet supplies products,for long unkempt hair,4.7,116,153 sold,42,153.0,Higiene,Cachorro
fountain head drinker ball hanging bottle pet dog cat pet supplies water drink,fountain head drinker ball hanging bottle pet dog cat pet supplies water drink,fountain head drinker ball,4.8,39,30 sold,255,30.0,Brinquedos,Cachorro
four seasons universal pure handmade vine woven cat nest seasonal warmth pad detachable washable winter pet supplies accessories,four seasons universal pure handmade vine woven cat nest seasonal warmth pad detachable washable winter pet supplies accessories,four seasons universal pure,4.5,162,33 sold,165,33.0,Sanitário,Gato
four seasons waterproof matress pet products baskets puppy sleeping bed dog mat dog bed cats house pet supplies,four seasons waterproof matress pet products baskets puppy sleeping bed dog mat dog bed cats house pet supplies,four seasons waterproof matress,1.0,173309,10 sold,7,10.0,Conforto,Cachorro
four section telescopic cat stick 1.8m super long carbon fiber fishing rod scratch resistant feather cat toy pet supplies,four section telescopic cat stick 1.8m super long carbon fiber fishing rod scratch resistant feather cat toy pet supplies,four section telescopic cat,4.9,10,101 sold,30,101.0,Brinquedos,Gato
free engraved pet dog id tag personalized cat puppy id tag pet dog collar accessories custom dogs anti-lost name tags pendant,free engraved pet dog id tag personalized cat puppy id tag pet dog collar accessories custom dogs anti-lost name tags pendant,free engraved pet dog,4.8,825,428 sold,175,428.0,Acessórios,Cachorro
free engraving dog id tags pet collar accessories decoration customized dogs tags name and telephone bone paw shape,free engraving dog id tags pet collar accessories decoration customized dogs tags name and telephone bone paw shape,free engraving dog id,4.8,4235,49 sold,5275,49.0,Acessórios,Cachorro
"fun simulation of mouse and cat toys, cat, kitten, rope, mouse, caterpillar, interactive toy, telescopic hanging door, pet toy","fun simulation of mouse and cat toys, cat, kitten, rope, mouse, caterpillar, interactive toy, telescopic hanging door, pet toy",fun simulation of mouse,4.8,20235,"1,000+ sold",351,1000.0,Brinquedos,Gato
funny cat bed warm pet house soft long plush kitten lounger cushion small dogs tent cave beds for cozy cat house mat supplies,funny cat bed warm pet house soft long plush kitten lounger cushion small dogs tent cave beds for cozy cat house mat supplies,funny cat bed warm,4.7,2635,312 sold,459,312.0,Brinquedos,Cachorro
funny cat interactive teaser training toy creative kittens mini bamboo-copter games toys pets supplies accessories toys for cat,funny cat interactive teaser training toy creative kittens mini bamboo-copter games toys pets supplies accessories toys for cat,funny cat interactive teaser,4.9,53,108 sold,1532,108.0,Brinquedos,Gato
funny cat interactive teaser training toy rotating flying discs games toys pets supplies accessories toys for cat random color,funny cat interactive teaser training toy rotating flying discs games toys pets supplies accessories toys for cat random color,funny cat interactive teaser,4.8,183,373 sold,159,373.0,Brinquedos,Gato
funny cat stick colorful feathers tease cats sticks training interactive toys for cats fishing rod cat accessories pet supplies,funny cat stick colorful feathers tease cats sticks training interactive toys for cats fishing rod cat accessories pet supplies,funny cat stick colorful,4.7,66,299 sold,55,299.0,Brinquedos,Gato
funny cat toy feather bell with catnip cat animal shape doll pet hemp rope molar rod pet kitten supplies teeth chewing toy,funny cat toy feather bell with catnip cat animal shape doll pet hemp rope molar rod pet kitten supplies teeth chewing toy,funny cat toy feather,5.0,80,219 sold,383,219.0,Brinquedos,Gato
funny cat toy interactive launch pet training toy for kitten mini flying disc shooting gun chasing games cat toys pet supplies,funny cat toy interactive launch pet training toy for kitten mini flying disc shooting gun chasing games cat toys pet supplies,funny cat toy interactive,4.5,25,17 sold,10,17.0,Brinquedos,Gato
funny cat toy interactive teaser training toys flying disc spinning gyro launching game toy teasing pet supplies dog toys access,funny cat toy interactive teaser training toys flying disc spinning gyro launching game toy teasing pet supplies dog toys access,funny cat toy interactive,4.6,55,54 sold,12,54.0,Brinquedos,Cachorro
funny chicken helmet bird protect cap sun rain protection helmet diy small pet accessories small pet protective gear supplies,funny chicken helmet bird protect cap sun rain protection helmet diy small pet accessories small pet protective gear supplies,funny chicken helmet bird,4.0,53,27 sold,23,27.0,Outros,Pássaro
funny chicken helmet small bird duck quail hard hat headgear prevent the chicken from smash protect for hens head pet supplies,funny chicken helmet small bird duck quail hard hat headgear prevent the chicken from smash protect for hens head pet supplies,funny chicken helmet small,3.7,44845,65 sold,35,65.0,Outros,Pássaro
funny crisps dog toys interaction chew molars plush dog toys bite resistance clean teeth oral cavity puppy toys pet accessories,funny crisps dog toys interaction chew molars plush dog toys bite resistance clean teeth oral cavity puppy toys pet accessories,funny crisps dog toys,4.8,112,"1,000+ sold",1167,1000.0,Brinquedos,Cachorro
funny dog recordable pet toys travel talking pet starters pet speaking buttons portable cute pet supplies communication dog,funny dog recordable pet toys travel talking pet starters pet speaking buttons portable cute pet supplies communication dog,funny dog recordable pet,4.8,516,"2,000+ sold",1802,2000.0,Brinquedos,Cachorro
funny dog toy colorful luminous elastic ball dogs chewing playing sound toy ball pet supplies,funny dog toy colorful luminous elastic ball dogs chewing playing sound toy ball pet supplies,funny dog toy colorful,4.8,101,87 sold,30,87.0,Brinquedos,Cachorro
funny pet dog toys plush slippers bite chicken leg shoe shape  small and medium-sized dog outdoor training cat relieve anxiety,funny pet dog toys plush slippers bite chicken leg shoe shape  small and medium-sized dog outdoor training cat relieve anxiety,funny pet dog toys,4.8,295,151 sold,833,151.0,Brinquedos,Cachorro
funny pet plush toys for small large dogs squeaky sounding chew toys duck shaped dog interactive toy supplies,funny pet plush toys for small large dogs squeaky sounding chew toys duck shaped dog interactive toy supplies,funny pet plush toys,4.8,4,284 sold,127,284.0,Brinquedos,Cachorro
funny pet toy donkey shape corduroy chew toys for dogs puppy squeaker squeaky plush bone molar dog toy training pets supplies,funny pet toy donkey shape corduroy chew toys for dogs puppy squeaker squeaky plush bone molar dog toy training pets supplies,funny pet toy donkey,5.0,11,28 sold,56,28.0,Brinquedos,Cachorro
funny pet toys cartoon cute bite resistant plush toy pet chew toy for cats dogs pet interactive supplies pet partner,funny pet toys cartoon cute bite resistant plush toy pet chew toy for cats dogs pet interactive supplies pet partner,funny pet toys cartoon,0.0,209,16 sold,9,16.0,Brinquedos,Cachorro
funny pet toys cartoon cute plush bite resistant pet chew toy for cats dogs interactive pet supplies pet partner,divertenti giocattoli per animali domestici cartone animato simpatico peluche resistente ai morsi giocattolo da masticare per animali domestici per gatti cani forniture interattive per animali domestici partner per animali domestici,funny pet toys cartoon,4.5,2438,1.000+ venduto,2156,1000.0,Brinquedos,Cachorro
funny plush cat toy soft solid interactive mice mouse toys for funny kitten pet cats playing scratch training game supplies,funny plush cat toy soft solid interactive mice mouse toys for funny kitten pet cats playing scratch training game supplies,funny plush cat toy,4.8,1119,700+ sold,191,700.0,Brinquedos,Gato
"funny screaming chicken toys, squeezing sound, teeth grinding, suitable for small to medium dogs, pet products, home supplies","funny screaming chicken toys, squeezing sound, teeth grinding, suitable for small to medium dogs, pet products, home supplies","funny screaming chicken toys,",4.2,1290,145 sold,18,145.0,Brinquedos,Cachorro
funny simulated animal no stuffing dog toy with squeakers durableplush dog chew toy crinkle pet squeak toy pet supplies,funny simulated animal no stuffing dog toy with squeakers durableplush dog chew toy crinkle pet squeak toy pet supplies,funny simulated animal no,4.8,305,"1,000+ sold",659,1000.0,Brinquedos,Cachorro
garden fence medium and small dogs - heavy duty exercise pen outdoor dog playpen - 16 panel fence for large free shipping home,garden fence medium and small dogs - heavy duty exercise pen outdoor dog playpen - 16 panel fence for large free shipping home,garden fence medium and,0.0,50,0 sold,3,0.0,Outros,Cachorro
gardening cat scat mat repellent mat anti-cat strips spikes straps deterrent keep cat dog away digging pet supplies 49*14*2.8cm,gardening cat scat mat repellent mat anti-cat strips spikes straps deterrent keep cat dog away digging pet supplies 49*14*2.8cm,gardening cat scat mat,4.8,1969,26 sold,49,26.0,Conforto,Cachorro
gardening cat scat mat repellent mat anti-cat with prickle strips spikes straps deterrent keep cat dog away digging pet supplies,gardening cat scat mat repellent mat anti-cat with prickle strips spikes straps deterrent keep cat dog away digging pet supplies,gardening cat scat mat,2.35,24,4 sold38 sold,40,42.0,Conforto,Cachorro
genuine leather dog collar adjustable puppy dogs collars real leather pet necklace soft for small dogs chihuahua pet supplies,genuine leather dog collar adjustable puppy dogs collars real leather pet necklace soft for small dogs chihuahua pet supplies,genuine leather dog collar,4.6,848,50 sold,146,50.0,Acessórios,Cachorro
gigwi dog toy g-blink series bite resistance bouncy pet chew toy small/medium dog molar bite resistant sounding toy pet supplies,gigwi dog toy g-blink series bite resistance bouncy pet chew toy small/medium dog molar bite resistant sounding toy pet supplies,gigwi dog toy g-blink,4.7,60,36 sold,29,36.0,Brinquedos,Cachorro
gigwi pet toys g-ball series interactive dog ball dog toys squeaky balls 2.5” bouncy and assorted colors for small/medium dogs,gigwi pet toys g-ball series interactive dog ball dog toys squeaky balls 2.5” bouncy and assorted colors for small/medium dogs,gigwi pet toys g-ball,4.8,376,"1,000+ sold",908,1000.0,Brinquedos,Cachorro
gravitational rolling ball for dog cat electric cat ball toys interactive for cats training toys,gravitational rolling ball for dog cat electric cat ball toys interactive for cats training toys,gravitational rolling ball for,0.0,198,0 sold,1,0.0,Brinquedos,Cachorro
hair clips for dogs cat sweet bow hairpins colorful hair comb puppy supplies pet bb hair accessory pet supplies,hair clips for dogs cat sweet bow hairpins colorful hair comb puppy supplies pet bb hair accessory pet supplies,hair clips for dogs,5.0,9991,21 sold,28,21.0,Outros,Cachorro
hamster travel carrier outing cage multifunctional portable travel carrier guinea pig cage small animal outing cage pet supplies,hamster travel carrier outing cage multifunctional portable travel carrier guinea pig cage small animal outing cage pet supplies,hamster travel carrier outing,0.0,5992,2 sold,6,2.0,Outros,Pássaro
handfree bird/feather cat wand with bell powerful suction cup interactive toys for cats kitten hunting exercise pet products,handfree bird/feather cat wand with bell powerful suction cup interactive toys for cats kitten hunting exercise pet products,handfree bird/feather cat wand,4.9,12280,"2,000+ sold",1515,2000.0,Brinquedos,Gato
hands free dog leash for running walking reflective leash with waist bag retractable elastic belt dog traction rope pet products,hands free dog leash for running walking reflective leash with waist bag retractable elastic belt dog traction rope pet products,hands free dog leash,4.3,75,"1,000+ sold",1952,1000.0,Acessórios,Cachorro
hands free high qulity retractable hands free dog leash for running dual handle bungee leash reflective for large pet supplies,hands free high qulity retractable hands free dog leash for running dual handle bungee leash reflective for large pet supplies,hands free high qulity,4.7,470,314 sold,500,314.0,Acessórios,Cachorro
harness dog chest reflective safety adjustable dog training collar outdoor sport no pull vest pet items,harness dog chest reflective safety adjustable dog training collar outdoor sport no pull vest pet items,harness dog chest reflective,4.9,171,247 sold,309,247.0,Acessórios,Cachorro
harnesses for dogs rope puppy dog collar clothes vest chest reflective and breathable adjustable outdoor walking pet supplies,harnesses for dogs rope puppy dog collar clothes vest chest reflective and breathable adjustable outdoor walking pet supplies,harnesses for dogs rope,4.9,2857,600+ sold,429,600.0,Acessórios,Cachorro
heart charm and bell cat collar safety elastic adjustable with soft velvet material 8 colors pet product small dog collar new,heart charm and bell cat collar safety elastic adjustable with soft velvet material 8 colors pet product small dog collar new,heart charm and bell,4.9,339,303 sold,171,303.0,Acessórios,Cachorro
"heavy duty dog cage and kennel with lockable wheels and feeding door, 3 doors and detachable tray design, free shipping","heavy duty dog cage and kennel with lockable wheels and feeding door, 3 doors and detachable tray design, free shipping",heavy duty dog cage,0.0,30,0 sold,0,0.0,Outros,Cachorro
hedgehog soft plush dog toys small/large dogs interactive /squeaky sound toy chew bite resistant toy pets accessories supplies,hedgehog soft plush dog toys small/large dogs interactive /squeaky sound toy chew bite resistant toy pets accessories supplies,hedgehog soft plush dog,5.0,16,32 sold,316,32.0,Brinquedos,Cachorro
helmet chicken pet supplies funny safety helmet chicken hat chicken helmet protection pet chicken head cover,helmet chicken pet supplies funny safety helmet chicken hat chicken helmet protection pet chicken head cover,helmet chicken pet supplies,0.0,199,1 sold,0,1.0,Outros,Outros
heybly cat tree 73 inches tall cat tower for large cats 20 lbs heavy duty for indoor cats big cat furniture padded plush perch,heybly cat tree 73 inches tall cat tower for large cats 20 lbs heavy duty for indoor cats big cat furniture padded plush perch,heybly cat tree 73,0.0,100,0 sold,19,0.0,Brinquedos,Gato
high quality 5mm*3m lengthen steel wire dogs rope chain durable double-end dogs leash cable dual heads metal hooks pet supplies,high quality 5mm*3m lengthen steel wire dogs rope chain durable double-end dogs leash cable dual heads metal hooks pet supplies,high quality 5mm*3m lengthen,4.9,38,144 sold,62,144.0,Acessórios,Cachorro
"high quality biodegradable dog toy bags, outdoor home cleaning bag dispenser, 15 bags per roll, 9 rolls, 16 rolls, 32 rolls",高品質の生分解性ドッグトイバッグ、屋外ホームクリーニングバッグディスペンサー、ロールあたり15バッグ、9ロール、16ロール、32ロール,high quality biodegradable dog,4.8,2934,170 点販売,137,170.0,Brinquedos,Cachorro
high quality upgraded color collar large dog german shepherd walk the dog p chain necklet pet  for medium and large dogs,high quality upgraded color collar large dog german shepherd walk the dog p chain necklet pet  for medium and large dogs,high quality upgraded color,4.4,28113,93 sold,3305,93.0,Acessórios,Cachorro
high-quality nylon plaid christmas series pet harness set small and medium-sized dog leash,high-quality nylon plaid christmas series pet harness set small and medium-sized dog leash,high-quality nylon plaid christmas,5.0,1094,26 sold,22,26.0,Acessórios,Cachorro
holder faux leather pet poop bag holder with dispenser for dog bags portable dog poop bag organizer supplies pet stylish pet bag,holder faux leather pet poop bag holder with dispenser for dog bags portable dog poop bag organizer supplies pet stylish pet bag,holder faux leather pet,5.0,283,21 sold,18,21.0,Outros,Cachorro
home pet animal care protect flea comb for cat dog pet stainless steel comfort flea hair comb cat dog supplies pet products,home pet animal care protect flea comb for cat dog pet stainless steel comfort flea hair comb cat dog supplies pet products,home pet animal care,4.4,1428,105 sold,24,105.0,Outros,Cachorro
hoopet cat delivery room detachable summer pet tent outdoor dog folding fence cat cage dogs enclosure surrounded pet supplies,hoopet cat delivery room detachable summer pet tent outdoor dog folding fence cat cage dogs enclosure surrounded pet supplies,hoopet cat delivery room,4.6,4,209 sold,7287,209.0,Outros,Cachorro
hoopet cute cat bed warm pet house kitten cave cushion comfort cat house tent puppy nest small dog mat supplies bed for cats,hoopet cute cat bed warm pet house kitten cave cushion comfort cat house tent puppy nest small dog mat supplies bed for cats,hoopet cute cat bed,4.8,98,32 sold,860,32.0,Conforto,Cachorro
hoopet dog bed mat warm pet cat scratchable blanket anti-slip washable cushion sofa cover for large dogs pet supplies,hoopet dog bed mat warm pet cat scratchable blanket anti-slip washable cushion sofa cover for large dogs pet supplies,hoopet dog bed mat,4.9,3934,213 sold,1721,213.0,Conforto,Cachorro
hoopet dog cat automatic food feeder water drinker bottle puppy kitten hanging food dispenser water container pet supplies,hoopet dog cat automatic food feeder water drinker bottle puppy kitten hanging food dispenser water container pet supplies,hoopet dog cat automatic,5.0,1001,10 sold,10,10.0,Alimentação,Cachorro
hoopet dog pillow soft mattress for dogs cat sleeping mat pet cushion in the bed s-xl size for small medium large dogs pet beds,hoopet dog pillow soft mattress for dogs cat sleeping mat pet cushion in the bed s-xl size for small medium large dogs pet beds,hoopet dog pillow soft,4.5,820,37 sold,85,37.0,Conforto,Cachorro
hoopet dog toy rubber ball bite-resistant ball toy for dogs puppy teddy pitbull red color solid ball s-xl pet supplies,hoopet dog toy rubber ball bite-resistant ball toy for dogs puppy teddy pitbull red color solid ball s-xl pet supplies,hoopet dog toy rubber,4.85,1577,"1,000+ sold1,000+ sold",7288,2000.0,Brinquedos,Cachorro
hoopet dog toy six tennis balls bite-resistant dogs puppy teddy training product pet supplies,hoopet dog toy six tennis balls bite-resistant dogs puppy teddy training product pet supplies,hoopet dog toy six,4.7,25,293 sold238 sold,676,531.0,Brinquedos,Cachorro
hoopet dogs automatic feeders water bottle cats bowl food storage drinking dispenser container pet supplies,hoopet dogs automatic feeders water bottle cats bowl food storage drinking dispenser container pet supplies,hoopet dogs automatic feeders,4.6,326,101 sold,104,101.0,Alimentação,Cachorro
hoopet dogs go out kettle drinker portable water cup drinking water feeder pet accompanying cup water bottle walking dog supplie,hoopet dogs go out kettle drinker portable water cup drinking water feeder pet accompanying cup water bottle walking dog supplie,hoopet dogs go out,4.8,272,495 sold,290,495.0,Alimentação,Cachorro
hoopet pet dog toy balls squeak puppy toys interesting tennis football tooth cleaning toys for dogs,hoopet pet dog toy balls squeak puppy toys interesting tennis football tooth cleaning toys for dogs,hoopet pet dog toy,5.0,788,82 sold,3,82.0,Brinquedos,Cachorro
hoopet pet dog toys toy funny interactive ball dog chew toy for dog ball of food rubber balls pets supplies,hoopet pet dog toys toy funny interactive ball dog chew toy for dog ball of food rubber balls pets supplies,hoopet pet dog toys,4.8,1470,190 sold,127,190.0,Brinquedos,Cachorro
hoopet summer dog bed cat cool mat breathable pet sleep ice cushion for small medium large dog cat pet cooling mat supplies,hoopet summer dog bed cat cool mat breathable pet sleep ice cushion for small medium large dog cat pet cooling mat supplies,hoopet summer dog bed,4.5,820,34 sold,43,34.0,Conforto,Cachorro
hoopet vip link dog sofa bed pet warm nest calming bed washable soft cat blanket sleeping mat pet supplies,hoopet vip link dog sofa bed pet warm nest calming bed washable soft cat blanket sleeping mat pet supplies,hoopet vip link dog,4.6,443,105 sold,81,105.0,Conforto,Cachorro
hoopet winter comfortable pet mat bed for dogs cats fluff sleeping pad  dog sofa cushion pet calming dog bed house pet supplies,hoopet winter comfortable pet mat bed for dogs cats fluff sleeping pad  dog sofa cushion pet calming dog bed house pet supplies,hoopet winter comfortable pet,3.4,13,45 sold,1231,45.0,Conforto,Cachorro
hoopet winter warm pet mat soft sofa for small medium dog removable bed for cats dogs washable fluff sleeping pet beds supplies,hoopet winter warm pet mat soft sofa for small medium dog removable bed for cats dogs washable fluff sleeping pet beds supplies,hoopet winter warm pet,5.0,198,18 sold,67,18.0,Conforto,Cachorro
hot cat bowl pet food set dog dog cat standing rabbit ear feeder water feeder pet food set pet supplies,hot cat bowl pet food set dog dog cat standing rabbit ear feeder water feeder pet food set pet supplies,hot cat bowl pet,3.3,3954,45 sold,58,45.0,Alimentação,Cachorro
hot cat toys from the high cat stick cat turntable ball cat cat toy cat turntable leaky food toy set pet supplies,hot cat toys from the high cat stick cat turntable ball cat cat toy cat turntable leaky food toy set pet supplies,hot cat toys from,0.0,2989,11 sold,15,11.0,Brinquedos,Gato
hot cat toys self-amusement cat turntable toy ball fun cat stick cat fun automatic fun cat toy pet supplies,hot cat toys self-amusement cat turntable toy ball fun cat stick cat fun automatic fun cat toy pet supplies,hot cat toys self-amusement,5.0,5984,16 sold,16,16.0,Brinquedos,Gato
hot pet leash dog automatic retractable retractor dog chain dog walking appliance pet supplies,hot pet leash dog automatic retractable retractor dog chain dog walking appliance pet supplies,hot pet leash dog,5.0,11997,3 sold,8,3.0,Acessórios,Cachorro
hot pet portable breast back dog bee breast strap walking dog leash out leash small and medium-sized dog pet supplies,hot pet portable breast back dog bee breast strap walking dog leash out leash small and medium-sized dog pet supplies,hot pet portable breast,5.0,14984,15 sold,6,15.0,Acessórios,Cachorro
hot sale cat toys random color cat stick feather cat toy with small bell kitten cat interactive toys cat supplies pet products,hot sale cat toys random color cat stick feather cat toy with small bell kitten cat interactive toys cat supplies pet products,hot sale cat toys,4.6,155,237 sold,288,237.0,Brinquedos,Gato
hot selling pet package logo cat bag pet box portable cat dog out backpack,hot selling pet package logo cat bag pet box portable cat dog out backpack,hot selling pet package,5.0,51,155 sold,386,155.0,Outros,Cachorro
hot warm pet fleece blanket bed mat pad cover cushion for dog cat puppy animal winter supplies,hot warm pet fleece blanket bed mat pad cover cushion for dog cat puppy animal winter supplies,hot warm pet fleece,4.3,16,247 sold,1905,247.0,Conforto,Cachorro
hot wood polygonum cat-teasing toys cat snacks self hi nibble teeth cleaning natural molar stick pet supplies,hot wood polygonum cat-teasing toys cat snacks self hi nibble teeth cleaning natural molar stick pet supplies,hot wood polygonum cat-teasing,0.0,997,3 sold,1,3.0,Brinquedos,Gato
hydroponic seedling tray creative cat snack catnip growing pot reusable garden catnip growing bowl pet supplies,hydroponic seedling tray creative cat snack catnip growing pot reusable garden catnip growing bowl pet supplies,hydroponic seedling tray creative,4.8,73,"1,000+ sold",3491,1000.0,Alimentação,Gato
"id paw tag for dog, puppy, kitten, cat collar accessories, dog id tag, free engraving, message supplies, pet products","id paw tag for dog, puppy, kitten, cat collar accessories, dog id tag, free engraving, message supplies, pet products",id paw tag for,4.8,131,30 sold,28,30.0,Acessórios,Cachorro
ins style new pet products cat dog deep sleep u-shaped pillow cotton removable and washable chin pad,ins style new pet products cat dog deep sleep u-shaped pillow cotton removable and washable chin pad,ins style new pet,5.0,36,63 sold,133,63.0,Sanitário,Cachorro
intelligent escaping toy cat dog automatic walk interactive toys for kids pets infrared sensor rabbit pet supplies accessories,intelligent escaping toy cat dog automatic walk interactive toys for kids pets infrared sensor rabbit pet supplies accessories,intelligent escaping toy cat,4.7,1957,92 sold,2436,92.0,Brinquedos,Cachorro
intelligent smart car cat toys funny stick feather kitten pet supplies party and for cat interactive cat toys,intelligent smart car cat toys funny stick feather kitten pet supplies party and for cat interactive cat toys,intelligent smart car cat,3.7,3,41 sold,143,41.0,Brinquedos,Gato
interactive ball smart cat toys plush electric catnip training toy kitten touch sounding pet product squeak toy ball,interactive ball smart cat toys plush electric catnip training toy kitten touch sounding pet product squeak toy ball,interactive ball smart cat,4.8,1491,"3,000+ sold",2441,3000.0,Brinquedos,Gato
interactive cat feather toy feather teaser stick wand pet retractable feather bell refill replacement catcher product for kitten,interactive cat feather toy feather teaser stick wand pet retractable feather bell refill replacement catcher product for kitten,interactive cat feather toy,4.65,91,"88 sold1,000+ sold",841,1088.0,Brinquedos,Gato
"interactive cat feather toys, hanging electric cat toys for indoor cats,  cat teaser toy, kitten toys, automatic cat toy","interactive cat feather toys, hanging electric cat toys for indoor cats,  cat teaser toy, kitten toys, automatic cat toy","interactive cat feather toys,",4.7,2439,153 sold,590,153.0,Brinquedos,Gato
interactive cat toy funny simulation bird feather with bell cat stick toy for kitten playing teaser wand toy pet cats supplies,interactive cat toy funny simulation bird feather with bell cat stick toy for kitten playing teaser wand toy pet cats supplies,interactive cat toy funny,4.7,2612,"1,000+ sold",1976,1000.0,Brinquedos,Gato
interactive cat toy handfree cat stick playing kitten playing teaser wand toy suction cup bird/feather cat wand pet supplies,interactive cat toy handfree cat stick playing kitten playing teaser wand toy suction cup bird/feather cat wand pet supplies,interactive cat toy handfree,4.7,84,800+ sold,313,800.0,Brinquedos,Gato
interactive cat toy iq treat duck smarter pet toys food ball food dispenser for cats playing training duck pet supplies feed,interactive cat toy iq treat duck smarter pet toys food ball food dispenser for cats playing training duck pet supplies feed,interactive cat toy iq,4.7,961,52 sold,1429,52.0,Brinquedos,Gato
"interactive cat toys ball, automatic 360° self-rotating rolling ball with usb rechargeable pet exercise chase toy ball for kitte","interactive cat toys ball, automatic 360° self-rotating rolling ball with usb rechargeable pet exercise chase toy ball for kitte","interactive cat toys ball,",4.7,1189,"3,000+ sold",4249,3000.0,Brinquedos,Gato
interactive cat toys funny feather teaser stick with bell pets collar kitten playing teaser wand training toys for cats supplies,interactive cat toys funny feather teaser stick with bell pets collar kitten playing teaser wand training toys for cats supplies,interactive cat toys funny,4.55,587,457 sold334 sold86 sold900+ sold,1003,1777.0,Brinquedos,Gato
interactive cat toys usb electric intelligent rolling ball toy cats pet silicone automatic rotate mouse tail kitten teaser stick,interactive cat toys usb electric intelligent rolling ball toy cats pet silicone automatic rotate mouse tail kitten teaser stick,interactive cat toys usb,4.5,128,500+ sold,633,500.0,Brinquedos,Gato
interactive cotton rope mini dog toys ball for dogs accessories toothbrush chew puppy toy for large small dogs toy pet dog toy,interactive cotton rope mini dog toys ball for dogs accessories toothbrush chew puppy toy for large small dogs toy pet dog toy,interactive cotton rope mini,4.7,378,"1,000+ sold",1264,1000.0,Brinquedos,Cachorro
interactive dog football toy soccer ball inflated training toy for dogs outdoor border collie balls for large dogs pet supplies,interactive dog football toy soccer ball inflated training toy for dogs outdoor border collie balls for large dogs pet supplies,interactive dog football toy,5.0,71,15 sold,5,15.0,Brinquedos,Cachorro
interactive dog supplies toys pet flying discs puppy training toy ring resistant bite floating toy game for frisbee,interactive dog supplies toys pet flying discs puppy training toy ring resistant bite floating toy game for frisbee,interactive dog supplies toys,4.5,42,43 sold,11,43.0,Brinquedos,Cachorro
interactive dog toys champagne wine bottle shape pet toy plush filled vodka toy squeaky bite-resistant pet supplies whisky,interactive dog toys champagne wine bottle shape pet toy plush filled vodka toy squeaky bite-resistant pet supplies whisky,interactive dog toys champagne,4.7,82,"2,000+ sold",2640,2000.0,Brinquedos,Cachorro
interactive dog toys tug of war ball in red and turquoise for large breed dogs - mentally stimulating teething toy,interactive dog toys tug of war ball in red and turquoise for large breed dogs - mentally stimulating teething toy,interactive dog toys tug,4.8,15,30 sold,62,30.0,Brinquedos,Cachorro
interactive launch training cat toys creative kittens games stretch plush ball toys cat supplies pet accessories herbe à chat,interactive launch training cat toys creative kittens games stretch plush ball toys cat supplies pet accessories herbe à chat,interactive launch training cat,5.0,70,40 sold,23,40.0,Brinquedos,Gato
interactive launch training cat toys creative kittens mini pompoms games stretch plush ball toys cat supplies pet accessories,interactive launch training cat toys creative kittens mini pompoms games stretch plush ball toys cat supplies pet accessories,interactive launch training cat,4.8,4253,"2,000+ sold44 sold",12944,2044.0,Brinquedos,Gato
interactive pet chew toy squeak plush doll for all puppy pet sound toys durable chewing molar pets supplies משחקי חשיבה לכלבים,interactive pet chew toy squeak plush doll for all puppy pet sound toys durable chewing molar pets supplies משחקי חשיבה לכלבים,interactive pet chew toy,5.0,73,48 sold,20,48.0,Brinquedos,Cachorro
interactive tower cat toy turntable roller balls toys for cats kitten teaser puzzle track toy pets training supplies accessories,interactive tower cat toy turntable roller balls toys for cats kitten teaser puzzle track toy pets training supplies accessories,interactive tower cat toy,4.9,272,385 sold,356,385.0,Brinquedos,Gato
k & h pet products thermo-snuggle cup bomber-indoor heated cat bed gray 14x18 inches,k & h pet products thermo-snuggle cup bomber-indoor heated cat bed gray 14x18 inches,k & h pet,0.0,12,0 sold,0,0.0,Conforto,Gato
kawaii removable cats bed house home supplies products for adult cats large pet dog bed cat's house cave comfortable  food cute,kawaii removable cats bed house home supplies products for adult cats large pet dog bed cat's house cave comfortable  food cute,kawaii removable cats bed,5.0,15,74 sold,10583,74.0,Alimentação,Cachorro
kimpets pet cat automatic feeder drinking water large capacity water dispenser dry wet separation food container pet supplies,kimpets pet cat automatic feeder drinking water large capacity water dispenser dry wet separation food container pet supplies,kimpets pet cat automatic,4.8,335,132 sold,585,132.0,Alimentação,Gato
kimpets pet cat toys natural for dog snacks stick cleans tooth removers hair to promote digestion silvervine kitten chew toy,kimpets pet cat toys natural for dog snacks stick cleans tooth removers hair to promote digestion silvervine kitten chew toy,kimpets pet cat toys,5.0,260,71 sold,16,71.0,Brinquedos,Cachorro
king dog bed sofa basket dog beds fun washable removable dog house long luxe plush outdoor large pet cat dog bed warm mat sofa,king dog bed sofa basket dog beds fun washable removable dog house long luxe plush outdoor large pet cat dog bed warm mat sofa,king dog bed sofa,4.7,15960,"1,000+ sold",2444,1000.0,Brinquedos,Cachorro
kitten coil spiral springs cat toys interactive  gauge cat spring toy colorful springs cat pet toy pet products,kitten coil spiral springs cat toys interactive  gauge cat spring toy colorful springs cat pet toy pet products,kitten coil spiral springs,4.9,141,"2,000+ sold",818,2000.0,Brinquedos,Gato
kitten touch sounding pet product squeak toy ball cat supplie smart cat toys interactive ball plush electric catnip training toy,kitten touch sounding pet product squeak toy ball cat supplie smart cat toys interactive ball plush electric catnip training toy,kitten touch sounding pet,4.9,59875,151 sold,379,151.0,Brinquedos,Gato
kitten toys variety pack-pet cat toy combination set cat toy funny cat stick sisal mouse bell ball cat supplies 20/21 piece set,kitten toys variety pack-pet cat toy combination set cat toy funny cat stick sisal mouse bell ball cat supplies 20/21 piece set,kitten toys variety pack-pet,4.8,1032,173 sold,1744,173.0,Brinquedos,Gato
kitten toys variety pack-pet cat toys combination set cat toy funny cat stick sisal mouse bell ball cat supplies,kitten toys variety pack-pet cat toys combination set cat toy funny cat stick sisal mouse bell ball cat supplies,kitten toys variety pack-pet,4.9,126,"1,000+ sold",1221,1000.0,Brinquedos,Gato
l newborn baby footprints handprint ink pads kits for diy photo frame accessories newborn baby pet cat dog paw prints souvenir,l newborn baby footprints handprint ink pads kits for diy photo frame accessories newborn baby pet cat dog paw prints souvenir,l newborn baby footprints,5.0,119,11 sold,11,11.0,Sanitário,Cachorro
lace dog bandana printed soft collar dress up pet neckerchief supplies cat scarf floral ribbon for chihuahua puppy kitten leash,lace dog bandana printed soft collar dress up pet neckerchief supplies cat scarf floral ribbon for chihuahua puppy kitten leash,lace dog bandana printed,3.9,10693,43 sold,367,43.0,Acessórios,Cachorro
ladybugs live pet mat autumn and winter thickened pet bed comfortable cat and dog sleeping pad pet call resin,ladybugs live pet mat autumn and winter thickened pet bed comfortable cat and dog sleeping pad pet call resin,ladybugs live pet mat,5.0,11,43 sold,36,43.0,Conforto,Cachorro
large capacity automatic cat food dispenser drinking water bowl pet supplies wet and dry separation dog food container,large capacity automatic cat food dispenser drinking water bowl pet supplies wet and dry separation dog food container,large capacity automatic cat,4.6,2248,316 sold105 sold,704,421.0,Alimentação,Cachorro
large capacity dog bowl stainless steel pet feeding bowl cat and dog food drinking bowl metal feeder bowl durable and cheap,large capacity dog bowl stainless steel pet feeding bowl cat and dog food drinking bowl metal feeder bowl durable and cheap,large capacity dog bowl,4.6,521,600+ sold,1341,600.0,Alimentação,Cachorro
large capacity dog bowl stainless steel pet feeding bowl cat and dog food drinking bowl metal feeding bowl 9 size dog supplies,large capacity dog bowl stainless steel pet feeding bowl cat and dog food drinking bowl metal feeding bowl 9 size dog supplies,large capacity dog bowl,4.8,49,23 sold,22,23.0,Alimentação,Cachorro
large cat cage enclosure indoor diy cat playpen detachable metal wire kennels crate 2x3x4 large exercise place ideal,large cat cage enclosure indoor diy cat playpen detachable metal wire kennels crate 2x3x4 large exercise place ideal,large cat cage enclosure,0.0,120,0 sold,7,0.0,Outros,Gato
large cat litter scoop pp plastic kitty litter tray scoops deep shovel sifter pet cleaning tool cat scooper pet cat supplies,large cat litter scoop pp plastic kitty litter tray scoops deep shovel sifter pet cleaning tool cat scooper pet cat supplies,large cat litter scoop,4.7,13,172 sold,67,172.0,Higiene,Gato
large dog ball toys suction cup ropes interactive leaking slow feeder chew toy toothing clean golden retriever big pet supplies,large dog ball toys suction cup ropes interactive leaking slow feeder chew toy toothing clean golden retriever big pet supplies,large dog ball toys,4.6,531,"4,000+ sold",7846,4000.0,Brinquedos,Cachorro
large dog bed soft thicken corduroy pet sleeping mat non-slip oversize pet kennel winter warm detachable dogs sofa pet supplies,large dog bed soft thicken corduroy pet sleeping mat non-slip oversize pet kennel winter warm detachable dogs sofa pet supplies,large dog bed soft,4.1,36,277 sold,393,277.0,Conforto,Cachorro
"large dog cage with 360 ° and adjustable dog protruding feeder, 2 stainless steel bowls, 41 ""l x 24"" w 36 ""h,classic brown color","large dog cage with 360 ° and adjustable dog protruding feeder, 2 stainless steel bowls, 41 ""l x 24"" w 36 ""h,classic brown color",large dog cage with,0.0,1000,0 sold,0,0.0,Alimentação,Cachorro
"large dog cage, beautiful indoor kennel, modern decorative pet house dog cage, side table and bedside table, espresso","large dog cage, beautiful indoor kennel, modern decorative pet house dog cage, side table and bedside table, espresso","large dog cage, beautiful",0.0,2000,0 sold,0,0.0,Conforto,Cachorro
large dog chew toys tougher than real bones toy squeaky solve boredom teeth separation anxiety crate taining sturdy pet supplies,large dog chew toys tougher than real bones toy squeaky solve boredom teeth separation anxiety crate taining sturdy pet supplies,large dog chew toys,4.5,57,69 sold,71,69.0,Brinquedos,Cachorro
large dog harness and leash set pet german shepherd malinois training walking vest dog harness and collar set for all breeds dog,large dog harness and leash set pet german shepherd malinois training walking vest dog harness and collar set for all breeds dog,large dog harness and,4.7,1025,186 sold,189,186.0,Acessórios,Cachorro
"large dog kennel outdoor,heavy duty dog cage with cover and secure lock,dog pen run,chain link dog crate with waterproof uv-resi","large dog kennel outdoor,heavy duty dog cage with cover and secure lock,dog pen run,chain link dog crate with waterproof uv-resi","large dog kennel outdoor,heavy",0.0,50,0 sold,1,0.0,Outros,Cachorro
large dog warmth dog nest and pet supplies dog nest small medium internet famous pet nest dog bed dog mat dog mat cat nest,large dog warmth dog nest and pet supplies dog nest small medium internet famous pet nest dog bed dog mat dog mat cat nest,large dog warmth dog,5.0,1560,45 sold,28,45.0,Conforto,Cachorro
large medium small house cat bed pet dog bed sofa mats pet products coussin chien animals accessories dogs basket supplies,large medium small house cat bed pet dog bed sofa mats pet products coussin chien animals accessories dogs basket supplies,large medium small house,4.3,2997,232 sold,270,232.0,Conforto,Cachorro
large pet cat and dog bed warm comfortable dog house soft pp cotton nest dog basket mat universal waterproof cat bed,grand animal chat et chien lit chaud confortable chien maison doux pp coton nid chien panier tapis universel étanche chat lit,large pet cat and,4.6,1869,145 Vendus,91,145.0,Conforto,Cachorro
large pet cat dog bed square plush kennel summer washable cat mat waterproof mattress pet cushion medium large dogs pet supplies,large pet cat dog bed square plush kennel summer washable cat mat waterproof mattress pet cushion medium large dogs pet supplies,large pet cat dog,4.4,234,"1,000+ sold",1331,1000.0,Brinquedos,Cachorro
large square nest pet large dog bed for small medium dogs soft fleece nest big dog sofa bed winter warm cat house for pet,large square nest pet large dog bed for small medium dogs soft fleece nest big dog sofa bed winter warm cat house for pet,large square nest pet,0.0,160,3 sold,2,3.0,Conforto,Cachorro
large syringe 100ml-550ml with 100cm hose measuring reusable injector for pet feeding oil water drain fluid nutrient big syringe,large syringe 100ml-550ml with 100cm hose measuring reusable injector for pet feeding oil water drain fluid nutrient big syringe,large syringe 100ml-550ml with,5.0,10234,68 sold,13,68.0,Outros,Outros
latex corn shape puppy dogs toy squeak toys pet supplies training playing chewing dog cats toys for small dogs pet toys,latex corn shape puppy dogs toy squeak toys pet supplies training playing chewing dog cats toys for small dogs pet toys,latex corn shape puppy,4.8,4,42 sold,49,42.0,Brinquedos,Cachorro
leaking food dog toy ball exercise reflexes chihuahua tool entertain itself with educational pet toys teddy feeding supplies,leaking food dog toy ball exercise reflexes chihuahua tool entertain itself with educational pet toys teddy feeding supplies,leaking food dog toy,4.7,44,52 sold,27,52.0,Brinquedos,Cachorro
leaky food ball strange barking sound grinding teeth resistant bite vocal toys educational ball medium pet supplies,leaky food ball strange barking sound grinding teeth resistant bite vocal toys educational ball medium pet supplies,leaky food ball strange,4.6,95,384 sold,219,384.0,Brinquedos,Gato
leash leads for pet grooming table adjustable fixed dog cat safety rope pet grooming loops nylon restraint noose pet supplies,leash leads for pet grooming table adjustable fixed dog cat safety rope pet grooming loops nylon restraint noose pet supplies,leash leads for pet,4.8,112,48 sold,17,48.0,Acessórios,Cachorro
led dog anti-lost collar glowing luminous led light pet collar collar for small medium large dogs collars leads safety necklace,led dog anti-lost collar glowing luminous led light pet collar collar for small medium large dogs collars leads safety necklace,led dog anti-lost collar,4.4,258,600+ sold,1663,600.0,Acessórios,Cachorro
led glowing dog collars rechargeable waterproof luminous collar adjustable dog night light collar pet dog safety necklace,led glowing dog collars rechargeable waterproof luminous collar adjustable dog night light collar pet dog safety necklace,led glowing dog collars,4.6,122354,251 sold,275,251.0,Acessórios,Cachorro
led glowing dog collars safety rechargeable adjustable luminous outdoor anti-lost collar night flashing necklace pet supplies,led glowing dog collars safety rechargeable adjustable luminous outdoor anti-lost collar night flashing necklace pet supplies,led glowing dog collars,4.9,9000,112 sold,48,112.0,Acessórios,Cachorro
led light dog poop bags dispenser degradable waste bag outdoor portable pet trash bags dog cat cleaning supplies accessories,led light dog poop bags dispenser degradable waste bag outdoor portable pet trash bags dog cat cleaning supplies accessories,led light dog poop,1.6333333333333335,504,"1,000+ sold10 sold16 sold",891,1026.0,Higiene,Cachorro
led light pet waste bag dispenser for dogs cats dog poop scooper bags waste bags holder dispensers pet clean accessories,led light pet waste bag dispenser for dogs cats dog poop scooper bags waste bags holder dispensers pet clean accessories,led light pet waste,4.9,19,180 sold,221,180.0,Higiene,Cachorro
led luminous dog cat collar glowing pendant flash lights pet leads accessories night walking pet collar supplies accessorie,led luminous dog cat collar glowing pendant flash lights pet leads accessories night walking pet collar supplies accessorie,led luminous dog cat,4.7,65,192 sold,44,192.0,Acessórios,Cachorro
led luminous dog cat collar pendant glowing charm lights colorful safety lights for night walking pet collar supplies accessorie,led luminous dog cat collar pendant glowing charm lights colorful safety lights for night walking pet collar supplies accessorie,led luminous dog cat,5.0,74,28 sold,7,28.0,Acessórios,Cachorro
led pet dog collar pendant night safety pendant pet luminous night light collar pet dogs supplies dog collar anti-lost pendant,led pet dog collar pendant night safety pendant pet luminous night light collar pet dogs supplies dog collar anti-lost pendant,led pet dog collar,4.8,149,600+ sold,188,600.0,Acessórios,Cachorro
led pet luminous collar usb charging collar night safety flashing glow dog loss prevention collar pet accessories supplies,led pet luminous collar usb charging collar night safety flashing glow dog loss prevention collar pet accessories supplies,led pet luminous collar,4.6,79,73 sold,63,73.0,Acessórios,Cachorro
lifelike catnip bird vivid cat toys pet catnip simulation molding cat teaser with feather soft plush fabric  toys for kitten,lifelike catnip bird vivid cat toys pet catnip simulation molding cat teaser with feather soft plush fabric  toys for kitten,lifelike catnip bird vivid,4.7,151,196 sold,141,196.0,Brinquedos,Gato
light weight for trip pet bowls dog & cat feeder food and water dual purpose automatic water filling corner bowls,light weight for trip pet bowls dog & cat feeder food and water dual purpose automatic water filling corner bowls,light weight for trip,4.7,984,9 sold,26,9.0,Alimentação,Cachorro
lightweight dog pooper scooper portable claw poop scooper with built-in poop bag dispenser lightweight pet waste pick-up cleaner,lightweight dog pooper scooper portable claw poop scooper with built-in poop bag dispenser lightweight pet waste pick-up cleaner,lightweight dog pooper scooper,3.0,93,9 sold,22,9.0,Higiene,Cachorro
lightweight pet harness with handle anti-escape dog vest for small medium dogs puppy chest straps chihuahua pug pet supplies,lightweight pet harness with handle anti-escape dog vest for small medium dogs puppy chest straps chihuahua pug pet supplies,lightweight pet harness with,4.7,283,191 sold,217,191.0,Acessórios,Cachorro
lightweight pet water bottle dispenser with lanyard mushroom cups pet supplies perfect for hiking walking traveling,lightweight pet water bottle dispenser with lanyard mushroom cups pet supplies perfect for hiking walking traveling,lightweight pet water bottle,4.9,51,70 sold,37,70.0,Outros,Pássaro
lightweight strong dog muzzle basket anti-biting anti-barking mouth cover dog adjustable straps mask pet training supplies,lightweight strong dog muzzle basket anti-biting anti-barking mouth cover dog adjustable straps mask pet training supplies,lightweight strong dog muzzle,4.5,13,61 sold,26,61.0,Outros,Cachorro
love flower puppy collar hand-woven cats collar wool knitted cat collar dog tie cat small dogs necklace pet collar pets supplies,love flower puppy collar hand-woven cats collar wool knitted cat collar dog tie cat small dogs necklace pet collar pets supplies,love flower puppy collar,4.7,85,197 sold,1037,197.0,Acessórios,Cachorro
lovely pet supply cute papa duck plush dog toy with rope clean teeth bite resistant dog toys christmas gifts,lovely pet supply cute papa duck plush dog toy with rope clean teeth bite resistant dog toys christmas gifts,lovely pet supply cute,5.0,16,33 sold,17,33.0,Brinquedos,Cachorro
lovely vintage round pet sunglasses reflection eye wear glasses for small dog cat animal photos props accessories,lovely vintage round pet sunglasses reflection eye wear glasses for small dog cat animal photos props accessories,lovely vintage round pet,4.3,1207,133 sold,44,133.0,Outros,Cachorro
luxury cat bed sofa winter warm cat nest pet bed for small medium dogs cats comfortable plush puppy bed pet supplies,luxury cat bed sofa winter warm cat nest pet bed for small medium dogs cats comfortable plush puppy bed pet supplies,luxury cat bed sofa,4.699999999999999,1082,"3,000+ sold175 sold",29717,3175.0,Brinquedos,Cachorro
luxury cat bed super soft warm pet sofa for small dogs cats detachable washable non-slip kitten puppy sleeping bed pet supplies,luxury cat bed super soft warm pet sofa for small dogs cats detachable washable non-slip kitten puppy sleeping bed pet supplies,luxury cat bed super,4.6,120,700+ sold,5023,700.0,Conforto,Cachorro
luxury dog bed square dog beds long plush dog mat beds for small medium large dogs supplies pet dog calming bed washable kennel,luxury dog bed square dog beds long plush dog mat beds for small medium large dogs supplies pet dog calming bed washable kennel,luxury dog bed square,4.7,65999,71 sold,249,71.0,Brinquedos,Cachorro
luxury dog collar rhinestone pet necklace pu leather adjustable cat dog collar small medium large dog pet accessories supplies,luxury dog collar rhinestone pet necklace pu leather adjustable cat dog collar small medium large dog pet accessories supplies,luxury dog collar rhinestone,4.6,38621,51 sold,668,51.0,Acessórios,Cachorro
luxury girl dot pattern design pet dogs chest harness dog leash small puppy supplies,luxury girl dot pattern design pet dogs chest harness dog leash small puppy supplies,luxury girl dot pattern,4.6,28,55 sold,265,55.0,Acessórios,Cachorro
macaron pet double bowl plastic kitten dog food drinking tray feeder cat feeding pet supplies accessories,macaron pet double bowl plastic kitten dog food drinking tray feeder cat feeding pet supplies accessories,macaron pet double bowl,4.6,400,124 sold,534,124.0,Alimentação,Cachorro
madden 3m 5m retractable dog leash durable nylon pet walking leash automatic extending dog lead rope for small medium pet,madden 3m 5m retractable dog leash durable nylon pet walking leash automatic extending dog lead rope for small medium pet,madden 3m 5m retractable,4.9,592,500+ sold,969,500.0,Acessórios,Cachorro
madden funny cat toys colorful yarn balls with bell sounding interactive chewing toy for kitten stuffed toy ball cat supplies,madden funny cat toys colorful yarn balls with bell sounding interactive chewing toy for kitten stuffed toy ball cat supplies,madden funny cat toys,5.0,8,126 sold,194,126.0,Brinquedos,Gato
madden self cleaning dog brush comb pet grooming hair remover combs brush floating hair pet grooming brush cat supplies,madden self cleaning dog brush comb pet grooming hair remover combs brush floating hair pet grooming brush cat supplies,madden self cleaning dog,5.0,165,30 sold,22,30.0,Higiene,Cachorro
"medium to large dog corner kennel, indoor beautiful puppy kennel tv station, side table and bedside table, walnut wood","medium to large dog corner kennel, indoor beautiful puppy kennel tv station, side table and bedside table, walnut wood",medium to large dog,0.0,2000,0 sold,0,0.0,Conforto,Cachorro
mesh litter spatula poop remover pet cleaning supplies large litter spatula tofu litter litter box cat poop,mesh litter spatula poop remover pet cleaning supplies large litter spatula tofu litter litter box cat poop,mesh litter spatula poop,0.0,9993,5 sold,0,5.0,Higiene,Gato
metal cat litter shovel with handle hole pet waste spoon cleaning tool kitten scooper cats litter tray sifter sand pets supplies,metal cat litter shovel with handle hole pet waste spoon cleaning tool kitten scooper cats litter tray sifter sand pets supplies,metal cat litter shovel,4.6,80,278 sold,213,278.0,Higiene,Gato
"mewoofun cat bed sofawooden, sturdy fluffy cat couch bed dog beds for cats and small dogs pet furniture elevated","mewoofun cat bed sofawooden, sturdy fluffy cat couch bed dog beds for cats and small dogs pet furniture elevated","mewoofun cat bed sofawooden,",4.9,543,55 sold,2681,55.0,Conforto,Cachorro
mini electric bug pet dog cat toy interactive cute ladybird beetle animal shape cat toys walking insect cat playing supplies,mini electric bug pet dog cat toy interactive cute ladybird beetle animal shape cat toys walking insect cat playing supplies,mini electric bug pet,4.6,624,"2,000+ sold",970,2000.0,Brinquedos,Cachorro
"monggo q handheld veterinary poct, portable pet hemoglobin analyzer for cats and dogs, h7","monggo q handheld veterinary poct, portable pet hemoglobin analyzer for cats and dogs, h7",monggo q handheld veterinary,0.0,150,0 sold,106,0.0,Outros,Cachorro
"monggoq canine parvo diagnostic, home health care test paper, safe supplies, pet accessories for dog, cpv-10, 10pcs","monggoq canine parvo diagnostic, home health care test paper, safe supplies, pet accessories for dog, cpv-10, 10pcs","monggoq canine parvo diagnostic,",0.0,67,4 sold,143,4.0,Outros,Cachorro
multi color durable china pet supplies cleaning tool plastic shovel cat litter scoop holder,multi color durable china pet supplies cleaning tool plastic shovel cat litter scoop holder,multi color durable china,4.8,3980,23 sold,15,23.0,Higiene,Gato
multicolor answering buttons pets supplies noise makers dog recordable answering accessories funny round interactive tool,multicolor answering buttons pets supplies noise makers dog recordable answering accessories funny round interactive tool,multicolor answering buttons pets,5.0,17,10 sold,2,10.0,Brinquedos,Cachorro
multifuctional pet food can spoon set pet can opener dry wet food spoon cat supplies pet spoon feeding stirring spoon,multifuctional pet food can spoon set pet can opener dry wet food spoon cat supplies pet spoon feeding stirring spoon,multifuctional pet food can,0.0,23,5 sold,13,5.0,Alimentação,Gato
multifunction pet canned spoon jar opener puppy feeding mixing wet dry scoop cat dog accessories feeder shovel pets tableware,multifunction pet canned spoon jar opener puppy feeding mixing wet dry scoop cat dog accessories feeder shovel pets tableware,multifunction pet canned spoon,4.9,267,192 sold,373,192.0,Alimentação,Cachorro
multifunction pet slow feeder bowls dog licking mat with suction cups for anxiety relief dog cat water drinking eating food,multifunction pet slow feeder bowls dog licking mat with suction cups for anxiety relief dog cat water drinking eating food,multifunction pet slow feeder,4.8,44,224 sold,765,224.0,Alimentação,Cachorro
multifunctional candy colored plastic dog bowl cat bowl feeding water puppy feeder pet feeding supplies cute and easy to carry,multifunctional candy colored plastic dog bowl cat bowl feeding water puppy feeder pet feeding supplies cute and easy to carry,multifunctional candy colored plastic,5.0,299,15 sold,13,15.0,Alimentação,Cachorro
multifunctional cat steamy brush 2024 new 3 in 1 electric cleaning steam dog brush for spray massage pet hair removal combs,multifunctional cat steamy brush 2024 new 3 in 1 electric cleaning steam dog brush for spray massage pet hair removal combs,multifunctional cat steamy brush,5.0,52,12 sold,41,12.0,Higiene,Cachorro
multifunctional pet hair remover clothes hair remov brush reusabl cat dog hair lint rollers brush remov tools,multifunctional pet hair remover clothes hair remov brush reusabl cat dog hair lint rollers brush remov tools,multifunctional pet hair remover,0.0,19998,0 sold0 sold,2,0.0,Acessórios,Cachorro
mushroom type pet cat bowl 1.8l automatic feeder dog cat food bowl drinking water bottle kitten bowls feeding bowl for dogs,mushroom type pet cat bowl 1.8l automatic feeder dog cat food bowl drinking water bottle kitten bowls feeding bowl for dogs,mushroom type pet cat,0.0,4323,2 sold,6,2.0,Alimentação,Cachorro
mutli-function portable pet cat dog food shovel scoop feeding spoon with sealing bag clip pet feeders pet puppy kitten supplies,mutli-function portable pet cat dog food shovel scoop feeding spoon with sealing bag clip pet feeders pet puppy kitten supplies,mutli-function portable pet cat,4.9,4952,401 sold,349,401.0,Alimentação,Cachorro
natural catnip ball cat rotatable wall stick-on ball toys lickable snacks healthy teeth cleaning kitten chew toys pet supplies,natural catnip ball cat rotatable wall stick-on ball toys lickable snacks healthy teeth cleaning kitten chew toys pet supplies,natural catnip ball cat,0.0,100,16 sold,3,16.0,Brinquedos,Gato
natural catnip cat rotatable catnip wall ball toys licking snacks healthy teeth cleaning catnip toy pet supplies random color,natural catnip cat rotatable catnip wall ball toys licking snacks healthy teeth cleaning catnip toy pet supplies random color,natural catnip cat rotatable,4.5,2,26 sold,9,26.0,Brinquedos,Gato
natural catnip cat wall stick-on ball toy treats healthy natural removes hair balls to promote digestion cat grass snack pet,natural catnip cat wall stick-on ball toy treats healthy natural removes hair balls to promote digestion cat grass snack pet,natural catnip cat wall,4.5,155,25 sold,2276,25.0,Brinquedos,Gato
natural rubber pet dog toys dog chew toys tooth cleaning treat ball extra-tough interactive elasticity ball5cm for pet products,natural rubber pet dog toys dog chew toys tooth cleaning treat ball extra-tough interactive elasticity ball5cm for pet products,natural rubber pet dog,2.15,1043,"117 sold3,000+ sold",1309,3117.0,Brinquedos,Cachorro
natural safety edible pet catnip toys for cat mint ball healthy cleaning teeth stick molar cat nip lollipop catmint supplies,natural safety edible pet catnip toys for cat mint ball healthy cleaning teeth stick molar cat nip lollipop catmint supplies,natural safety edible pet,4.2,93,20 sold,22,20.0,Brinquedos,Gato
new 2-in-1 cat bowl water dispenser automatic water storage pet dog cat food bowl food container with waterer pet waterer feeder,new 2-in-1 cat bowl water dispenser automatic water storage pet dog cat food bowl food container with waterer pet waterer feeder,new 2-in-1 cat bowl,4.8,129,"1,000+ sold",5497,1000.0,Alimentação,Cachorro
new 30ml pet dog spray inducer dog toilet training puppy positioning defecation pet potty training spray dog trainings supplies,new 30ml pet dog spray inducer dog toilet training puppy positioning defecation pet potty training spray dog trainings supplies,new 30ml pet dog,4.0,21,31 sold,88,31.0,Outros,Cachorro
new 38/70cm pet anti flea ticks anti-parasitic dog collar 8 month protection retractable collars for puppy cat big dogs supplies,new 38/70cm pet anti flea ticks anti-parasitic dog collar 8 month protection retractable collars for puppy cat big dogs supplies,new 38/70cm pet anti,4.7,268196,"1,000+ sold",208,1000.0,Acessórios,Cachorro
new 38/70cm pet anti flea ticks antiparasitic cats collar dog protection retractable collars for puppy cat large dogs accessorie,new 38/70cm pet anti flea ticks antiparasitic cats collar dog protection retractable collars for puppy cat large dogs accessorie,new 38/70cm pet anti,4.6,1054,700+ sold,551,700.0,Acessórios,Cachorro
new 40cm pet toy dog plush toys interactive bite grinding teeth clean teeth bite resistant vocal animals pet supplies,new 40cm pet toy dog plush toys interactive bite grinding teeth clean teeth bite resistant vocal animals pet supplies,new 40cm pet toy,5.0,2995,5 sold,11,5.0,Brinquedos,Cachorro
new animal shape sisal plush doll with feather containing sound paper bite resistant interactive play pet supplies,new animal shape sisal plush doll with feather containing sound paper bite resistant interactive play pet supplies,new animal shape sisal,4.7,50,133 sold,49,133.0,Brinquedos,Outros
new arrival pet bath brush cleaning massage shower gloves for dogs and cats pet bathing and grooming supplies,new arrival pet bath brush cleaning massage shower gloves for dogs and cats pet bathing and grooming supplies,new arrival pet bath,5.0,5000,44 sold,56,44.0,Higiene,Cachorro
new cat tunnel bag 3 layers rattle paper pet kitten tunnel small pets drill bucket foldable interactive cat toys with plush ball,new cat tunnel bag 3 layers rattle paper pet kitten tunnel small pets drill bucket foldable interactive cat toys with plush ball,new cat tunnel bag,4.6,180,156 sold,80,156.0,Brinquedos,Gato
new catnip toys for cats 360 degree teeth cleaning accessories pet toy interactive games rubber toothbursh chew pet cat supplies,new catnip toys for cats 360 degree teeth cleaning accessories pet toy interactive games rubber toothbursh chew pet cat supplies,new catnip toys for,4.7,59,386 sold,483,386.0,Brinquedos,Gato
new dog retractable leash wrist strap hands free pet leash automatic bracelet adjustable walker lead rope accessories supplies,new dog retractable leash wrist strap hands free pet leash automatic bracelet adjustable walker lead rope accessories supplies,new dog retractable leash,4.9,12,123 sold,135,123.0,Acessórios,Cachorro
new dog sofa beds for small dogs warm accessories large dog bed mat pets kennel washable plush medium basket puppy cats supplies,new dog sofa beds for small dogs warm accessories large dog bed mat pets kennel washable plush medium basket puppy cats supplies,new dog sofa beds,4.1,23983,23 sold,734,23.0,Brinquedos,Cachorro
new dog toys wild goose sounds toy cleaning teeth puppy dogs chew supplies training household pet dog toys accessories,new dog toys wild goose sounds toy cleaning teeth puppy dogs chew supplies training household pet dog toys accessories,new dog toys wild,5.0,79,12 sold,6,12.0,Brinquedos,Cachorro
new fashion pet dog collar high quality tpu + nylon waterproof deodorant resistant dirt easy clean collars 7 colors pet supplies,new fashion pet dog collar high quality tpu + nylon waterproof deodorant resistant dirt easy clean collars 7 colors pet supplies,new fashion pet dog,4.9,25655,"1,000+ sold63 sold",2749,1063.0,Acessórios,Cachorro
new folding 550ml pet outdoor walking mug portable travel water bottle puppy cats dogs drinking water dispenser cup supplies,new folding 550ml pet outdoor walking mug portable travel water bottle puppy cats dogs drinking water dispenser cup supplies,new folding 550ml pet,4.6,11,44 sold,105,44.0,Outros,Cachorro
new funny cat toy interactive play pet training toy mini flying disc windmill catapult pet toys cat dog chewing playing supplies,new funny cat toy interactive play pet training toy mini flying disc windmill catapult pet toys cat dog chewing playing supplies,new funny cat toy,4.6,37,233 sold,118,233.0,Brinquedos,Cachorro
new hot dog sounding toy molar training interactive corn grain donkey pet supplies,new hot dog sounding toy molar training interactive corn grain donkey pet supplies,new hot dog sounding,4.8,330,260 sold,589,260.0,Brinquedos,Cachorro
new hot pet dog toy squeak plush toys for dogs supplies fit for all puppy pet sound funny durable chew molar  cute pets supplies,new hot pet dog toy squeak plush toys for dogs supplies fit for all puppy pet sound funny durable chew molar  cute pets supplies,new hot pet dog,4.8,27,312 sold,226,312.0,Brinquedos,Cachorro
new hot pet dog toy squeak plush toys for dogs supplies fit for all puppy pet sound funny durable chew molar cute pets supplies,new hot pet dog toy squeak plush toys for dogs supplies fit for all puppy pet sound funny durable chew molar cute pets supplies,new hot pet dog,0.0,163,11 sold,1,11.0,Brinquedos,Cachorro
new love pet glasses dog cat cute creative fashion sunglasses sunglasses with jewelry pet beauty decoration supplies,new love pet glasses dog cat cute creative fashion sunglasses sunglasses with jewelry pet beauty decoration supplies,new love pet glasses,4.8,66,267 sold,268,267.0,Outros,Cachorro
new original cat food spoon pet food spoon dog supplies dog food spoon pet food spoon,new original cat food spoon pet food spoon dog supplies dog food spoon pet food spoon,new original cat food,4.8,186,171 sold,100,171.0,Alimentação,Cachorro
new pet dog grooming rubber band pet accessories colorful pet supplies elastic pet hair product hairpin hair accessory100pcs,new pet dog grooming rubber band pet accessories colorful pet supplies elastic pet hair product hairpin hair accessory100pcs,new pet dog grooming,4.7,149990,35 sold,177,35.0,Higiene,Cachorro
new pet hammock cat swing hand woven cotton rope cats hanging basket  kitten hanging string den indoor pend nest pets supplies,new pet hammock cat swing hand woven cotton rope cats hanging basket  kitten hanging string den indoor pend nest pets supplies,new pet hammock cat,3.85,2027,800+ sold61 sold,9721,861.0,Outros,Gato
new pet lovely heart sunglasses hairpins pet dog bows hair clips for puppy dogs cat yorkie teddy pet hair decor pet supplies,new pet lovely heart sunglasses hairpins pet dog bows hair clips for puppy dogs cat yorkie teddy pet hair decor pet supplies,new pet lovely heart,4.95,164,35 sold49 sold,139,84.0,Outros,Cachorro
new pet lovely heart sunglasses hairpins pet dog bows hair clips for puppy dogs cat yorkie teddy pet hair decor pet supplies 1pc,new pet lovely heart sunglasses hairpins pet dog bows hair clips for puppy dogs cat yorkie teddy pet hair decor pet supplies 1pc,new pet lovely heart,4.8,31931,171 sold,5131,171.0,Outros,Cachorro
new pet poop bag storage bags oxford dog poop collection bag portable garbage bag dispenser outdoor cleaning tools accessories,new pet poop bag storage bags oxford dog poop collection bag portable garbage bag dispenser outdoor cleaning tools accessories,new pet poop bag,4.8,20,342 sold,255,342.0,Higiene,Cachorro
new pet supplies caterpillar shaped plush cat toy contains catnip self pleasure boredom relief interactive play,new pet supplies caterpillar shaped plush cat toy contains catnip self pleasure boredom relief interactive play,new pet supplies caterpillar,4.9,64,215 sold,206,215.0,Brinquedos,Gato
new pet tent house cat bed warm winter cat dog house deep sleep for puppy cat indoor outdoor tent with cushion pet supplies,new pet tent house cat bed warm winter cat dog house deep sleep for puppy cat indoor outdoor tent with cushion pet supplies,new pet tent house,4.9,3,54 sold,123,54.0,Conforto,Cachorro
new pet toy tpr material footprints ball safety and environmental cleaning teeth outdoor training high quality supplies,new pet toy tpr material footprints ball safety and environmental cleaning teeth outdoor training high quality supplies,new pet toy tpr,5.0,84,31 sold,13,31.0,Brinquedos,Outros
new pet toys squeak toys latex corn shape puppy dogs toy pet supplies training playing chewing dog toys for small dogs,new pet toys squeak toys latex corn shape puppy dogs toy pet supplies training playing chewing dog toys for small dogs,new pet toys squeak,4.8,487,349 sold,505,349.0,Brinquedos,Cachorro
new pets styptic powder blood stopper home aids hemostatic powder care supplies 50ml,new pets styptic powder blood stopper home aids hemostatic powder care supplies 50ml,new pets styptic powder,4.6,9996,142 sold,79,142.0,Outros,Outros
new plush lizard dog toy cornvelvet cartoon doll grinding teeth cleaning pet products,new plush lizard dog toy cornvelvet cartoon doll grinding teeth cleaning pet products,new plush lizard dog,4.6,62,427 sold,227,427.0,Brinquedos,Cachorro
new puppy dog choker rhinestone heart four rows pearls dogs necklace collar shiny cat collar jewellery pet supplies,new puppy dog choker rhinestone heart four rows pearls dogs necklace collar shiny cat collar jewellery pet supplies,new puppy dog choker,4.8,18,160 sold,1014,160.0,Acessórios,Cachorro
new puppy kitten feeding supplies two pet bowls dog food drinker stainless steel pet drinking dish feeder access device,new puppy kitten feeding supplies two pet bowls dog food drinker stainless steel pet drinking dish feeder access device,new puppy kitten feeding,4.9,39979,129 sold,170,129.0,Alimentação,Cachorro
new sales pet cat toys cute plush fish crucian fish simulation cat toy cat suitable for pet supplies,new sales pet cat toys cute plush fish crucian fish simulation cat toy cat suitable for pet supplies,new sales pet cat,0.0,7999,1 sold,0,1.0,Brinquedos,Gato
new steamy cat brush 3 in 1 electric anti-splashing dog brush with steam spray for massage pet grooming comb hair removal combs,new steamy cat brush 3 in 1 electric anti-splashing dog brush with steam spray for massage pet grooming comb hair removal combs,new steamy cat brush,4.7,4904,76 sold,47,76.0,Higiene,Cachorro
new super soft pet finger toothbrush with box toy teddy dog brush bad breath tartar teeth tool dog cat cleaning pet supplies,new super soft pet finger toothbrush with box toy teddy dog brush bad breath tartar teeth tool dog cat cleaning pet supplies,new super soft pet,5.0,39984,20 sold,873,20.0,Brinquedos,Cachorro
new three-bowl dry and wet separation drinking water feeder 1000ml large capacity silent filter live water pet supplies,new three-bowl dry and wet separation drinking water feeder 1000ml large capacity silent filter live water pet supplies,new three-bowl dry and,0.0,5991,9 sold,23,9.0,Alimentação,Outros
new triangle cat nest closed cat house pet nest warm and thickened deep sleep dog nest pet supplies,new triangle cat nest closed cat house pet nest warm and thickened deep sleep dog nest pet supplies,new triangle cat nest,4.7,86,490 sold,735,490.0,Outros,Cachorro
new tumbler toys for cats kitten interactive bite resistant turntable plush feathers pet toy with catnip funny pet supplies,new tumbler toys for cats kitten interactive bite resistant turntable plush feathers pet toy with catnip funny pet supplies,new tumbler toys for,5.0,14974,26 sold,44,26.0,Brinquedos,Gato
newest led light up dog tag for night glowing pet collar accessories pendant flashing usb collars dog luminous necklace puppy,newest led light up dog tag for night glowing pet collar accessories pendant flashing usb collars dog luminous necklace puppy,newest led light up,4.9,42,66 sold,124,66.0,Acessórios,Cachorro
newest puppy dog harness and leash set for small dogs adjustable pet harnesses chihuahua poodle bichon cat mascotas accessories,newest puppy dog harness and leash set for small dogs adjustable pet harnesses chihuahua poodle bichon cat mascotas accessories,newest puppy dog harness,4.8,10532,269 sold,152,269.0,Acessórios,Cachorro
nicrew soft silicone dog brush pet shampoo massager bath brush bathroom puppy washing shampoo dispenser cat grooming shower comb,nicrew soft silicone dog brush pet shampoo massager bath brush bathroom puppy washing shampoo dispenser cat grooming shower comb,nicrew soft silicone dog,5.0,5,12 sold,7,12.0,Higiene,Cachorro
night reflection dog pet towing rope 1.2/1.5/1.8m guard rope pet walking training leash cats dogs harness collar lead strap,night reflection dog pet towing rope 1.2/1.5/1.8m guard rope pet walking training leash cats dogs harness collar lead strap,night reflection dog pet,4.7,19431,"2,000+ sold",1384,2000.0,Acessórios,Cachorro
no pull dog harness and leash set adjustable pet harness vest for small dogs cats reflective mesh dog chest strap french bulldog,no pull dog harness and leash set adjustable pet harness vest for small dogs cats reflective mesh dog chest strap french bulldog,no pull dog harness,4.7,18401,"1,000+ sold",5130,1000.0,Acessórios,Cachorro
no pull dog harness set with 1.2m dog leash size adjustable canvas print harness for dogs pitbull leashes dog supplies for pet,no pull dog harness set with 1.2m dog leash size adjustable canvas print harness for dogs pitbull leashes dog supplies for pet,no pull dog harness,5.0,21,43 sold,5166,43.0,Acessórios,Cachorro
non-slip cat bowl double pet bowls with raised stand high foot pet food and water bowls for cats dogs feeders bowl pet supplies,non-slip cat bowl double pet bowls with raised stand high foot pet food and water bowls for cats dogs feeders bowl pet supplies,non-slip cat bowl double,5.0,16492,22 sold,145,22.0,Alimentação,Cachorro
non-slip cat bowl pet water food feed dog bowls pet bowl with inclination stand cats feeder feeding bowl kitten supplies,non-slip cat bowl pet water food feed dog bowls pet bowl with inclination stand cats feeder feeding bowl kitten supplies,non-slip cat bowl pet,5.0,32,27 sold,28,27.0,Alimentação,Cachorro
non-slip cat litter mat with gift waterproof double layer pet litter box mat sand cat pad bed mat clean pad cat accessories,non-slip cat litter mat with gift waterproof double layer pet litter box mat sand cat pad bed mat clean pad cat accessories,non-slip cat litter mat,4.8,275,445 sold,901,445.0,Conforto,Gato
non-slip dog bowls for small medium large dog feeder bowls and drinkers stainless steel pet feeders pets dogs accessories,non-slip dog bowls for small medium large dog feeder bowls and drinkers stainless steel pet feeders pets dogs accessories,non-slip dog bowls for,4.8,395,"1,000+ sold",1845,1000.0,Alimentação,Cachorro
non-slip double cat bowl dog bowl with stand pet feeding cat water bowl for cats food pet bowls for dogs feeder product supplies,non-slip double cat bowl dog bowl with stand pet feeding cat water bowl for cats food pet bowls for dogs feeder product supplies,non-slip double cat bowl,4.733333333333333,13062,"195 sold1,000+ sold700+ sold",3905,1895.0,Alimentação,Cachorro
non-slip pet silicone food mat bowl pad leak-proof feeding mats cushion for cats dogs pet cat feeder dog bowl pet accessories,non-slip pet silicone food mat bowl pad leak-proof feeding mats cushion for cats dogs pet cat feeder dog bowl pet accessories,non-slip pet silicone food,4.8,346,"1,000+ sold",1212,1000.0,Alimentação,Cachorro
non-toxic inkpad footprints handprint no touch skin inkless kits for 0-6 months newborn pet dog cat paw safe prints souvenirs,non-toxic inkpad footprints handprint no touch skin inkless kits for 0-6 months newborn pet dog cat paw safe prints souvenirs,non-toxic inkpad footprints handprint,4.3,233,500+ sold,291,500.0,Sanitário,Cachorro
"non-toxic pet footprint pad, dog footprint pad, safe printing pad, baby paw print, ink-free","non-toxic pet footprint pad, dog footprint pad, safe printing pad, baby paw print, ink-free","non-toxic pet footprint pad,",4.0,131,38 sold,27,38.0,Sanitário,Cachorro
nursery tray seed germination tray cat grass growing set layered feline soilless convenient cat grass set 4 styles pet supplies,nursery tray seed germination tray cat grass growing set layered feline soilless convenient cat grass set 4 styles pet supplies,nursery tray seed germination,4.8,39873,99 sold,175,99.0,Outros,Gato
nylon dog collar adjustable tpu pet leash for large dogs collars accessories pets cat leashs lead dog supplies waterproof,nylon dog collar adjustable tpu pet leash for large dogs collars accessories pets cat leashs lead dog supplies waterproof,nylon dog collar adjustable,4.9,63816,282 sold,499,282.0,Acessórios,Cachorro
nylon dog collar belt big medium small dog collar accessories products safety pet supplies french bulldog pug pitbull chihuahua,nylon dog collar belt big medium small dog collar accessories products safety pet supplies french bulldog pug pitbull chihuahua,nylon dog collar belt,4.9,118,40 sold,324,40.0,Acessórios,Cachorro
nylon dog training leash p chain pet outdoor walking supplies for small medium dogs border collie golden retriever puppy,nylon dog training leash p chain pet outdoor walking supplies for small medium dogs border collie golden retriever puppy,nylon dog training leash,4.6,11975,40 sold,18,40.0,Acessórios,Cachorro
nylon led night safety flashing glow in the dark dog leash dogs luminous fluorescent pet dog collar,nylon led night safety flashing glow in the dark dog leash dogs luminous fluorescent pet dog collar,nylon led night safety,4.5,4858,"5,000+ sold",5338,5000.0,Acessórios,Cachorro
nylon pet dog collar led light night safety pets supplies cat led dog collar for small dogs led collars glowing pet accessories,nylon pet dog collar led light night safety pets supplies cat led dog collar for small dogs led collars glowing pet accessories,nylon pet dog collar,5.0,28,63 sold,36421,63.0,Acessórios,Cachorro
nylon reflective big dog harness pet dog accessories for small large dogs dog walking cat collar supplies dog leash,nylon reflective big dog harness pet dog accessories for small large dogs dog walking cat collar supplies dog leash,nylon reflective big dog,5.0,68864,32 sold,46,32.0,Acessórios,Cachorro
orange cute puppy pet supplies carrot vegetables shape plush chew squeaker sound squeaky interaction dog toys gift dog accessor,orange cute puppy pet supplies carrot vegetables shape plush chew squeaker sound squeaky interaction dog toys gift dog accessor,orange cute puppy pet,4.8,379,471 sold,146,471.0,Brinquedos,Cachorro
orange cute puppy pet supplies carrot vegetables shape plush chew squeaker sound squeaky interaction dog toys gift dog accessori,orange cute puppy pet supplies carrot vegetables shape plush chew squeaker sound squeaky interaction dog toys gift dog accessori,orange cute puppy pet,4.8,379,68 sold,30,68.0,Brinquedos,Cachorro
outdoor dog obstacle training set pet agility equipment jumping set  dog training accessories dog obstacle course pet supplies,outdoor dog obstacle training set pet agility equipment jumping set  dog training accessories dog obstacle course pet supplies,outdoor dog obstacle training,5.0,173,62 sold,294,62.0,Outros,Cachorro
outdoor portable pet dog water bottle training food storage bottle pp dogs water dispenser for large dogs pets accessories stuff,outdoor portable pet dog water bottle training food storage bottle pp dogs water dispenser for large dogs pets accessories stuff,outdoor portable pet dog,5.0,1158,15 sold,25,15.0,Alimentação,Cachorro
outdoor portable pet folding bowl silicone dog feeders with hanging hook cat dog bowl pet items dog food bowl mascotas,outdoor portable pet folding bowl silicone dog feeders with hanging hook cat dog bowl pet items dog food bowl mascotas,outdoor portable pet folding,4.6,630,137 sold,25,137.0,Alimentação,Cachorro
outdoor portable pick up poop bag holder dog poop waste bag pet puppy cat dispenser garbage bags organizer pouch,outdoor portable pick up poop bag holder dog poop waste bag pet puppy cat dispenser garbage bags organizer pouch,outdoor portable pick up,5.0,26,4 sold,0,4.0,Outros,Cachorro
outdoor portable training dog snack bag pet supplies strong wear resistance large capacity puppy products waist bag durable,outdoor portable training dog snack bag pet supplies strong wear resistance large capacity puppy products waist bag durable,outdoor portable training dog,5.0,1474,102 sold,444,102.0,Alimentação,Cachorro
oversize soft cartoon chai dog shaped dog bed winter warm cat sleeping mat plush cushion puppy kitten sofa pet supplies,oversize soft cartoon chai dog shaped dog bed winter warm cat sleeping mat plush cushion puppy kitten sofa pet supplies,oversize soft cartoon chai,4.3,400,21 sold,64,21.0,Brinquedos,Cachorro
oxford cloth pet dog harness waterproof adjustable vest style reflective dog harness for medium，large dogs and cats pet supplies,oxford cloth pet dog harness waterproof adjustable vest style reflective dog harness for medium，large dogs and cats pet supplies,oxford cloth pet dog,4.8,11766,30 sold,202,30.0,Acessórios,Cachorro
parrot shape plush dog toys lovely bright color flamingo bite resistant teeth grinding and sound producing pet chew squeaky toy,parrot shape plush dog toys lovely bright color flamingo bite resistant teeth grinding and sound producing pet chew squeaky toy,parrot shape plush dog,4.9,314,131 sold,28,131.0,Brinquedos,Cachorro
paw plunger pet paw cleaner soft silicone foot cleaning cup portable cats dogs paw clean brush home practical supplies,paw plunger pet paw cleaner soft silicone foot cleaning cup portable cats dogs paw clean brush home practical supplies,paw plunger pet paw,4.8,135,217 sold,87,217.0,Higiene,Cachorro
"pawz road large 72 inch cat tree and tower for indoor cats-with sisal-covered scratching posts,padded perches,condos,and basket","pawz road large 72 inch cat tree and tower for indoor cats-with sisal-covered scratching posts,padded perches,condos,and basket",pawz road large 72,0.0,896,0 sold,0,0.0,Sanitário,Gato
"perkeo cat toys, interactive cat toys for indoor cats,  smart interactive kitten toy, automatic 7 holes mice whack-a-mole","perkeo cat toys, interactive cat toys for indoor cats,  smart interactive kitten toy, automatic 7 holes mice whack-a-mole","perkeo cat toys, interactive",0.0,2990,8 sold,37,8.0,Brinquedos,Gato
personalized anti-lost pet id tag identification customized dog collar with name number pet supplies accessories,personalized anti-lost pet id tag identification customized dog collar with name number pet supplies accessories,personalized anti-lost pet id,5.0,3438,63 sold,107,63.0,Acessórios,Cachorro
personalized cat dog id tag mw007 name with cute symbols engraved front and back for custom pets collar  anti-lost metal charm,personalized cat dog id tag mw007 name with cute symbols engraved front and back for custom pets collar  anti-lost metal charm,personalized cat dog id,4.9,15998636,"1,000+ sold",5125,1000.0,Acessórios,Cachorro
personalized cat dog pet id name tag custom free engraved pet id name for cat dog collar tag harness pet supplies accessories,personalized cat dog pet id name tag custom free engraved pet id name for cat dog collar tag harness pet supplies accessories,personalized cat dog pet,4.8,1316,35 sold,180,35.0,Acessórios,Cachorro
personalized cat dog pet id tag keychain custom free engraved pet id name for cat dog collar tag harness nameplate pet supplies,personalized cat dog pet id tag keychain custom free engraved pet id name for cat dog collar tag harness nameplate pet supplies,personalized cat dog pet,4.6,22265,102 sold,1291,102.0,Acessórios,Cachorro
personalized collar pet id tag custom free engraved cat dog puppy name necklace gold paw glitter pendant pet accessories 3cm,personalized collar pet id tag custom free engraved cat dog puppy name necklace gold paw glitter pendant pet accessories 3cm,personalized collar pet id,4.6,7883,69 sold,93,69.0,Acessórios,Cachorro
personalized dog collar leather rhinestone bling charms custom pet dogs cat name,personalized dog collar leather rhinestone bling charms custom pet dogs cat name,personalized dog collar leather,4.9,313,500+ sold,24149,500.0,Acessórios,Cachorro
personalized dog toy basket free print pet storage box cat diy custom name toys clothes accessories organize storage,personalized dog toy basket free print pet storage box cat diy custom name toys clothes accessories organize storage,personalized dog toy basket,4.9,6959,"1,000+ sold",9667,1000.0,Brinquedos,Cachorro
personalized dogs cats id tag custom alloy bone puppy kitten collar accessories anti-lost pet name tags for small large dog cat,personalized dogs cats id tag custom alloy bone puppy kitten collar accessories anti-lost pet name tags for small large dog cat,personalized dogs cats id,4.6,26193,"1,000+ sold",1690,1000.0,Acessórios,Cachorro
personalized french bulldog harness adjustable pet vest reflective breathable outdoor dog walking supplies small and large dogs,personalized french bulldog harness adjustable pet vest reflective breathable outdoor dog walking supplies small and large dogs,personalized french bulldog harness,4.6,419515,382 sold,155,382.0,Acessórios,Cachorro
personalized pet hat lion mane for dogs cat cosplay dress up puppy lion wig costume party decoration halloween pet supplies,personalized pet hat lion mane for dogs cat cosplay dress up puppy lion wig costume party decoration halloween pet supplies,personalized pet hat lion,4.3,34988,44 sold,136,44.0,Outros,Cachorro
personalized stainless steel pet cat dog id tag collar accessories custom engraved necklace supplies for dog tag name products,personalized stainless steel pet cat dog id tag collar accessories custom engraved necklace supplies for dog tag name products,personalized stainless steel pet,4.8,1094,154 sold,349,154.0,Acessórios,Cachorro
pet  puppy dog harnesses leash set bee animals shape dog cat harnesses soft adjustable outdoor walking anti-lost leash supplies,pet  puppy dog harnesses leash set bee animals shape dog cat harnesses soft adjustable outdoor walking anti-lost leash supplies,pet puppy dog harnesses,5.0,986,72 sold,1135,72.0,Acessórios,Cachorro
pet accessories shampoo massager brush bathroom puppy cat massage comb grooming shower brush for bathing soft brushes for dogs,pet accessories shampoo massager brush bathroom puppy cat massage comb grooming shower brush for bathing soft brushes for dogs,pet accessories shampoo massager,4.6,237,50 sold,10,50.0,Higiene,Cachorro
pet activated carbon filter for cat water drinking fountain round filter replacement 2l cat dog water dispenser wireless motion,pet activated carbon filter for cat water drinking fountain round filter replacement 2l cat dog water dispenser wireless motion,pet activated carbon filter,5.0,41,121 sold,91,121.0,Outros,Cachorro
pet agility training set jumping bar dog obstacle training equipment hurdle training dog training device pet supplies,pet agility training set jumping bar dog obstacle training equipment hurdle training dog training device pet supplies,pet agility training set,4.1,2044,91 sold,89,91.0,Outros,Cachorro
pet automatic rolling cat toy training self-propelled kitten toy indoor interactive play electric smart cat ball toy supplies,pet automatic rolling cat toy training self-propelled kitten toy indoor interactive play electric smart cat ball toy supplies,pet automatic rolling cat,4.7,380,"1,000+ sold",1647,1000.0,Brinquedos,Gato
pet automatic water feeders elevated bowls for cats and dogs durable double bowl elevated cat feeding and drinking pet supplies,pet automatic water feeders elevated bowls for cats and dogs durable double bowl elevated cat feeding and drinking pet supplies,pet automatic water feeders,4.8,61,72 sold25 sold,774,97.0,Alimentação,Cachorro
pet bark collar - pet dog sound-controlled bark collar - bark training dog collar - pet training supplies,pet bark collar - pet dog sound-controlled bark collar - bark training dog collar - pet training supplies,pet bark collar -,0.0,989,1 sold,1,1.0,Acessórios,Cachorro
pet bath brush bathroom soft silicone massage comb soft safety dog cat shampoo brush hair fur grooming cleaning accessories,pet bath brush bathroom soft silicone massage comb soft safety dog cat shampoo brush hair fur grooming cleaning accessories,pet bath brush bathroom,4.8,251,900+ sold,450,900.0,Higiene,Cachorro
pet bath brush cleaning bath massage brush silicone large capacity body wash storage cats dogs cleaning grooming supplies,pet bath brush cleaning bath massage brush silicone large capacity body wash storage cats dogs cleaning grooming supplies,pet bath brush cleaning,4.4,86,246 sold,588,246.0,Higiene,Cachorro
pet bath brush shampoo massage brush soft silicone puppy cat comb pet dog cleaning brush for dog cat shower grooming tool,pet bath brush shampoo massage brush soft silicone puppy cat comb pet dog cleaning brush for dog cat shower grooming tool,pet bath brush shampoo,4.7,47,252 sold,1324,252.0,Higiene,Cachorro
pet bath fixation strap with sucktion cup cat dog shower restraint leash anti scratch escaping leash pet bathing grooming tool,pet bath fixation strap with sucktion cup cat dog shower restraint leash anti scratch escaping leash pet bathing grooming tool,pet bath fixation strap,4.7,1,102 sold,226,102.0,Acessórios,Cachorro
pet bath gloves brush puppy big dog cat bath massage gloves brush soft safe silicone pet brush cat and dog tools pet accessories,pet bath gloves brush puppy big dog cat bath massage gloves brush soft safe silicone pet brush cat and dog tools pet accessories,pet bath gloves brush,4.7,17959,43 sold,44,43.0,Higiene,Cachorro
pet bathing brush pet silicone bath cleaning massage brush shampoo shower gel bathing brush cat dog cleaning grooming supplies,pet bathing brush pet silicone bath cleaning massage brush shampoo shower gel bathing brush cat dog cleaning grooming supplies,pet bathing brush pet,4.8,158,65 sold,12,65.0,Higiene,Cachorro
pet bathing brush soft silicone massager dog cat bath massage gloves brush soft safety silicone pet grooming tools accessories,pet bathing brush soft silicone massager dog cat bath massage gloves brush soft safety silicone pet grooming tools accessories,pet bathing brush soft,5.0,29,1 sold,1,1.0,Higiene,Cachorro
pet bathing brush soft silicone massager shower gel bathing brush clean tools comb dog cat cleaning grooming supplies,pet bathing brush soft silicone massager shower gel bathing brush clean tools comb dog cat cleaning grooming supplies,pet bathing brush soft,4.5,725,"1,000+ sold53 sold",609,1053.0,Higiene,Cachorro
pet bathing brush soft silicone massager shower gel bathing brush clean tools comb puppy big dog cat cleaning grooming supplies,pet bathing brush soft silicone massager shower gel bathing brush clean tools comb puppy big dog cat cleaning grooming supplies,pet bathing brush soft,4.8,716,83 sold,6,83.0,Higiene,Cachorro
pet bed dog cat square plush kennel cattery sofa basket ultra soft washable house supplies puppy kitten accessories,pet bed dog cat square plush kennel cattery sofa basket ultra soft washable house supplies puppy kitten accessories,pet bed dog cat,3.6,89986,46 sold,82,46.0,Brinquedos,Cachorro
pet bell cute color 22mm paint christmas decorations keychain charming key chain accessories candy colors colorful bells,pet bell cute color 22mm paint christmas decorations keychain charming key chain accessories candy colors colorful bells,pet bell cute color,4.6,28,46 sold,25,46.0,Outros,Outros
"pet bibs saliva towel ins korean series, fashion embroidery bichon saliva towel small dog teddy pet supplies","pet bibs saliva towel ins korean series, fashion embroidery bichon saliva towel small dog teddy pet supplies",pet bibs saliva towel,0.0,77,3 sold,15,3.0,Outros,Cachorro
pet bin bag dog toilet bag pet cleaning supplies bone type pet garbage container toilet collector,pet bin bag dog toilet bag pet cleaning supplies bone type pet garbage container toilet collector,pet bin bag dog,5.0,2279,152 sold,45,152.0,Higiene,Cachorro
pet birthday party set bandana hat bowtie supplies for festival celebrating dog products supplies all for pets puppy cats party,pet birthday party set bandana hat bowtie supplies for festival celebrating dog products supplies all for pets puppy cats party,pet birthday party set,5.0,102,87 sold,70,87.0,Outros,Cachorro
pet bite toys pet toy dogs plush toy pet pet supplies cats resistant chew cartoon partner interactive funny for cute,pet bite toys pet toy dogs plush toy pet pet supplies cats resistant chew cartoon partner interactive funny for cute,pet bite toys pet,4.5,64,284 sold,52,284.0,Brinquedos,Cachorro
pet blanket dog bed mats soft flannel fleece warm sleeping beds cover mat for puppy cat supplies dog sofa cushion,pet blanket dog bed mats soft flannel fleece warm sleeping beds cover mat for puppy cat supplies dog sofa cushion,pet blanket dog bed,3.9,657,60 sold,80,60.0,Conforto,Cachorro
pet blanket nest small pet plush dog kennel thick pet mat dual purpose folding dog kennel washable universal cat kennel,pet blanket nest small pet plush dog kennel thick pet mat dual purpose folding dog kennel washable universal cat kennel,pet blanket nest small,4.7,1009,222 sold,358,222.0,Brinquedos,Cachorro
pet bowl 15 degrees tilt to protect cervical vertebrae dog food bowl automatic drinking feeder pet feeding supplies,pet bowl 15 degrees tilt to protect cervical vertebrae dog food bowl automatic drinking feeder pet feeding supplies,pet bowl 15 degrees,4.7,69,485 sold,3111,485.0,Alimentação,Cachorro
pet bowl high leg neck protection pet stainless steel dog bowl dog food bowl dog washbasin anti-slip anti-collision pet supplies,pet bowl high leg neck protection pet stainless steel dog bowl dog food bowl dog washbasin anti-slip anti-collision pet supplies,pet bowl high leg,5.0,39,19 sold,80,19.0,Alimentação,Cachorro
pet bowl large capacity cats bowls oblique mouth cute cartoon cat shape cat dog food dispenser pet feeder pets supplies,pet bowl large capacity cats bowls oblique mouth cute cartoon cat shape cat dog food dispenser pet feeder pets supplies,pet bowl large capacity,4.8,13533,55 sold,73,55.0,Alimentação,Cachorro
pet bowls dog food water feeder stainless steel pet drinking dish feeder cat puppy feeding supplies small dog accessories,pet bowls dog food water feeder stainless steel pet drinking dish feeder cat puppy feeding supplies small dog accessories,pet bowls dog food,0.0,94,4 sold,6,4.0,Alimentação,Cachorro
"pet bowls with water feeder, 3 in 1 ear design tilted cat water and food bowl set with gravity water bottle for neck protection","pet bowls with water feeder, 3 in 1 ear design tilted cat water and food bowl set with gravity water bottle for neck protection",pet bowls with water,3.0,72,44 sold,19,44.0,Alimentação,Gato
pet cage cover oxford dog kennel cover pet crate cover windproof dog kennel cover waterproof dog cat cage cover for crates,pet cage cover oxford dog kennel cover pet crate cover windproof dog kennel cover waterproof dog cat cage cover for crates,pet cage cover oxford,4.6,91,130 sold,322,130.0,Outros,Cachorro
pet call bell dog toys iq training dog cat feeding ringer educational pets toys interactive bell eating food feeder pet supplies,pet call bell dog toys iq training dog cat feeding ringer educational pets toys interactive bell eating food feeder pet supplies,pet call bell dog,5.0,181,15 sold,5,15.0,Brinquedos,Cachorro
pet car elastic fence dog safety isolation net children travel isolation barrier mesh dog fence anti-collision mesh pet supplies,pet car elastic fence dog safety isolation net children travel isolation barrier mesh dog fence anti-collision mesh pet supplies,pet car elastic fence,4.5,148,437 sold,415,437.0,Outros,Cachorro
pet cat and dog silicone bath brush massage care soft bath brush can fill liquid bath ball brush pet accessories dog cat tool,pet cat and dog silicone bath brush massage care soft bath brush can fill liquid bath ball brush pet accessories dog cat tool,pet cat and dog,4.7,2045,500+ sold,152,500.0,Brinquedos,Cachorro
pet cat bed mat rattan woven cat sleeping mat sofa bed summer pet cooling mat for small dog cats kitten puppy beds cushion,pet cat bed mat rattan woven cat sleeping mat sofa bed summer pet cooling mat for small dog cats kitten puppy beds cushion,pet cat bed mat,5.0,897,3 sold,11,3.0,Conforto,Cachorro
pet cat bowl automatic feeder water dispenser dog cat food bowl with drinking raised stand double dish bowls for cats dogs pet,pet cat bowl automatic feeder water dispenser dog cat food bowl with drinking raised stand double dish bowls for cats dogs pet,pet cat bowl automatic,4.2,6892,45 sold193 sold,181,238.0,Alimentação,Cachorro
pet cat bowl cute cartoon pet drinking water feeding bowl ceramics cat food dog food utensils cat dog pet supplies accessories,pet cat bowl cute cartoon pet drinking water feeding bowl ceramics cat food dog food utensils cat dog pet supplies accessories,pet cat bowl cute,4.8,5,171 sold,3969,171.0,Alimentação,Cachorro
pet cat dog bow tie lots mix colors grooming accessories adjustable puppy bow tie products pet bowtie supplies 5pc/lot,pet cat dog bow tie lots mix colors grooming accessories adjustable puppy bow tie products pet bowtie supplies 5pc/lot,pet cat dog bow,5.0,14,42 sold,17,42.0,Higiene,Cachorro
pet cat dog food shovel with sealing bag clip spoon multifunction thicken feeding scoop tool creative measuring cup pet supplies,pet cat dog food shovel with sealing bag clip spoon multifunction thicken feeding scoop tool creative measuring cup pet supplies,pet cat dog food,5.0,5018,78 sold,54,78.0,Alimentação,Cachorro
pet cat dog id tag for dogs cats anti lost name label identification tube collar metal pendant tag pet supplies large/small,pet cat dog id tag for dogs cats anti lost name label identification tube collar metal pendant tag pet supplies large/small,pet cat dog id,5.0,1079,17 sold,5,17.0,Acessórios,Cachorro
pet cat door holder latch prevents dogs from entering cat supplies adjustable elastic gate lock keep dog out pet cat accessories,pet cat door holder latch prevents dogs from entering cat supplies adjustable elastic gate lock keep dog out pet cat accessories,pet cat door holder,4.8,296,238 sold,175,238.0,Outros,Cachorro
pet cat feeder bowl dog automatic water double bowls food wall corner save space cats 500ml bottle drinking kitten dogs products,pet cat feeder bowl dog automatic water double bowls food wall corner save space cats 500ml bottle drinking kitten dogs products,pet cat feeder bowl,4.6,33,175 sold,233,175.0,Alimentação,Cachorro
pet cat hair removal comb brush dog grooming shedding tools puppy hair shedding trimmer pet fur trimming dematting deshedd combs,pet cat hair removal comb brush dog grooming shedding tools puppy hair shedding trimmer pet fur trimming dematting deshedd combs,pet cat hair removal,4.8,142,"2,000+ sold",700,2000.0,Conforto,Cachorro
pet cat hammock hanging cat bed bearing 20kg comfortable cat sunny window seat mount kitten climbing frame pet accessories,pet cat hammock hanging cat bed bearing 20kg comfortable cat sunny window seat mount kitten climbing frame pet accessories,pet cat hammock hanging,4.7,1279,"3,000+ sold",5650,3000.0,Conforto,Gato
pet cat laser toys rechargeable multifunctional cats interactive transform pattern kitten training laser toy dog cat accessories,pet cat laser toys rechargeable multifunctional cats interactive transform pattern kitten training laser toy dog cat accessories,pet cat laser toys,5.0,12,51 sold,158,51.0,Brinquedos,Cachorro
pet cat litter mat toilet cat mat waterproof pet litter box mat nonslip sand cat washable mat clean pad pet clean supplies,pet cat litter mat toilet cat mat waterproof pet litter box mat nonslip sand cat washable mat clean pad pet clean supplies,pet cat litter mat,4.9,19,131 sold,106,131.0,Conforto,Gato
pet cat litter mat toilet waterproof double layer cat sand litter mat eva foldable pet carpet bed pads for cats pet supplies,pet cat litter mat toilet waterproof double layer cat sand litter mat eva foldable pet carpet bed pads for cats pet supplies,pet cat litter mat,4.5,29973,"1,000+ sold",16,1000.0,Conforto,Gato
pet cat litter mat waterproof double layer eva foldable cat litter trapping pet carpet bed pads for cats pet clean supplies,pet cat litter mat waterproof double layer eva foldable cat litter trapping pet carpet bed pads for cats pet clean supplies,pet cat litter mat,3.5,509,15 sold25 sold,31,40.0,Conforto,Gato
pet cat litter scoop supplies cat toilet pets litter sand shovel pet dogs shovel pet cleanning tool sand scoop litter scoop,pet cat litter scoop supplies cat toilet pets litter sand shovel pet dogs shovel pet cleanning tool sand scoop litter scoop,pet cat litter scoop,4.8,85,268 sold,69,268.0,Higiene,Cachorro
pet cat mint toy edible cat mint ball cat mint cat family chase game toy product cleaning teeth cat mint ball,pet cat mint toy edible cat mint ball cat mint cat family chase game toy product cleaning teeth cat mint ball,pet cat mint toy,4.9,3,50 sold,12,50.0,Brinquedos,Gato
pet cat plush channel foldable suede tunnel educational toy warm winter interactive toys for cat supplies,pet cat plush channel foldable suede tunnel educational toy warm winter interactive toys for cat supplies,pet cat plush channel,4.5,15,137 sold,182,137.0,Brinquedos,Gato
pet cat poop bags drawstring closure for tonepie automatic cat litter box clean pets supplies only garbage bags 2/4 rollers,pet cat poop bags drawstring closure for tonepie automatic cat litter box clean pets supplies only garbage bags 2/4 rollers,pet cat poop bags,4.3,46,30 sold,85,30.0,Conforto,Gato
pet cat scratch toy hanging sisal ball built-in bell interactive toy pet supplies  аксесуари для котів  игрушки для кошек,pet cat scratch toy hanging sisal ball built-in bell interactive toy pet supplies  аксесуари для котів  игрушки для кошек,pet cat scratch toy,4.4,39,33 sold,23,33.0,Brinquedos,Gato
pet cat tent dog house bed with thick cushion for cats dogs deep sleeping indoor canvas soft indian puppy teepee pet supplies,pet cat tent dog house bed with thick cushion for cats dogs deep sleeping indoor canvas soft indian puppy teepee pet supplies,pet cat tent dog,4.7,1742,24 sold,997,24.0,Conforto,Cachorro
pet cat toy colorful handmade bouncy ball interactive toy cat plush cat toy set cat toys interactive mini pet supplies,pet cat toy colorful handmade bouncy ball interactive toy cat plush cat toy set cat toys interactive mini pet supplies,pet cat toy colorful,4.7,558,43 sold,11,43.0,Brinquedos,Gato
pet cat toy fun fun cat stick handmade creative rabbit hair strip chasing pet accessories,pet cat toy fun fun cat stick handmade creative rabbit hair strip chasing pet accessories,pet cat toy fun,5.0,44,7 sold,5,7.0,Brinquedos,Gato
pet cat toy plush funny play cat toys ring bell happy cat's accessories high quality good elastic rope toy pet supplies cat toys,pet cat toy plush funny play cat toys ring bell happy cat's accessories high quality good elastic rope toy pet supplies cat toys,pet cat toy plush,4.9,13,253 sold,897,253.0,Brinquedos,Gato
pet cat toy stick feather wand toys interactive fish-shaped telescopic fishing rod cat teaser toy supplies random color,pet cat toy stick feather wand toys interactive fish-shaped telescopic fishing rod cat teaser toy supplies random color,pet cat toy stick,4.3,1,198 sold,218,198.0,Brinquedos,Gato
pet cat toy string tubing with feather spring elastic toy pet supplies,pet cat toy string tubing with feather spring elastic toy pet supplies,pet cat toy string,4.8,94,308 sold,110,308.0,Brinquedos,Gato
pet cat toy super long three section telescopic rod cat teaser stick feather replacement head cat teaser supplies new,pet cat toy super long three section telescopic rod cat teaser stick feather replacement head cat teaser supplies new,pet cat toy super,5.0,219,49 sold,9,49.0,Brinquedos,Gato
pet cat toys cute funny rainbow strips stick cat teaser wand  pet toys for cats interactive toys cat supplies pet products,pet cat toys cute funny rainbow strips stick cat teaser wand  pet toys for cats interactive toys cat supplies pet products,pet cat toys cute,0.0,7,15 sold,4,15.0,Brinquedos,Gato
pet cat toys durable colorful feather mimi favorite fur mouse tumbler kitten cat toys play balls for catch cats supplies 2pcs,pet cat toys durable colorful feather mimi favorite fur mouse tumbler kitten cat toys play balls for catch cats supplies 2pcs,pet cat toys durable,4.5,130,261 sold,99,261.0,Brinquedos,Gato
pet cat toys elasticity retractable hanging door type interactive toy for kitten mouse catnip scratch rope toy pet supplies gift,pet cat toys elasticity retractable hanging door type interactive toy for kitten mouse catnip scratch rope toy pet supplies gift,pet cat toys elasticity,4.9,308,900+ sold,549,900.0,Brinquedos,Gato
pet cat toys funny stick kitten self -hi elastic rope dragonfly shape feather bell teasing stick hanging swing thousands,pet cat toys funny stick kitten self -hi elastic rope dragonfly shape feather bell teasing stick hanging swing thousands,pet cat toys funny,4.9,536,"2,000+ sold",1487,2000.0,Brinquedos,Gato
pet cat toys jumping walking hopping cartoon plush chicken clockwork cat interative playing toy wind up chick kitten supplies,pet cat toys jumping walking hopping cartoon plush chicken clockwork cat interative playing toy wind up chick kitten supplies,pet cat toys jumping,4.7,1187,267 sold,905,267.0,Brinquedos,Gato
pet cat toys kitten toys variety pack combination set cat toy funny cat stick sisal mouse bell ball cat supplies,pet cat toys kitten toys variety pack combination set cat toy funny cat stick sisal mouse bell ball cat supplies,pet cat toys kitten,0.0,295,5 sold,2,5.0,Brinquedos,Gato
pet chew toy soft rubber bite-resistance bone shape teeth grinding chewing toys for small dogs training pet supplies,pet chew toy soft rubber bite-resistance bone shape teeth grinding chewing toys for small dogs training pet supplies,pet chew toy soft,4.0,116,275 sold,12,275.0,Brinquedos,Cachorro
pet chew toys interactive cartoon animal plush alligator shape dog sound toy gnawing grinding teeth training supplies,pet chew toys interactive cartoon animal plush alligator shape dog sound toy gnawing grinding teeth training supplies,pet chew toys interactive,2.3,841,"14 sold1,000+ sold",576,1014.0,Brinquedos,Cachorro
pet chew toys soft blue rubber durable molars training toy chihuahua yorkie funny ball interactive bone treat toys pet supplies,pet chew toys soft blue rubber durable molars training toy chihuahua yorkie funny ball interactive bone treat toys pet supplies,pet chew toys soft,2.6,1046,37 sold,24,37.0,Brinquedos,Outros
pet cleaning brush dog cats bath massage gloves comb hair remover grooming soft rubber cleaning tool pets washing supplies,pet cleaning brush dog cats bath massage gloves comb hair remover grooming soft rubber cleaning tool pets washing supplies,pet cleaning brush dog,5.0,997,132 sold,33,132.0,Higiene,Cachorro
pet cleaning tool metal aluminum alloy cat litter scoop stainless steel durable handle pet poop shovel,pet cleaning tool metal aluminum alloy cat litter scoop stainless steel durable handle pet poop shovel,pet cleaning tool metal,4.7,532,"2,000+ sold",3362,2000.0,Higiene,Gato
pet cleaning wipes remove dirt from eyes and ears wipes dog cat earwax clean ears odor remover pets wet tissue cleaning tools,pet cleaning wipes remove dirt from eyes and ears wipes dog cat earwax clean ears odor remover pets wet tissue cleaning tools,pet cleaning wipes remove,4.65,1044,10 sold32 sold,68,42.0,Higiene,Cachorro
pet clicker dog training whistle pet dog cat training sound pet dog trainer assistive guide with key ring dog pet supplies,pet clicker dog training whistle pet dog cat training sound pet dog trainer assistive guide with key ring dog pet supplies,pet clicker dog training,4.8,94,175 sold,254,175.0,Outros,Cachorro
pet clicker dog training whistle pet dog training sound pet dog trainer assistive guide with key ring dog supplies pet products,pet clicker dog training whistle pet dog training sound pet dog trainer assistive guide with key ring dog supplies pet products,pet clicker dog training,4.2,36,76 sold,14,76.0,Outros,Cachorro
pet collar and leash set for small medium large dog walking collars bohemia style puppy cat collar pet supplies buldog chihuahua,pet collar and leash set for small medium large dog walking collars bohemia style puppy cat collar pet supplies buldog chihuahua,pet collar and leash,4.8,121,298 sold,187,298.0,Acessórios,Cachorro
pet collar and leash set leather fashion adjustable collars for dogs pet supplies collars for medium and large dogs gift for dog,pet collar and leash set leather fashion adjustable collars for dogs pet supplies collars for medium and large dogs gift for dog,pet collar and leash,4.7,96,470 sold,999,470.0,Acessórios,Cachorro
pet collar personalized id tag engraved name for dog cat puppy keyring charm pendant bone necklace accessories,pet collar personalized id tag engraved name for dog cat puppy keyring charm pendant bone necklace accessories,pet collar personalized id,5.0,87703,33 sold,305,33.0,Acessórios,Cachorro
pet comb pet tear stain remover dog grooming comb gently removes mucus and crust small lice flea combs for dogs cats supplies,pet comb pet tear stain remover dog grooming comb gently removes mucus and crust small lice flea combs for dogs cats supplies,pet comb pet tear,0.0,46,19 sold,5,19.0,Higiene,Cachorro
pet cooling ice scarf cool ice towel heatstroke dogs cats ice collar adjustable cat collar bib prevent heat stroke dog supplies,pet cooling ice scarf cool ice towel heatstroke dogs cats ice collar adjustable cat collar bib prevent heat stroke dog supplies,pet cooling ice scarf,5.0,10984,32 sold,77,32.0,Acessórios,Cachorro
pet cooling mat dog cat sleeping pad cool ice silk moisture-proof mattress cushion summer small animal cold bed 5 sizes,pet cooling mat dog cat sleeping pad cool ice silk moisture-proof mattress cushion summer small animal cold bed 5 sizes,pet cooling mat dog,4.5,149,489 sold,354,489.0,Conforto,Cachorro
pet cover dog crate cover pet supply sunshade breathable good ventilation waterproof oxford cloth double door,pet cover dog crate cover pet supply sunshade breathable good ventilation waterproof oxford cloth double door,pet cover dog crate,4.7,6,21 sold,102,21.0,Outros,Cachorro
pet cushion fall and winter warm dog kennel cat dog printing blanket non-slip seat cushion dog supplies,pet cushion fall and winter warm dog kennel cat dog printing blanket non-slip seat cushion dog supplies,pet cushion fall and,4.4,2,86 sold,77,86.0,Conforto,Cachorro
pet diapers panties for dogs waterproof breathable male disposable diapers for dogs nappies dog physiological pants pet supplies,pet diapers panties for dogs waterproof breathable male disposable diapers for dogs nappies dog physiological pants pet supplies,pet diapers panties for,4.8,52,74 sold,34,74.0,Sanitário,Cachorro
pet dispenser large capacity automatic cat food dispenser drinking water bowl pet supplies wet dry separation dog food container,pet dispenser large capacity automatic cat food dispenser drinking water bowl pet supplies wet dry separation dog food container,pet dispenser large capacity,5.0,33,21 sold,20,21.0,Alimentação,Cachorro
pet dog and cat adjustable harness with leash reflective and breathable for small and large dog harness vest pet supplies,pet dog and cat adjustable harness with leash reflective and breathable for small and large dog harness vest pet supplies,pet dog and cat,4.8,246,"2,000+ sold",2966,2000.0,Acessórios,Cachorro
pet dog ball chew toys funny bouncy rubber solid ball for small large dog toys outdoor throwing training toys supplies,pet dog ball chew toys funny bouncy rubber solid ball for small large dog toys outdoor throwing training toys supplies,pet dog ball chew,0.0,13,25 sold,1,25.0,Brinquedos,Cachorro
pet dog bandages dog injurie leg knee brace strap protection for dogs joint bandage wrap doggy medical supplies dogs accessories,pet dog bandages dog injurie leg knee brace strap protection for dogs joint bandage wrap doggy medical supplies dogs accessories,pet dog bandages dog,4.9,38,51 sold,68,51.0,Outros,Cachorro
pet dog bed four seasons universal big size extra large dogs house sofa kennel soft dog cat warm bed pet accessories,pet dog bed four seasons universal big size extra large dogs house sofa kennel soft dog cat warm bed pet accessories,pet dog bed four,4.0,29874,156 sold,342,156.0,Conforto,Cachorro
pet dog bed sofa big dog bed for small medium large dog mats bench lounger cat chihuahua puppy bed kennel cat pet house supplies,pet dog bed sofa big dog bed for small medium large dog mats bench lounger cat chihuahua puppy bed kennel cat pet house supplies,pet dog bed sofa,0.0,53043,6 sold,6154,6.0,Conforto,Cachorro
pet dog bed sofa plush mats dogs basket supplies for large medium small house cat bed pet products 37x32cm,pet dog bed sofa plush mats dogs basket supplies for large medium small house cat bed pet products 37x32cm,pet dog bed sofa,3.4499999999999997,181,47 sold101 sold,197,148.0,Brinquedos,Cachorro
pet dog brush cat comb self cleaning pet hair remover brush for dogs cats grooming tools pets dematting comb dogs accessories,pet dog brush cat comb self cleaning pet hair remover brush for dogs cats grooming tools pets dematting comb dogs accessories,pet dog brush cat,4.7,1705,35 sold421 sold,1133,456.0,Conforto,Cachorro
pet dog brush comb cat hair remover massage grooming tool for small breeds dogs comb hair brush cleaning supplies accessory,pet dog brush comb cat hair remover massage grooming tool for small breeds dogs comb hair brush cleaning supplies accessory,pet dog brush comb,5.0,300,27 sold,19,27.0,Higiene,Cachorro
pet dog car seat belt retractable buffer elastic reflective safety traction rope dog leash harness dogs dog accessories supplies,pet dog car seat belt retractable buffer elastic reflective safety traction rope dog leash harness dogs dog accessories supplies,pet dog car seat,4.7,19873,600+ sold,648,600.0,Acessórios,Cachorro
pet dog carrier bag carrier for dogs backpack  portable travel breathable dog bag outdoor dog carrier bag pet carrying supplies,pet dog carrier bag carrier for dogs backpack  portable travel breathable dog bag outdoor dog carrier bag pet carrying supplies,pet dog carrier bag,4.6,50,500+ sold,2015,500.0,Outros,Cachorro
pet dog cat artificial grass toilet mat indoor potty trainer grass turf pad pet supplies,pet dog cat artificial grass toilet mat indoor potty trainer grass turf pad pet supplies,pet dog cat artificial,1.0,16,5 sold,9,5.0,Conforto,Cachorro
pet dog cat bath brush 2-in-1 pet spa massage comb soft silicone pet shower hair grooming cmob dog cleaning tool pet supplies,pet dog cat bath brush 2-in-1 pet spa massage comb soft silicone pet shower hair grooming cmob dog cleaning tool pet supplies,pet dog cat bath,4.7,239,366 sold,12314,366.0,Higiene,Cachorro
pet dog cat bath brush soft silicone cleaner shampoo massager brush bathroom puppy paw clean bath tools pet grooming supplies,pet dog cat bath brush soft silicone cleaner shampoo massager brush bathroom puppy paw clean bath tools pet grooming supplies,pet dog cat bath,5.0,5559,13 sold,183,13.0,Higiene,Cachorro
pet dog cat car seat belt adjustable harness seatbelt leash for small medium dogs travel clip pet supplies french bulldog,pet dog cat car seat belt adjustable harness seatbelt leash for small medium dogs travel clip pet supplies french bulldog,pet dog cat car,5.0,55921,69 sold,17,69.0,Acessórios,Cachorro
pet dog cat car seat belt for accessories goods adjustable harness lead leash small medium pet outdoor travel supplies,pet dog cat car seat belt for accessories goods adjustable harness lead leash small medium pet outdoor travel supplies,pet dog cat car,5.0,598,34 sold,14,34.0,Acessórios,Cachorro
pet dog cat food bowl cat water feeding bowl durable plastic standing ear threaded pet bowl feeder pets dogs cats accessories,pet dog cat food bowl cat water feeding bowl durable plastic standing ear threaded pet bowl feeder pets dogs cats accessories,pet dog cat food,4.8,179,86 sold,217,86.0,Alimentação,Cachorro
pet dog cat footprints handprint ink pads kits for diy photo frame accessories newborn baby pet cat dog stamp paw print souvenir,pet dog cat footprints handprint ink pads kits for diy photo frame accessories newborn baby pet cat dog stamp paw print souvenir,pet dog cat footprints,4.5,110,194 sold,194,194.0,Sanitário,Cachorro
pet dog cat hair removal brush comb pet grooming tools cini furmines hair shedding trimmer comb for dogs cats cleaning supplies,pet dog cat hair removal brush comb pet grooming tools cini furmines hair shedding trimmer comb for dogs cats cleaning supplies,pet dog cat hair,4.8,9,151 sold,1335,151.0,Higiene,Cachorro
pet dog cat harness with leash adjustable vest walking supplies soft breathable plaid collar puppy for small medidum large dogs,pet dog cat harness with leash adjustable vest walking supplies soft breathable plaid collar puppy for small medidum large dogs,pet dog cat harness,0.0,1429,23 sold,8,23.0,Acessórios,Cachorro
pet dog cat id name tag 2pcs/lot identification pet collar kitten puppy id tags for collars cat accessories name bone shape,pet dog cat id name tag 2pcs/lot identification pet collar kitten puppy id tags for collars cat accessories name bone shape,pet dog cat id,5.0,4000,49 sold,41,49.0,Acessórios,Cachorro
pet dog cat massage silicone bath filling liquid rubbing back towel bath shampoo  yj056,pet dog cat massage silicone bath filling liquid rubbing back towel bath shampoo  yj056,pet dog cat massage,5.0,2795,34 sold,112,34.0,Higiene,Cachorro
pet dog cat necklace adjustable strap for cat collar dogs accessories pet dog bow tie puppy bow ties dog pet supplies,pet dog cat necklace adjustable strap for cat collar dogs accessories pet dog bow tie puppy bow ties dog pet supplies,pet dog cat necklace,4.7,168008,485 sold,11134,485.0,Acessórios,Cachorro
pet dog cat paw print ink kit pad baby handprint footprint safe non-toxic mess-free diy hand footprint easy clean pet souvenir,pet dog cat paw print ink kit pad baby handprint footprint safe non-toxic mess-free diy hand footprint easy clean pet souvenir,pet dog cat paw,4.7,918,500+ sold,411,500.0,Higiene,Cachorro
pet dog cats birds training whistle dual-tube survival whistle portable aluminum safety whistle pet supplies,pet dog cats birds training whistle dual-tube survival whistle portable aluminum safety whistle pet supplies,pet dog cats birds,0.0,40,7 sold,1,7.0,Outros,Cachorro
pet dog cats birds training whistle dual-tube survival whistle portable aluminum safety whistle pet supplies dog training,pet dog cats birds training whistle dual-tube survival whistle portable aluminum safety whistle pet supplies dog training,pet dog cats birds,5.0,40,3 sold,2,3.0,Outros,Cachorro
pet dog chew toys molar teeth clean stick interesting pine wood cute bone shape durable bite puppy interactive toy pet supplies,pet dog chew toys molar teeth clean stick interesting pine wood cute bone shape durable bite puppy interactive toy pet supplies,pet dog chew toys,3.8666666666666667,2894,388 sold35 sold40 sold,917,463.0,Brinquedos,Cachorro
pet dog clothes for small dogs clothing warm clothing for dogs coat puppy outfit pet clothes for small dog hoodies chihuahua,pet dog clothes for small dogs clothing warm clothing for dogs coat puppy outfit pet clothes for small dog hoodies chihuahua,pet dog clothes for,4.7,286,"1,000+ sold",3374,1000.0,Acessórios,Cachorro
pet dog clothes soft navy style leash set for teddy pomeranian chihuahua dog supplies collar cat pet dog chest strap leash,pet dog clothes soft navy style leash set for teddy pomeranian chihuahua dog supplies collar cat pet dog chest strap leash,pet dog clothes soft,4.7,186,155 sold,212,155.0,Acessórios,Cachorro
pet dog collar adjustable soft leather necklace puppy kitten neck strap accessories for small medium cats dogs supplies perros,pet dog collar adjustable soft leather necklace puppy kitten neck strap accessories for small medium cats dogs supplies perros,pet dog collar adjustable,4.8,41,63 sold,59,63.0,Acessórios,Cachorro
pet dog collar flowers accessories puppy bowties grooming exquisite movable dog collar bows for small dog cats pet supplies,pet dog collar flowers accessories puppy bowties grooming exquisite movable dog collar bows for small dog cats pet supplies,pet dog collar flowers,4.8,52,119 sold,129,119.0,Acessórios,Cachorro
pet dog comb hair removal stainless stee knot grooming comb puppy dog accessories brush needle comb dog supplies pets cleaning,pet dog comb hair removal stainless stee knot grooming comb puppy dog accessories brush needle comb dog supplies pets cleaning,pet dog comb hair,4.8,73,176 sold,600,176.0,Higiene,Cachorro
pet dog fence gate safe guard safety enclosure folding dog fences dog gate the ingenious mesh magic pet gate pet supplies,pet dog fence gate safe guard safety enclosure folding dog fences dog gate the ingenious mesh magic pet gate pet supplies,pet dog fence gate,5.0,69,16 sold,11,16.0,Outros,Cachorro
pet dog flap door smart security 4 way lock abs kitten plastic door controllable switch direction dog cat gate s/m/l/xl 5 colors,pet dog flap door smart security 4 way lock abs kitten plastic door controllable switch direction dog cat gate s/m/l/xl 5 colors,pet dog flap door,0.0,2,0 sold,12,0.0,Outros,Cachorro
pet dog flying disk toy silicone material environmentally friendly anti-chew dog puppy interactive training pet supplies,pet dog flying disk toy silicone material environmentally friendly anti-chew dog puppy interactive training pet supplies,pet dog flying disk,4.5,254,"91 sold1,000+ sold",629,1091.0,Brinquedos,Cachorro
pet dog flying disk toy silicone material environmentally puppy interactive training pet supplies,pet dog flying disk toy silicone material environmentally puppy interactive training pet supplies,pet dog flying disk,4.4,191,147 sold,49,147.0,Brinquedos,Cachorro
pet dog food storage container dry cat food box bag moisture proof seal airtight with measuring cup kitten litter products,pet dog food storage container dry cat food box bag moisture proof seal airtight with measuring cup kitten litter products,pet dog food storage,4.6,4,140 sold,1676,140.0,Alimentação,Cachorro
pet dog footprint handprint pad safe non-toxic printing pad pet footprint baby paw print pad footprint pad ink-free,pet dog footprint handprint pad safe non-toxic printing pad pet footprint baby paw print pad footprint pad ink-free,pet dog footprint handprint,4.6,774,"3,000+ sold",45939,3000.0,Sanitário,Cachorro
pet dog grooming unit wire rope cable for small and medium dog beauty blowing hair dog collar dogs neckleck supplies decoration,pet dog grooming unit wire rope cable for small and medium dog beauty blowing hair dog collar dogs neckleck supplies decoration,pet dog grooming unit,4.6,25,170 sold,422,170.0,Acessórios,Cachorro
pet dog hair removal comb dog cleaning supplies needle long hair brush puppy cat massage bath brush pet grooming tools accessori,pet dog hair removal comb dog cleaning supplies needle long hair brush puppy cat massage bath brush pet grooming tools accessori,pet dog hair removal,5.0,7,37 sold,55,37.0,Higiene,Cachorro
pet dog hair remover comb cat hair shedding brush wooden handle grooming tools for dog pet massage cleaning supplies accessories,pet dog hair remover comb cat hair shedding brush wooden handle grooming tools for dog pet massage cleaning supplies accessories,pet dog hair remover,5.0,84,22 sold,39,22.0,Higiene,Cachorro
pet dog harness and leash set adjustable flannel chest harness reflective breathable for small dogs teddy chihuahua pet supplies,pet dog harness and leash set adjustable flannel chest harness reflective breathable for small dogs teddy chihuahua pet supplies,pet dog harness and,4.8,359817,170 sold,89,170.0,Acessórios,Cachorro
pet dog harness for small medium dogs cat reflective puppy cats no pull breathable mesh saddle pet chihuahua bulldog supplies,pet dog harness for small medium dogs cat reflective puppy cats no pull breathable mesh saddle pet chihuahua bulldog supplies,pet dog harness for,4.3,161,7 sold,2,7.0,Acessórios,Cachorro
pet dog harness reflective adjustable breathable vest chest strap for small medium large dogs cat puppy collar dog accessoires,pet dog harness reflective adjustable breathable vest chest strap for small medium large dogs cat puppy collar dog accessoires,pet dog harness reflective,4.7,7007,800+ sold,876,800.0,Acessórios,Cachorro
pet dog ice silk pad breathable cooling mat cat cushion supplies large and small dog machine washable seat prevent sunstroke,pet dog ice silk pad breathable cooling mat cat cushion supplies large and small dog machine washable seat prevent sunstroke,pet dog ice silk,5.0,348,24 sold,85,24.0,Conforto,Cachorro
pet dog id tags for pet collar kitten puppy custom id tags engraved heart bone dog collars cat accessories personalized,pet dog id tags for pet collar kitten puppy custom id tags engraved heart bone dog collars cat accessories personalized,pet dog id tags,4.8,7939,600+ sold,841,600.0,Acessórios,Cachorro
pet dog leash automatic retractable puppy cats lead outdoor hiking french bulldog traction adjustable nylon small dogs supplies,pet dog leash automatic retractable puppy cats lead outdoor hiking french bulldog traction adjustable nylon small dogs supplies,pet dog leash automatic,0.0,367,6 sold,1,6.0,Acessórios,Cachorro
pet dog long handle pet pooper scooper dog cat waste picker jaw poop scoop pick up clean waste cleaning tools pet supplies,pet dog long handle pet pooper scooper dog cat waste picker jaw poop scoop pick up clean waste cleaning tools pet supplies,pet dog long handle,4.3,17,55 sold,51,55.0,Higiene,Cachorro
pet dog muzzle breathable basket muzzles large dogs stop biting barking chewing anti bite duck mouth puppy covers pet supplies,pet dog muzzle breathable basket muzzles large dogs stop biting barking chewing anti bite duck mouth puppy covers pet supplies,pet dog muzzle breathable,4.7,230,499 sold,416,499.0,Brinquedos,Cachorro
pet dog muzzle breathable basket muzzles large dogs stop biting barking chewing for greyhound gree whippet dogs supplies,pet dog muzzle breathable basket muzzles large dogs stop biting barking chewing for greyhound gree whippet dogs supplies,pet dog muzzle breathable,4.7,387,900+ sold,2676,900.0,Brinquedos,Cachorro
pet dog muzzle medium large dogs pitbull golden retriever  anti stop barking supplies dog mouth guard  adjustable french bulldog,pet dog muzzle medium large dogs pitbull golden retriever  anti stop barking supplies dog mouth guard  adjustable french bulldog,pet dog muzzle medium,4.9,14,60 sold,173,60.0,Outros,Cachorro
pet dog muzzles adjustable french bulldog muzzle dog mouth mask breathable muzzle for anti stop barking supplies prevent biting,pet dog muzzles adjustable french bulldog muzzle dog mouth mask breathable muzzle for anti stop barking supplies prevent biting,pet dog muzzles adjustable,4.8,2926,11 sold490 sold,596,501.0,Outros,Cachorro
pet dog name id tags identification pet collar kitten puppy tags for collars cat accessories name bone shape personalized dog id,pet dog name id tags identification pet collar kitten puppy tags for collars cat accessories name bone shape personalized dog id,pet dog name id,5.0,22597,132 sold,133,132.0,Acessórios,Cachorro
pet dog plush animal chewing toy wear-resistant squeak cute bear fox toys for dog puppy teddy interactive toy supplies,pet dog plush animal chewing toy wear-resistant squeak cute bear fox toys for dog puppy teddy interactive toy supplies,pet dog plush animal,4.9,112,201 sold,3757,201.0,Brinquedos,Cachorro
pet dog plush noise chewing toy santa elk gingerbread man donut cat dog christmas series cartoon dog toy plush squeak pet toy,pet dog plush noise chewing toy santa elk gingerbread man donut cat dog christmas series cartoon dog toy plush squeak pet toy,pet dog plush noise,4.8,1113,347 sold,245,347.0,Brinquedos,Cachorro
pet dog plush toy animals shape bite resistant squeaky toys corduroy dog toys for small large pets cat training accessories,pet dog plush toy animals shape bite resistant squeaky toys corduroy dog toys for small large pets cat training accessories,pet dog plush toy,5.0,17972,28 sold,12,28.0,Brinquedos,Cachorro
pet dog plush toys bear squeaking stuffed toys for dogs cat chew squeak toy for small dogs play funny training,pet dog plush toys bear squeaking stuffed toys for dogs cat chew squeak toy for small dogs play funny training,pet dog plush toys,4.8,88,127 sold,37,127.0,Brinquedos,Cachorro
pet dog poop bag bone shape dispenser waste garbage carrier holder dispensers poop bag dogs trash cleaning tool dog pet products,pet dog poop bag bone shape dispenser waste garbage carrier holder dispensers poop bag dogs trash cleaning tool dog pet products,pet dog poop bag,4.8,229,500 sold,385,500.0,Higiene,Cachorro
pet dog puppy cat feeding mat pad cute cloud shape silicone dish bowl food feed placement pet accessories dropship,pet dog puppy cat feeding mat pad cute cloud shape silicone dish bowl food feed placement pet accessories dropship,pet dog puppy cat,5.0,35,41 sold,87,41.0,Alimentação,Cachorro
pet dog puppy double knot chew rope knot toys clean teeth durable braided bone rope pet molar toy pet supplies,pet dog puppy double knot chew rope knot toys clean teeth durable braided bone rope pet molar toy pet supplies,pet dog puppy double,4.8,471,182 sold,61,182.0,Brinquedos,Cachorro
pet dog shampoo brush 2.7oz 80ml cat massage comb grooming scrubber  for bathing short hair soft silicone rubber,pet dog shampoo brush 2.7oz 80ml cat massage comb grooming scrubber  for bathing short hair soft silicone rubber,pet dog shampoo brush,2.4,484,"1,000+ sold0 sold",1004,1000.0,Higiene,Cachorro
pet dog silicone mouth cover breathable dogs muzzle anti biting training stop chew adjustable soft duckbill covers pets supplies,pet dog silicone mouth cover breathable dogs muzzle anti biting training stop chew adjustable soft duckbill covers pets supplies,pet dog silicone mouth,5.0,19,29 sold,19,29.0,Brinquedos,Cachorro
pet dog slow feeder bowl non slip puzzle bowl anti-gulping pet slower food feeding dishes dog bowl fat help healthy pet supplies,pet dog slow feeder bowl non slip puzzle bowl anti-gulping pet slower food feeding dishes dog bowl fat help healthy pet supplies,pet dog slow feeder,4.0,1974,42 sold,132,42.0,Alimentação,Cachorro
pet dog snack bag treat food obedience outdoor pouch bag large capacity convenient practical fashion dogs training pack,pet dog snack bag treat food obedience outdoor pouch bag large capacity convenient practical fashion dogs training pack,pet dog snack bag,4.8,57,396 sold,291,396.0,Alimentação,Cachorro
pet dog sofa bed winter warm soft nest puppy baskets mat kennel for large medium small dog animals accessories supplies,pet dog sofa bed winter warm soft nest puppy baskets mat kennel for large medium small dog animals accessories supplies,pet dog sofa bed,4.0,21,23 sold,946,23.0,Conforto,Cachorro
pet dog sofa beds for small dogs warm accessories large dog bed mat pets kennel washable plush medium basket cats  pet supplies,pet dog sofa beds for small dogs warm accessories large dog bed mat pets kennel washable plush medium basket cats  pet supplies,pet dog sofa beds,5.0,13,20 sold,46,20.0,Brinquedos,Cachorro
pet dog squeaky plush dinosaur toys interactive dog chew toys plush stuffing pet supplies small dog chew molar toys,pet dog squeaky plush dinosaur toys interactive dog chew toys plush stuffing pet supplies small dog chew molar toys,pet dog squeaky plush,5.0,41,64 sold,86,64.0,Brinquedos,Cachorro
pet dog sunglasses summer windproof foldable sunscreen anti-uv goggles pet supplies puppy dog accessories,pet dog sunglasses summer windproof foldable sunscreen anti-uv goggles pet supplies puppy dog accessories,pet dog sunglasses summer,4.5,197,119 sold,311,119.0,Outros,Cachorro
pet dog tootpaste cleaning supplies vanilla beef flavor pet cat dog toothpaste,pet dog tootpaste cleaning supplies vanilla beef flavor pet cat dog toothpaste,pet dog tootpaste cleaning,4.8,416,254 sold,63,254.0,Higiene,Cachorro
pet dog toy ball molar clean teeth for small dog puppy teething chew toys dog accessories cute puppy rope toys 1pc,pet dog toy ball molar clean teeth for small dog puppy teething chew toys dog accessories cute puppy rope toys 1pc,pet dog toy ball,4.8,146,384 sold,567,384.0,Brinquedos,Cachorro
pet dog toy cotton rope double knot ball bite resistant tooth cleaning toy ball pet supplies,pet dog toy cotton rope double knot ball bite resistant tooth cleaning toy ball pet supplies,pet dog toy cotton,4.9,37,163 sold,30,163.0,Brinquedos,Cachorro
pet dog toy plush toy dog supplies for all puppy pets funny durable chewing teeth,pet dog toy plush toy dog supplies for all puppy pets funny durable chewing teeth,pet dog toy plush,4.3,151,268 sold,159,268.0,Brinquedos,Cachorro
pet dog toy rubber chicken leg puppy sound squeaker chew toys for dogs puppy cat interactive pet supplies dog products gift,pet dog toy rubber chicken leg puppy sound squeaker chew toys for dogs puppy cat interactive pet supplies dog products gift,pet dog toy rubber,4.8,36,85 sold,537,85.0,Brinquedos,Cachorro
pet dog toy sound plush toy mop fur shell frog hippo teeth grinding supplies,pet dog toy sound plush toy mop fur shell frog hippo teeth grinding supplies,pet dog toy sound,4.7,223,500+ sold,312,500.0,Brinquedos,Cachorro
pet dog toy squeak plush toy for dogs supplies fit for all puppy pet sound toy funny durable chew molar  cute toy pets supplies,pet dog toy squeak plush toy for dogs supplies fit for all puppy pet sound toy funny durable chew molar  cute toy pets supplies,pet dog toy squeak,4.65,280,117 sold251 sold,104,368.0,Brinquedos,Cachorro
pet dog toy squeak plush toy for dogs supplies fit for all puppy pet sound toy funny durable chew molar cute toy pets supplies,pet dog toy squeak plush toy for dogs supplies fit for all puppy pet sound toy funny durable chew molar cute toy pets supplies,pet dog toy squeak,4.9,90,289 sold,92,289.0,Brinquedos,Cachorro
pet dog toy squirrel raccoon plush interactive bite resistant molar skin shell pet supplies,pet dog toy squirrel raccoon plush interactive bite resistant molar skin shell pet supplies,pet dog toy squirrel,4.7,159,340 sold,118,340.0,Brinquedos,Cachorro
pet dog toys cat puppy sounding toy polka squeaky tooth cleaning ball tpr training pet teeth chewing toy thorn balls accessories,pet dog toys cat puppy sounding toy polka squeaky tooth cleaning ball tpr training pet teeth chewing toy thorn balls accessories,pet dog toys cat,4.8,182,"1,000+ sold",2629,1000.0,Brinquedos,Cachorro
pet dog toys for large small dogs toy interactive cotton rope mini dog toys ball for dogs accessories toothbrush chew puppy toy,pet dog toys for large small dogs toy interactive cotton rope mini dog toys ball for dogs accessories toothbrush chew puppy toy,pet dog toys for,4.65,1495,"500+ sold1,000+ sold",2765,1500.0,Brinquedos,Cachorro
pet dog toys for small dog chews tpr knot toys bite resistant molar teeth cleaning dog training supplies interactive accessories,pet dog toys for small dog chews tpr knot toys bite resistant molar teeth cleaning dog training supplies interactive accessories,pet dog toys for,4.7,260,600+ sold,7653,600.0,Brinquedos,Cachorro
pet dog toys pet flying disk training ring puller anti-bite floating interactive supplies cat dog toy aggressive chewing dog toy,pet dog toys pet flying disk training ring puller anti-bite floating interactive supplies cat dog toy aggressive chewing dog toy,pet dog toys pet,5.0,247,117 sold,25,117.0,Brinquedos,Cachorro
pet dog toys plush chew toy soft banana bone vegetable fruit squeaky puppy training interactive toy bite-resistant pet supplies,pet dog toys plush chew toy soft banana bone vegetable fruit squeaky puppy training interactive toy bite-resistant pet supplies,pet dog toys plush,4.8,997,299 sold,330,299.0,Brinquedos,Cachorro
pet dog training round rope 150cm light weight nylon p chain collar adjustable for small medium dogs walking leash pet supplies,pet dog training round rope 150cm light weight nylon p chain collar adjustable for small medium dogs walking leash pet supplies,pet dog training round,4.6,57,92 sold,91,92.0,Acessórios,Cachorro
pet dog treat pouch poop dispenser portable multifunction dog training bag outdoor travel dog bag durable pet accessories,pet dog treat pouch poop dispenser portable multifunction dog training bag outdoor travel dog bag durable pet accessories,pet dog treat pouch,4.9,258,333 sold,598,333.0,Alimentação,Cachorro
pet dog waste bag dispenser poop bag cat trash carrier pet bag loader cleaning tool pet products fecal shape outdoor portable,pet dog waste bag dispenser poop bag cat trash carrier pet bag loader cleaning tool pet products fecal shape outdoor portable,pet dog waste bag,4.9,46,252 sold,233,252.0,Higiene,Cachorro
pet dogs plush animal chewing toy wear-resistant squeak cute bear fox toys for dog puppy teddy interactive supplies,pet dogs plush animal chewing toy wear-resistant squeak cute bear fox toys for dog puppy teddy interactive supplies,pet dogs plush animal,4.8,179,"1,000+ sold",1674,1000.0,Brinquedos,Cachorro
pet dogs training toy natural rubber ball on rope for reward fetch play interactive funny dog toy dog training supplies,pet dogs training toy natural rubber ball on rope for reward fetch play interactive funny dog toy dog training supplies,pet dogs training toy,5.0,199,32 sold,19,32.0,Brinquedos,Cachorro
pet door opening cat dog two way free access door opening suitable for installation of glass doors and wooden doors,pet door opening cat dog two way free access door opening suitable for installation of glass doors and wooden doors,pet door opening cat,4.3,602,5 sold,153,5.0,Outros,Cachorro
pet double bowl transparent high foot cat bowl drink water cat food with golden stand raised water feeder dog bowl supplies,pet double bowl transparent high foot cat bowl drink water cat food with golden stand raised water feeder dog bowl supplies,pet double bowl transparent,5.0,12,67 sold,135,67.0,Alimentação,Cachorro
pet double finger toothbrush super soft tpr pet teeth cleaning tooth brush bad breath care nontoxic dog cat cleaning supplies,pet double finger toothbrush super soft tpr pet teeth cleaning tooth brush bad breath care nontoxic dog cat cleaning supplies,pet double finger toothbrush,5.0,10,16 sold,2,16.0,Higiene,Cachorro
pet double head dog toothbrush pet tooth cleaning tools dental care for pet cat grooming toothbrush pet supplies,pet double head dog toothbrush pet tooth cleaning tools dental care for pet cat grooming toothbrush pet supplies,pet double head dog,4.7,14,108 sold,43,108.0,Higiene,Cachorro
pet drinker feeder cat water bowl double bowl plastic automatic drinking bottle dog bowl pet supplies,pet drinker feeder cat water bowl double bowl plastic automatic drinking bottle dog bowl pet supplies,pet drinker feeder cat,4.8,35,150 sold,100,150.0,Alimentação,Cachorro
pet enclosure with lockable pet door. large freestanding exercise dog gate for pets indoor/outdoor freight free house for dogs,pet enclosure with lockable pet door. large freestanding exercise dog gate for pets indoor/outdoor freight free house for dogs,pet enclosure with lockable,5.0,99,1 sold,5,1.0,Outros,Cachorro
pet eye comb brush pet tear stain remover comb double-sided eye grooming brush removing crust mucus for small cat dog,pet eye comb brush pet tear stain remover comb double-sided eye grooming brush removing crust mucus for small cat dog,pet eye comb brush,4.9,1484,500+ sold,534,500.0,Higiene,Cachorro
pet eye comb brush tear stain remover comb silicone soft material grooming tools for small cat dog gentle cleaning eye scabs,pet eye comb brush tear stain remover comb silicone soft material grooming tools for small cat dog gentle cleaning eye scabs,pet eye comb brush,0.0,40,209 sold,2,209.0,Conforto,Cachorro
pet facial cleaning comb removes tear stains eye-poop comb dog hair repair scissors cat hair comb pet clean supplies accessories,pet facial cleaning comb removes tear stains eye-poop comb dog hair repair scissors cat hair comb pet clean supplies accessories,pet facial cleaning comb,4.9,89,74 sold,25,74.0,Higiene,Cachorro
pet feed spoon food scoop cat strip squeezer feeder dispenser puppy kitten snack liquid food scoop kitty treat pet supplies,pet feed spoon food scoop cat strip squeezer feeder dispenser puppy kitten snack liquid food scoop kitty treat pet supplies,pet feed spoon food,4.8,70,38 sold,32,38.0,Alimentação,Cachorro
pet feeder 2-in-1 pet feeding bowl dog cat automatic water dispenser with removable stainless steel bowls pet supplies,pet feeder 2-in-1 pet feeding bowl dog cat automatic water dispenser with removable stainless steel bowls pet supplies,pet feeder 2-in-1 pet,4.8,34,500+ sold,1065,500.0,Alimentação,Cachorro
pet feeder cat toy mouse food rolling leakage dispenser bowl playing training funny toys for cat kitten cats toy pet supplies,pet feeder cat toy mouse food rolling leakage dispenser bowl playing training funny toys for cat kitten cats toy pet supplies,pet feeder cat toy,4.6,66,101 sold,58,101.0,Brinquedos,Gato
pet feeders bowl oblique mouth large capacity cats bowls cute cat dog food dispenser pet water feeder supplies safeguard neck,pet feeders bowl oblique mouth large capacity cats bowls cute cat dog food dispenser pet water feeder supplies safeguard neck,pet feeders bowl oblique,4.4,61,28 sold,101,28.0,Alimentação,Cachorro
pet finger teeth cleaning & eye cleaning wipes set for dogs & cats remove bad breath & tartar pet tooth & eye cleaning products,pet finger teeth cleaning & eye cleaning wipes set for dogs & cats remove bad breath & tartar pet tooth & eye cleaning products,pet finger teeth cleaning,0.0,5,0 sold,0,0.0,Higiene,Cachorro
pet finger toothbrush silicone super soft dog toothbrushes teeth cleaning tool bad breath care nontoxic cat cleaning supplies,pet finger toothbrush silicone super soft dog toothbrushes teeth cleaning tool bad breath care nontoxic cat cleaning supplies,pet finger toothbrush silicone,4.8,376,181 sold,29,181.0,Higiene,Cachorro
pet flea and tick collar for dogs cats up to 8 month flea tick prevention collar anti-mosquito & insect repellent pet supplies,pet flea and tick collar for dogs cats up to 8 month flea tick prevention collar anti-mosquito & insect repellent pet supplies,pet flea and tick,4.7,361,211 sold,96,211.0,Acessórios,Cachorro
pet flying saucer ball magic outdoor throw disc ball for kids and dog interactive pet training sports game supplies ufo pets toy,pet flying saucer ball magic outdoor throw disc ball for kids and dog interactive pet training sports game supplies ufo pets toy,pet flying saucer ball,3.9,9798,122 sold,37,122.0,Brinquedos,Cachorro
pet folding silicone bowl collapsible dog food bowl water large outdoor pet travel bowl portable puppy food container feeder,pet folding silicone bowl collapsible dog food bowl water large outdoor pet travel bowl portable puppy food container feeder,pet folding silicone bowl,4.8,297,"2,000+ sold",1033,2000.0,Alimentação,Cachorro
pet folding silicone bowl large outdoor pet travel bowl collapsible dog food bowl water portable puppy food container feeder,pet folding silicone bowl large outdoor pet travel bowl collapsible dog food bowl water portable puppy food container feeder,pet folding silicone bowl,4.9,164,600+ sold,215,600.0,Alimentação,Cachorro
pet food bowl double bowl macaron color plastic cat bowl dog food drinking tray feeding cat feeding pet supplies dog accessories,pet food bowl double bowl macaron color plastic cat bowl dog food drinking tray feeding cat feeding pet supplies dog accessories,pet food bowl double,4.5,18,27 sold,91,27.0,Alimentação,Cachorro
pet food bowl hanging stainless steel pet bowl dogs supplies fixed cat bowl cats dog crate drinking bowl little pet feeding,pet food bowl hanging stainless steel pet bowl dogs supplies fixed cat bowl cats dog crate drinking bowl little pet feeding,pet food bowl hanging,4.8,190,73 sold,62,73.0,Alimentação,Cachorro
pet food bowl tilt high bottom cat bowl neck protector dog feeding water feeder feeding watering supplies cats products,pet food bowl tilt high bottom cat bowl neck protector dog feeding water feeder feeding watering supplies cats products,pet food bowl tilt,4.8,9,57 sold,95,57.0,Alimentação,Cachorro
pet food bowls tilt high bottom neck protection to prevent choking of dogs and cats and to prevent dumping of pet feed supplies,pet food bowls tilt high bottom neck protection to prevent choking of dogs and cats and to prevent dumping of pet feed supplies,pet food bowls tilt,5.0,39986,44 sold,36,44.0,Alimentação,Cachorro
pet food measuring scoop electronic dog cat food measuring cup digital spoon scale kitchen food scale with led display,pet food measuring scoop electronic dog cat food measuring cup digital spoon scale kitchen food scale with led display,pet food measuring scoop,4.6,667,"3,000+ sold",5406,3000.0,Alimentação,Cachorro
pet foot cleaner foam dog cat feet cleaner rinse-free puppy paw cleaner foam for cute cats with foot cleaning silicone brush,pet foot cleaner foam dog cat feet cleaner rinse-free puppy paw cleaner foam for cute cats with foot cleaning silicone brush,pet foot cleaner foam,4.6,26,79 sold,103,79.0,Higiene,Cachorro
pet footprints baby paw print pad foot print mat pet handprints and footprints non-toxic ink pad dog footprints souvenir,pet footprints baby paw print pad foot print mat pet handprints and footprints non-toxic ink pad dog footprints souvenir,pet footprints baby paw,0.0,996,3 sold,5,3.0,Conforto,Cachorro
"pet full size upright carpet cleaner, eliminate more than 90% of odor-causing bacteria, dual dirt lifter power brushes, orange","pet full size upright carpet cleaner, eliminate more than 90% of odor-causing bacteria, dual dirt lifter power brushes, orange",pet full size upright,0.0,30,0 sold,1,0.0,Higiene,Outros
pet garbage bag clip hands-free clip dog cleaning supplies dog poop bags dispenser dog products  dog poop bag holder,pet garbage bag clip hands-free clip dog cleaning supplies dog poop bags dispenser dog products  dog poop bag holder,pet garbage bag clip,4.6,607,43 sold,99,43.0,Higiene,Cachorro
pet grooming bath massage brush with soap and shampoo dispenser soft silicone bristle for long short haired dogs cats shower,pet grooming bath massage brush with soap and shampoo dispenser soft silicone bristle for long short haired dogs cats shower,pet grooming bath massage,4.4,38,152 sold,37,152.0,Higiene,Cachorro
pet hair removal brush dog hair comb stainless steel automatic hair fading cat comb pet cleaning grooming supplies,pet hair removal brush dog hair comb stainless steel automatic hair fading cat comb pet cleaning grooming supplies,pet hair removal brush,4.7,600,900+ sold,1284,900.0,Conforto,Cachorro
pet hair removal comb stainless steel pet grooming comb gently removes loose knotted hair dog cat cleaning beauty supplies,pet hair removal comb stainless steel pet grooming comb gently removes loose knotted hair dog cat cleaning beauty supplies,pet hair removal comb,4.9,58,268 sold,145,268.0,Higiene,Cachorro
pet hair removal knife dog brush grooming tools dogs lint shedding trimmer brushes cats hair shedding comb pet supplies,pet hair removal knife dog brush grooming tools dogs lint shedding trimmer brushes cats hair shedding comb pet supplies,pet hair removal knife,4.7,37,139 sold,144,139.0,Higiene,Cachorro
pet hair removel lint rollers cat dog cleaning remover  brush fur removing car clothing sofa carpets combs brushes,pet hair removel lint rollers cat dog cleaning remover  brush fur removing car clothing sofa carpets combs brushes,pet hair removel lint,4.9,46,129 sold,323,129.0,Conforto,Cachorro
pet hair remover dog brush cat comb animal grooming tools dogs accessories cat supplies stainless steel beauty massage comb,pet hair remover dog brush cat comb animal grooming tools dogs accessories cat supplies stainless steel beauty massage comb,pet hair remover dog,4.8,22,"1,000+ sold",3366,1000.0,Higiene,Cachorro
"pet hair remover for laundry, lint catcher, laundry catcher for washing machine, reusable dog hair remover for laundry","pet hair remover for laundry, lint catcher, laundry catcher for washing machine, reusable dog hair remover for laundry",pet hair remover for,0.0,333,56 sold,17,56.0,Outros,Cachorro
pet hair remover for puppy dog hairs brush cat grooming comb fur removal clipper tools animal pets supplies,pet hair remover for puppy dog hairs brush cat grooming comb fur removal clipper tools animal pets supplies,pet hair remover for,4.9,189,600+ sold,788,600.0,Higiene,Cachorro
pet hair remover fur removal animal hair brush for couch car carpet cleaning device pets dogs hair cleaning hair remover tool,pet hair remover fur removal animal hair brush for couch car carpet cleaning device pets dogs hair cleaning hair remover tool,pet hair remover fur,4.7,309,"1,000+ sold",1129,1000.0,Higiene,Cachorro
pet hanging beds cat perch window hammocks for indoor cats resting seat safety heavy duty suction cups breathable washable mesh,pet hanging beds cat perch window hammocks for indoor cats resting seat safety heavy duty suction cups breathable washable mesh,pet hanging beds cat,0.0,40212,0 sold,9,0.0,Conforto,Gato
pet hanging water dispenser non slip detachable leak-proof cat dog automatic water drinker for dog and cat supplies 1pc 2023,pet hanging water dispenser non slip detachable leak-proof cat dog automatic water drinker for dog and cat supplies 1pc 2023,pet hanging water dispenser,5.0,110,58 sold,23,58.0,Conforto,Cachorro
pet harness leash set breathable puppy cats vest chest strap for small dog walking supplies french bulldog chihuahua accessories,pet harness leash set breathable puppy cats vest chest strap for small dog walking supplies french bulldog chihuahua accessories,pet harness leash set,4.7,3193,24 sold,17,24.0,Acessórios,Cachorro
pet harnesses leash set cute bee dog cat harnesses soft adjustable outdoor walking anti-lost puppy cat leash pet supplies,pet harnesses leash set cute bee dog cat harnesses soft adjustable outdoor walking anti-lost puppy cat leash pet supplies,pet harnesses leash set,4.6,112,157 sold,179,157.0,Acessórios,Cachorro
pet heartbeat puppy behavioral training dog plush pet comfortable snuggle anxiety relief sleep aid doll durable drop ship,pet heartbeat puppy behavioral training dog plush pet comfortable snuggle anxiety relief sleep aid doll durable drop ship,pet heartbeat puppy behavioral,4.6,172,500+ sold,749,500.0,Brinquedos,Cachorro
pet ice silk mat dog mat summer cool mat cooling breathable cat cool mat cooling supplies small large dog pet mat,pet ice silk mat dog mat summer cool mat cooling breathable cat cool mat cooling supplies small large dog pet mat,pet ice silk mat,4.8,1536,21 sold,49,21.0,Conforto,Cachorro
pet interactive ball smart cat dog toys cat toy indoor automatic rolling magic ball cat electronic toy training self-moving game,pet interactive ball smart cat dog toys cat toy indoor automatic rolling magic ball cat electronic toy training self-moving game,pet interactive ball smart,4.5,368,600+ sold,236,600.0,Brinquedos,Cachorro
pet interactive mini electric bug cat toy cat escape obstacle automatic flip toy battery operated vibration pet beetle supplies,pet interactive mini electric bug cat toy cat escape obstacle automatic flip toy battery operated vibration pet beetle supplies,pet interactive mini electric,4.6,389,491 sold,118,491.0,Brinquedos,Gato
pet interactive mini electric bug cat toy kitten escape obstacle automatic flip toy battery operated vibration beetle supplies,pet interactive mini electric bug cat toy kitten escape obstacle automatic flip toy battery operated vibration beetle supplies,pet interactive mini electric,4.6,535,375 sold,507,375.0,Brinquedos,Gato
pet kennel cat kennel warm pet supplies dog bed pet bed pet mat dog kennel removable and washable round plush,pet kennel cat kennel warm pet supplies dog bed pet bed pet mat dog kennel removable and washable round plush,pet kennel cat kennel,0.0,14393,7 sold,13,7.0,Brinquedos,Cachorro
pet kennel dog mat dog bed pet supplies cat kennel dog kennel plush round winter warm mat,pet kennel dog mat dog bed pet supplies cat kennel dog kennel plush round winter warm mat,pet kennel dog mat,4.3,3568,21 sold,8,21.0,Brinquedos,Cachorro
pet large dog bed warm house candy-colored square nest pet kennel for small medium large dogs cat puppy plus size dog baskets,pet large dog bed warm house candy-colored square nest pet kennel for small medium large dogs cat puppy plus size dog baskets,pet large dog bed,0.0,92,15 sold,8,15.0,Conforto,Cachorro
pet leash automatic retractable dog walker adjustable leash pet supplies dog walking leash multi-color traction device,pet leash automatic retractable dog walker adjustable leash pet supplies dog walking leash multi-color traction device,pet leash automatic retractable,4.9,9947,39 sold,14,39.0,Acessórios,Cachorro
pet lick silicone mat for dogs pet slow food plate dog bathing distraction silicone dog sucker food training dog feeder supplies,pet lick silicone mat for dogs pet slow food plate dog bathing distraction silicone dog sucker food training dog feeder supplies,pet lick silicone mat,3.5999999999999996,71968,54 sold114 sold3 sold224 sold,177,395.0,Alimentação,Cachorro
pet massage comb cat dog hair removal brush puppy bath massage comb shedding tools dog grooming accessories pet supplies,pet massage comb cat dog hair removal brush puppy bath massage comb shedding tools dog grooming accessories pet supplies,pet massage comb cat,4.65,2616,266 sold188 sold,2478,454.0,Higiene,Cachorro
pet massage comb hair anti knotting stainless steel blade detachable dog cat hair comb brush grooming tools pet combs pet supply,pet massage comb hair anti knotting stainless steel blade detachable dog cat hair comb brush grooming tools pet combs pet supply,pet massage comb hair,5.0,48,14 sold,1,14.0,Higiene,Cachorro
pet medicine syringe tablet cat dog feeder medicine dispenser pill gun piller push dispenser injection needle container supplies,pet medicine syringe tablet cat dog feeder medicine dispenser pill gun piller push dispenser injection needle container supplies,pet medicine syringe tablet,4.9,59,363 sold,187,363.0,Alimentação,Cachorro
pet multifunction 2 in 1 clicker & whistle dog trainer clicker with keyring pet puppy trainer dog flute & clicker pet supplies,pet multifunction 2 in 1 clicker & whistle dog trainer clicker with keyring pet puppy trainer dog flute & clicker pet supplies,pet multifunction 2 in,4.6,299,"1,000+ sold",374,1000.0,Outros,Cachorro
pet needle combs with non-slip handle small medium dog hair brushes hair removal knotting comb grooming supplies for dogs cats,pet needle combs with non-slip handle small medium dog hair brushes hair removal knotting comb grooming supplies for dogs cats,pet needle combs with,4.45,302,104 sold25 sold,78,129.0,Higiene,Cachorro
pet night walking luminous pendant led teddy dog outgoing prevent getting lost ball glow collar pendant pet supplies,pet night walking luminous pendant led teddy dog outgoing prevent getting lost ball glow collar pendant pet supplies,pet night walking luminous,5.0,71,84 sold,21,84.0,Brinquedos,Cachorro
pet nylon leash supplies dog leash double hook traction rope running belt rope adjustable waist imitation stainless steel hook,pet nylon leash supplies dog leash double hook traction rope running belt rope adjustable waist imitation stainless steel hook,pet nylon leash supplies,4.9,261,113 sold,52,113.0,Acessórios,Cachorro
"pet oral teeth cleaning breath freshener spray,dogs mouth breath bad calculus pet supplies mouth removekitten fresh cats pr h9f1","pet oral teeth cleaning breath freshener spray,dogs mouth breath bad calculus pet supplies mouth removekitten fresh cats pr h9f1",pet oral teeth cleaning,0.0,92,1 sold,0,1.0,Higiene,Cachorro
pet party decoration set dog birthday triangle scarf hat bow tie dog birthday decoration suppliesdog supplies  для собак cat,pet party decoration set dog birthday triangle scarf hat bow tie dog birthday decoration suppliesdog supplies  для собак cat,pet party decoration set,5.0,100,26 sold,33,26.0,Outros,Cachorro
pet pets supplies canvas garbage bags poop bag dispenser portable dog poop waste bag holder outdoor puppy cat pick up organizer,pet pets supplies canvas garbage bags poop bag dispenser portable dog poop waste bag holder outdoor puppy cat pick up organizer,pet pets supplies canvas,4.9,14507,500+ sold,8684,500.0,Outros,Cachorro
pet pills applicator cats dogs syringe medicine feeder insect repellent supplies can clip pills cats and dogs pet water feeder,pet pills applicator cats dogs syringe medicine feeder insect repellent supplies can clip pills cats and dogs pet water feeder,pet pills applicator cats,4.75,52,900+ sold227 sold,828,1127.0,Alimentação,Cachorro
pet placemat cat dogs lick silicone mat slow food bowl with suction dog feeder supplies training pets bathing distraction,pet placemat cat dogs lick silicone mat slow food bowl with suction dog feeder supplies training pets bathing distraction,pet placemat cat dogs,4.4,5490,104 sold,61,104.0,Alimentação,Cachorro
pet placemat cat food mat dog bowl pad pet feeding mat prevent food and water spills pet supplies silicone easy to clean,pet placemat cat food mat dog bowl pad pet feeding mat prevent food and water spills pet supplies silicone easy to clean,pet placemat cat food,4.9,42,167 sold,188,167.0,Alimentação,Cachorro
pet placemat cat food pad dog bowl mat pet feeding mat prevent food and water spills pet supplies silicone easy to clean,pet placemat cat food pad dog bowl mat pet feeding mat prevent food and water spills pet supplies silicone easy to clean,pet placemat cat food,4.9,138,321 sold,287,321.0,Alimentação,Cachorro
pet placemat cat slow feeding mat dog lick mats silicone pets eating slowly food pad cats dogs feeding supplies,pet placemat cat slow feeding mat dog lick mats silicone pets eating slowly food pad cats dogs feeding supplies,pet placemat cat slow,2.4,7634,"107 sold4,000+ sold",5104,4107.0,Alimentação,Cachorro
pet placemat dog food bowl mat cat feed mat cat dog drinking feeding placemat silicone waterproof pet bowl pad feeder mats,pet placemat dog food bowl mat cat feed mat cat dog drinking feeding placemat silicone waterproof pet bowl pad feeder mats,pet placemat dog food,4.8,2323,"10,000+ sold",28208,10000.0,Alimentação,Cachorro
pet placemat dog food mat cat bowl pad puppy waterproof feeding mat prevent food water overflow silicone pet supplies,pet placemat dog food mat cat bowl pad puppy waterproof feeding mat prevent food water overflow silicone pet supplies,pet placemat dog food,4.9,46,321 sold,583,321.0,Alimentação,Cachorro
pet plush toy cat dog puzzle toy cute animals bite resistant interactive squeaky pet dog teeth cleaning chew toy pet supplies,pet plush toy cat dog puzzle toy cute animals bite resistant interactive squeaky pet dog teeth cleaning chew toy pet supplies,pet plush toy cat,4.8,686,"2,000+ sold240 sold700+ sold",3789,2940.0,Brinquedos,Cachorro
pet plush toy cat dog puzzle toy cute bite resistant interactive squeaky pet dog teeth cleaning chew toy pet supplies,pet plush toy cat dog puzzle toy cute bite resistant interactive squeaky pet dog teeth cleaning chew toy pet supplies,pet plush toy cat,4.9,10,345 sold,323,345.0,Brinquedos,Cachorro
pet plush toy cat dog voice octopus shell puzzle toy bite resistant interactive pet dog teeth cleaning chew toy pet supplies,pet plush toy cat dog voice octopus shell puzzle toy bite resistant interactive pet dog teeth cleaning chew toy pet supplies,pet plush toy cat,4.85,166,279 sold700+ sold,1935,979.0,Brinquedos,Cachorro
pet plush toy dog sound octopus animal shape toy interactive dog teeth clean chew toy pet supplies for small meduim large dog,pet plush toy dog sound octopus animal shape toy interactive dog teeth clean chew toy pet supplies for small meduim large dog,pet plush toy dog,4.9,510,700+ sold,1790,700.0,Brinquedos,Cachorro
pet plush toy dog squeaky hippocampus shell puzzle toy bite resistant interactive pet dog teeth cleaning chew toy supplies,pet plush toy dog squeaky hippocampus shell puzzle toy bite resistant interactive pet dog teeth cleaning chew toy supplies,pet plush toy dog,5.0,13,41 sold,31,41.0,Brinquedos,Cachorro
pet plush toys animal shape chew toys whistle funny interactive teeth cleaning toys supplies,"juguetes de peluche con forma de animal para mascotas, juguetes para masticar, silbido, divertido, interactivo, limpieza de dientes, suministros",pet plush toys animal,0.0,13,2 Vendidos,2,2.0,Brinquedos,Outros
"pet plush toys, sound making, crocodile teeth grinding, bite resistant, cute cartoon dog toy, pet accessories","haustier plüschtiere, sound making, krokodil zähne schleifen, biss beständig, niedlichen cartoon hundes pielzeug, haustier zubehör","pet plush toys, sound",5.0,4,20 verkauft,9,20.0,Brinquedos,Cachorro
pet poop bag canvas garbage bags dispenser portable dog poop waste bag holder outdoor puppy cat outdoor pick up pets supplies,pet poop bag canvas garbage bags dispenser portable dog poop waste bag holder outdoor puppy cat outdoor pick up pets supplies,pet poop bag canvas,4.7,262,221 sold,171,221.0,Outros,Cachorro
pet poop bag pets supplies canvas garbage bags dispenser portable dog poop waste bag holder outdoor puppy cat outdoor pick up,pet poop bag pets supplies canvas garbage bags dispenser portable dog poop waste bag holder outdoor puppy cat outdoor pick up,pet poop bag pets,4.9,87737,167 sold37 sold,372,204.0,Outros,Cachorro
pet poop bags disposable dog waste bags bulk poop bags with leash clip and bone bag dispenser 5roll(75pcs) bags with paw prints,pet poop bags disposable dog waste bags bulk poop bags with leash clip and bone bag dispenser 5roll(75pcs) bags with paw prints,pet poop bags disposable,4.9,2072,219 sold,27,219.0,Acessórios,Cachorro
"pet poop bags disposable dog waste bags, bulk poop bags with leash clip and bone bag dispenser 5roll(75pcs) bags with paw prints","pet poop bags disposable dog waste bags, bulk poop bags with leash clip and bone bag dispenser 5roll(75pcs) bags with paw prints",pet poop bags disposable,4.7,2627,"5,000+ sold",2311,5000.0,Acessórios,Cachorro
pet poop picker pet dog long handle pet pooper scooper dogs cats poop scoop up clean  waste cleaning tools pet supplies 45cm,pet poop picker pet dog long handle pet pooper scooper dogs cats poop scoop up clean  waste cleaning tools pet supplies 45cm,pet poop picker pet,0.0,19,13 sold,5,13.0,Higiene,Cachorro
pet portable dog training waist bag dog treat pouch with drawstring puppy dogs obedience agility reward food storage,pet portable dog training waist bag dog treat pouch with drawstring puppy dogs obedience agility reward food storage,pet portable dog training,0.0,50,7 sold,11,7.0,Alimentação,Cachorro
pet products thermo-pet cave heated cat bed,pet products thermo-pet cave heated cat bed,pet products thermo-pet cave,0.0,120,0 sold,2,0.0,Conforto,Gato
"pet products, puppy, teddy plush, circular toy, cute teeth grinding, puzzle cleaning","pet products, puppy, teddy plush, circular toy, cute teeth grinding, puzzle cleaning","pet products, puppy, teddy",4.7,128,143 sold,60,143.0,Brinquedos,Cachorro
pet puppy cat elizabeth circle flower e-collar recovery cone adjustable neck recover collar pet protection collar for pet s/m/l,pet puppy cat elizabeth circle flower e-collar recovery cone adjustable neck recover collar pet protection collar for pet s/m/l,pet puppy cat elizabeth,4.5,44,41 sold,146,41.0,Acessórios,Cachorro
pet puppy cat pick up poop bag dispenser portable dog poop waste bag holder outdoor pets supplies garbage bags organizer,pet puppy cat pick up poop bag dispenser portable dog poop waste bag holder outdoor pets supplies garbage bags organizer,pet puppy cat pick,4.8,19,88 sold,51,88.0,Outros,Cachorro
pet puppy dog harnesses leash set bee animals shape dog cat harnesses soft adjustable outdoor walking anti-lost pet supplies,pet puppy dog harnesses leash set bee animals shape dog cat harnesses soft adjustable outdoor walking anti-lost pet supplies,pet puppy dog harnesses,4.8,158,86 sold,68,86.0,Acessórios,Cachorro
pet puzzle toys slow food feeding interactive plate bowl non-slip anti-choking dog cat bowl iq training pets supplies,pet puzzle toys slow food feeding interactive plate bowl non-slip anti-choking dog cat bowl iq training pets supplies,pet puzzle toys slow,4.8,2180,186 sold,281,186.0,Brinquedos,Cachorro
pet reflective pet chest strap suede breathable dog harness adjustable pet chest strap for pet outdoor walking dog accessories,pet reflective pet chest strap suede breathable dog harness adjustable pet chest strap for pet outdoor walking dog accessories,pet reflective pet chest,4.0,15,7 sold,3,7.0,Acessórios,Cachorro
"pet screen door magnetic self-closing small dogs and cats door with locking function for screen door, window and porch","pet screen door magnetic self-closing small dogs and cats door with locking function for screen door, window and porch",pet screen door magnetic,4.9,27,85 sold,118,85.0,Outros,Cachorro
pet selfie stick for dogs cat photography tools pet interaction toys concentrate training supplies dog accessories drop shipping,pet selfie stick for dogs cat photography tools pet interaction toys concentrate training supplies dog accessories drop shipping,pet selfie stick for,4.4,197,51 sold,180,51.0,Brinquedos,Cachorro
pet sleeping pad thickened autumn and winter warm floor mat cat dog universal blanket pad pet supplies,pet sleeping pad thickened autumn and winter warm floor mat cat dog universal blanket pad pet supplies,pet sleeping pad thickened,4.5,16442,"1,000+ sold",1105,1000.0,Conforto,Cachorro
pet slow food bowl anti-choking feeder pp plastic dish bowl home dog eating plate anti-gulping feeding supplies,pet slow food bowl anti-choking feeder pp plastic dish bowl home dog eating plate anti-gulping feeding supplies,pet slow food bowl,4.8,189,"1,000+ sold",1350,1000.0,Alimentação,Cachorro
pet slow food bowl dog and cat anti-choking feeder outdoor travel portable foldable tpe bowls anti-gulping feeding pets supplies,pet slow food bowl dog and cat anti-choking feeder outdoor travel portable foldable tpe bowls anti-gulping feeding pets supplies,pet slow food bowl,4.9,68,112 sold,70,112.0,Alimentação,Cachorro
pet sofa beds soft long plush dog kennel winter home supplies washable warm cat sleeping mat,pet sofa beds soft long plush dog kennel winter home supplies washable warm cat sleeping mat,pet sofa beds soft,4.0,43,57 sold,360,57.0,Brinquedos,Cachorro
pet special cleaning pet wipes for cats and dogs special no-wash cleaning body parts deodorant wipes pet cleaning wipes,pet special cleaning pet wipes for cats and dogs special no-wash cleaning body parts deodorant wipes pet cleaning wipes,pet special cleaning pet,0.0,2,10 sold,7,10.0,Higiene,Cachorro
pet squeaky toys cute chicken dog chewing rubber toy cleaning tooth dog chew toy for dogs bite resistant sounder pet supplies,pet squeaky toys cute chicken dog chewing rubber toy cleaning tooth dog chew toy for dogs bite resistant sounder pet supplies,pet squeaky toys cute,4.6,931,59 sold,14,59.0,Brinquedos,Cachorro
pet squeaky toys pet ball toys dog chewing rubber ball cleaning tooth dog chew toy for dogs bite resistant sounder pet supplies,pet squeaky toys pet ball toys dog chewing rubber ball cleaning tooth dog chew toy for dogs bite resistant sounder pet supplies,pet squeaky toys pet,4.5,94,245 sold,60,245.0,Brinquedos,Cachorro
pet stairs cat dog stairs 2/3 steps ramp sofa puppy old dogs non-slip removable ladder climbing aid high couch bed pet supplies,pet stairs cat dog stairs 2/3 steps ramp sofa puppy old dogs non-slip removable ladder climbing aid high couch bed pet supplies,pet stairs cat dog,4.9,208,155 sold,195,155.0,Conforto,Cachorro
pet steam brush cat dog cleaning steamy spray massage beauty comb 3 in 1 hair removal grooming supplies pets accessories,pet steam brush cat dog cleaning steamy spray massage beauty comb 3 in 1 hair removal grooming supplies pets accessories,pet steam brush cat,4.866666666666667,4234,"4,000+ sold332 sold4 sold",3578,4336.0,Higiene,Cachorro
pet stuffed doll toy squeak dogs plush article teeth bite interactive puppy training behavior chew game indestructible supplies,pet stuffed doll toy squeak dogs plush article teeth bite interactive puppy training behavior chew game indestructible supplies,pet stuffed doll toy,4.7,1546,122 sold,91,122.0,Brinquedos,Cachorro
pet supplies 10-100rolls dog poop bags for waste refuse cleanup doggy roll replacements for outdoor puppy walking and travel,pet supplies 10-100rolls dog poop bags for waste refuse cleanup doggy roll replacements for outdoor puppy walking and travel,pet supplies 10-100rolls dog,5.0,6973,49 sold,43,49.0,Higiene,Cachorro
pet supplies bottom suction cup non-slip slow food mat dog slow food mat cat silicone choking utensil snowflake shape,pet supplies bottom suction cup non-slip slow food mat dog slow food mat cat silicone choking utensil snowflake shape,pet supplies bottom suction,4.4,15,70 sold,180,70.0,Alimentação,Cachorro
pet supplies bow-tie bowknot cats food bowl pp base dog bowl stainless steel double pet accessories feeding drinking double bowl,pet supplies bow-tie bowknot cats food bowl pp base dog bowl stainless steel double pet accessories feeding drinking double bowl,pet supplies bow-tie bowknot,4.9,156,215 sold,317,215.0,Alimentação,Cachorro
pet supplies bowl ceramics double food water bowls with wood stand no spill large feeder dish for dogs cats feeding puppy,pet supplies bowl ceramics double food water bowls with wood stand no spill large feeder dish for dogs cats feeding puppy,pet supplies bowl ceramics,5.0,29590,47 sold,106,47.0,Alimentação,Cachorro
pet supplies car seat belt dog seat belt dog leash vehicle belt adjustable cushioning elastic reflective safety rope for dog cat,pet supplies car seat belt dog seat belt dog leash vehicle belt adjustable cushioning elastic reflective safety rope for dog cat,pet supplies car seat,5.0,73,66 sold,47,66.0,Acessórios,Cachorro
pet supplies cat backpack transparent expandable backpack portable backpack dog breathable large capacity space capsule bag,pet supplies cat backpack transparent expandable backpack portable backpack dog breathable large capacity space capsule bag,pet supplies cat backpack,5.0,948,32 sold,459,32.0,Outros,Cachorro
pet supplies cat food bowl raised pet puppy feeder drinking bowl stainless steel cat water feeding dish pet eating dishes,pet supplies cat food bowl raised pet puppy feeder drinking bowl stainless steel cat water feeding dish pet eating dishes,pet supplies cat food,4.8,2706,362 sold,807,362.0,Alimentação,Cachorro
pet supplies cat play tunnel tube collapsible hamster house tunnel for pet gerbil rat small animals,pet supplies cat play tunnel tube collapsible hamster house tunnel for pet gerbil rat small animals,pet supplies cat play,4.9,101,413 sold,263,413.0,Outros,Gato
pet supplies cat water bowl dog drinking bowl pet floating cat bowl splash-proof  transparent large capacity 2l water dispenser,pet supplies cat water bowl dog drinking bowl pet floating cat bowl splash-proof  transparent large capacity 2l water dispenser,pet supplies cat water,0.0,11979,27 sold,14,27.0,Alimentação,Cachorro
"pet supplies color slow feeder cat bowl anti-choking plastic dog puzzle food bowl, dog water basin for anxiety relief","pet supplies color slow feeder cat bowl anti-choking plastic dog puzzle food bowl, dog water basin for anxiety relief",pet supplies color slow,4.6,126,120 sold,96,120.0,Alimentação,Cachorro
pet supplies dog cat anti choking feeding food bowls puppy slow down eating feeder dish prevent obesity new product variety,pet supplies dog cat anti choking feeding food bowls puppy slow down eating feeder dish prevent obesity new product variety,pet supplies dog cat,4.75,50,30 sold88 sold,698,118.0,Alimentação,Cachorro
pet supplies dog cat food pail plastic storage tank with measuring cup container moisture-proof sealed jar accessories,pet supplies dog cat food pail plastic storage tank with measuring cup container moisture-proof sealed jar accessories,pet supplies dog cat,0.0,265,7 sold,7,7.0,Alimentação,Cachorro
pet supplies dog cat lick pad square round sucker slow food pad shower distraction pad silicone lick pad slow food tray,pet supplies dog cat lick pad square round sucker slow food pad shower distraction pad silicone lick pad slow food tray,pet supplies dog cat,4.9,35,69 sold,1026,69.0,Alimentação,Cachorro
pet supplies dog cat travel water bottle portable dog water bottle drinking water feeder for dog cat outdoor water bowl bottle,pet supplies dog cat travel water bottle portable dog water bottle drinking water feeder for dog cat outdoor water bowl bottle,pet supplies dog cat,3.8,53,41 sold,44,41.0,Alimentação,Cachorro
pet supplies dog collar alloy buckle dog chain cat necklace size adjustable for small and medium-sized dog collars dog supplies,pet supplies dog collar alloy buckle dog chain cat necklace size adjustable for small and medium-sized dog collars dog supplies,pet supplies dog collar,4.775,1444,490 sold307 sold61 sold56 sold,5470,914.0,Acessórios,Cachorro
pet supplies dog poop bags for waste refuse cleanup 10-50roll(15 bag/ roll)puppy cat pooper scooper bag rolls outdoor clean,pet supplies dog poop bags for waste refuse cleanup 10-50roll(15 bag/ roll)puppy cat pooper scooper bag rolls outdoor clean,pet supplies dog poop,4.9,46960,"3,000+ sold",2645,3000.0,Higiene,Cachorro
pet supplies dog silicone distracted licking food pad cat slow food bowl sucker placemat pet anti-slip anti-choking eating gear,pet supplies dog silicone distracted licking food pad cat slow food bowl sucker placemat pet anti-slip anti-choking eating gear,pet supplies dog silicone,4.9,63,70 sold,169,70.0,Alimentação,Cachorro
pet supplies good quality soilless hydroponic growing cup lazy planting cup hydroponic cultivation cat care products,pet supplies good quality soilless hydroponic growing cup lazy planting cup hydroponic cultivation cat care products,pet supplies good quality,4.7,28,36 sold,71,36.0,Outros,Gato
pet supplies mice animal sound cats toys mice for cats gatos interactive toys mouse products gatos productos pet products,pet supplies mice animal sound cats toys mice for cats gatos interactive toys mouse products gatos productos pet products,pet supplies mice animal,4.8,224,149 sold,21,149.0,Brinquedos,Gato
pet supplies nylon printing washable duck diaper chicken goose adjustable nappy clothes bowknot design with elastic band,pet supplies nylon printing washable duck diaper chicken goose adjustable nappy clothes bowknot design with elastic band,pet supplies nylon printing,3.3,169,53 sold,32,53.0,Acessórios,Outros
pet supplies silicone dog bowl mat with high lips non-stick waterproof food feeding pad puppy feeder tray water cushion placemat,pet supplies silicone dog bowl mat with high lips non-stick waterproof food feeding pad puppy feeder tray water cushion placemat,pet supplies silicone dog,4.75,74,119 sold36 sold,153,155.0,Alimentação,Cachorro
pet supplies silicone licking mat cat slow feeder with suction cup slow feeding pad dog licking pad anxiety-relieving utensils,pet supplies silicone licking mat cat slow feeder with suction cup slow feeding pad dog licking pad anxiety-relieving utensils,pet supplies silicone licking,5.0,13,22 sold,44,22.0,Alimentação,Cachorro
pet supplies silicone pet licking mat cat anti-choking with slow food bowl puppy bath distracted licking plate cutlery,pet supplies silicone pet licking mat cat anti-choking with slow food bowl puppy bath distracted licking plate cutlery,pet supplies silicone pet,5.0,60,179 sold,180,179.0,Alimentação,Cachorro
pet supplies silicone slow food bucket cat distraction licking pad dog slow food anti choking bowl,pet supplies silicone slow food bucket cat distraction licking pad dog slow food anti choking bowl,pet supplies silicone slow,5.0,101,55 sold,84,55.0,Alimentação,Cachorro
pet supplies slow food  bowl cat anti-knockover anti-slip food bowl puppy anti-choking silicone toy food plate,pet supplies slow food  bowl cat anti-knockover anti-slip food bowl puppy anti-choking silicone toy food plate,pet supplies slow food,4.8,270,600+ sold,1795,600.0,Brinquedos,Cachorro
pet supplies small dog ladder bed outside ramp step for stairs 2/3 steps dog stairs hot selling pet steps small cat house ramp,pet supplies small dog ladder bed outside ramp step for stairs 2/3 steps dog stairs hot selling pet steps small cat house ramp,pet supplies small dog,4.5,229,36 sold,46,36.0,Conforto,Cachorro
"pet supplies small pillow, soft universal pillow for cats and dogs, u-shaped cervical vertebra pet toy","pet supplies small pillow, soft universal pillow for cats and dogs, u-shaped cervical vertebra pet toy","pet supplies small pillow,",0.0,11,4 sold,1,4.0,Brinquedos,Cachorro
pet supplies teeth shedding hair flea lice removal brush stainlesssteel comb deworming opening knots dog cat grooming comb,pet supplies teeth shedding hair flea lice removal brush stainlesssteel comb deworming opening knots dog cat grooming comb,pet supplies teeth shedding,4.8,68,282 sold,217,282.0,Higiene,Cachorro
pet teddy bear soundmaking toy plush interactive dog toys grinding cleaning teeth anti bite abreact plaything bear pets supplies,pet teddy bear soundmaking toy plush interactive dog toys grinding cleaning teeth anti bite abreact plaything bear pets supplies,pet teddy bear soundmaking,4.5,207,900+ sold,411,900.0,Brinquedos,Cachorro
pet tent bed cats house supplies products accessories warm cushions furniture sofa basket beds winter clamshell kitten tents cat,pet tent bed cats house supplies products accessories warm cushions furniture sofa basket beds winter clamshell kitten tents cat,pet tent bed cats,4.8,893,"3,000+ sold",11483,3000.0,Conforto,Gato
pet throwing stick dog hand throwing ball toys tennis ball launcher pole outdoor activities dogs training toys pet supplies,pet throwing stick dog hand throwing ball toys tennis ball launcher pole outdoor activities dogs training toys pet supplies,pet throwing stick dog,5.0,32,46 sold,6,46.0,Brinquedos,Cachorro
pet tick removal stainless steel tweezers flea remover hook rustproof tick puller mite flea extractor pet grooming supplies,pet tick removal stainless steel tweezers flea remover hook rustproof tick puller mite flea extractor pet grooming supplies,pet tick removal stainless,5.0,100,15 sold,6,15.0,Higiene,Outros
pet toilet small dog and dog urine cleaning supplies cat and dog pet bedpan tray cat shampoo bedpan pet cleaning supplies,pet toilet small dog and dog urine cleaning supplies cat and dog pet bedpan tray cat shampoo bedpan pet cleaning supplies,pet toilet small dog,3.0,11,10 sold,13,10.0,Conforto,Cachorro
"pet tooth cleansing finger set for cleaning teeth: dog brushes, cleanses teeth, eliminates bad breath, cat mouth cleansing wipes","pet tooth cleansing finger set for cleaning teeth: dog brushes, cleanses teeth, eliminates bad breath, cat mouth cleansing wipes",pet tooth cleansing finger,5.0,99,11 sold,7,11.0,Higiene,Cachorro
pet toothbrush round head remove bad breath tartar teeth care soft brush dog cat oral cleaning tool small pets cleaning supplies,pet toothbrush round head remove bad breath tartar teeth care soft brush dog cat oral cleaning tool small pets cleaning supplies,pet toothbrush round head,5.0,4,48 sold,18,48.0,Higiene,Cachorro
pet toothbrush set pet supplies dog toothpaste toothbrush oral care set for cats and dogs vanilla beef finger toothbrush set c05,pet toothbrush set pet supplies dog toothpaste toothbrush oral care set for cats and dogs vanilla beef finger toothbrush set c05,pet toothbrush set pet,4.4,159910,46 sold,79,46.0,Higiene,Cachorro
pet toothbrush stick dog toy for medium large dog interactive bone chew toys bite resistant teeth clean labrador beagle supplies,pet toothbrush stick dog toy for medium large dog interactive bone chew toys bite resistant teeth clean labrador beagle supplies,pet toothbrush stick dog,0.0,153,3 sold,2,3.0,Brinquedos,Cachorro
pet toy cute pink pig squeeze squeaky sound soft rubber mini toy chew interactive games training funny toy pet supplies 10pcs,pet toy cute pink pig squeeze squeaky sound soft rubber mini toy chew interactive games training funny toy pet supplies 10pcs,pet toy cute pink,5.0,220,121 sold,426,121.0,Brinquedos,Outros
pet toy dog teething stick leaky food molar stick dogs clean care oral toothbrush pet training gnawing  interactive supplies,pet toy dog teething stick leaky food molar stick dogs clean care oral toothbrush pet training gnawing  interactive supplies,pet toy dog teething,5.0,2016,34 sold,15,34.0,Brinquedos,Cachorro
pet toy food leakage tumbler feeder treat ball cute little mouse toys interactive toy for cat food slow feeding supplies,pet toy food leakage tumbler feeder treat ball cute little mouse toys interactive toy for cat food slow feeding supplies,pet toy food leakage,4.4,23,88 sold,79,88.0,Brinquedos,Gato
pet toy interactive cat toys funny cat stick spring rope ball plush toy interactive play training toys cats supplies,pet toy interactive cat toys funny cat stick spring rope ball plush toy interactive play training toys cats supplies,pet toy interactive cat,4.8,184,306 sold,271,306.0,Brinquedos,Gato
pet toy plush sounding pentagram toy pet playing fun dog toys cat toys pet supplies,pet toy plush sounding pentagram toy pet playing fun dog toys cat toys pet supplies,pet toy plush sounding,4.9,327,134 sold,61,134.0,Brinquedos,Cachorro
pet toy ring cleaning teeth bones dogs bones toys for pet puppy supplies pets chewing toy snack food treats,pet toy ring cleaning teeth bones dogs bones toys for pet puppy supplies pets chewing toy snack food treats,pet toy ring cleaning,4.9,18,92 sold,284,92.0,Brinquedos,Cachorro
pet toy rustle sound catnip toy cat supplies pet cute cat toys kitten teeth grinding cat plush thumb pillow pet products gatos,pet toy rustle sound catnip toy cat supplies pet cute cat toys kitten teeth grinding cat plush thumb pillow pet products gatos,pet toy rustle sound,4.8,114,364 sold,63,364.0,Brinquedos,Gato
pet toy set cat toy set with catmint kitten plush catnip toy with scent cat mini catnip chewing toy teeth grinding pet supplies,pet toy set cat toy set with catmint kitten plush catnip toy with scent cat mini catnip chewing toy teeth grinding pet supplies,pet toy set cat,4.8,522,500+ sold,505,500.0,Brinquedos,Gato
pet toys for small dogs rubber pacifier ring shape bite resistant dog toy puppy teeth cleaning chew training toys pet supplies,pet toys for small dogs rubber pacifier ring shape bite resistant dog toy puppy teeth cleaning chew training toys pet supplies,pet toys for small,4.8,39872,55 sold,78,55.0,Brinquedos,Cachorro
pet toys for small dogs rubber resistance to bite dog toy teeth cleaning chew training toys pet supplies puppy dogs,pet toys for small dogs rubber resistance to bite dog toy teeth cleaning chew training toys pet supplies puppy dogs,pet toys for small,4.6,59,349 sold,159,349.0,Brinquedos,Cachorro
pet toys plush soundmaking dog supplies durable and bite resistant fox and squirrel pet toys,pet toys plush soundmaking dog supplies durable and bite resistant fox and squirrel pet toys,pet toys plush soundmaking,4.6,3028,177 sold,101,177.0,Brinquedos,Cachorro
pet toys plush squeaky toy bite-resistant clean dog chew puppy training toy soft banana bone vegetable fruit pet supplies,pet toys plush squeaky toy bite-resistant clean dog chew puppy training toy soft banana bone vegetable fruit pet supplies,pet toys plush squeaky,5.0,118,28 sold,47,28.0,Brinquedos,Cachorro
pet toys sensory balls for dog textured hand touch ball soft massage ball pet supplies dog accessories dog bite resistant toy,pet toys sensory balls for dog textured hand touch ball soft massage ball pet supplies dog accessories dog bite resistant toy,pet toys sensory balls,4.4,78,700+ sold,800,700.0,Brinquedos,Cachorro
pet toys vocal cute cartoon toys anti-bite teething latex toys pet rubber puppy anti-bite interactive toys pet supplies,pet toys vocal cute cartoon toys anti-bite teething latex toys pet rubber puppy anti-bite interactive toys pet supplies,pet toys vocal cute,0.0,26,2 sold,0,2.0,Brinquedos,Cachorro
pet traction belt dog chain chest belt small and medium-sized dog dynamic rope pet traction supplies,pet traction belt dog chain chest belt small and medium-sized dog dynamic rope pet traction supplies,pet traction belt dog,4.4,10025,49 sold,63,49.0,Outros,Cachorro
pet training clicker professional grooming tools dog trainer obedience agility tool wrist strap animal supplies,pet training clicker professional grooming tools dog trainer obedience agility tool wrist strap animal supplies,pet training clicker professional,0.0,100,17 sold,9,17.0,Conforto,Cachorro
pet training supplies click sound clicker dog supplies training sounder clicker sound guide durable training clicker for dog,pet training supplies click sound clicker dog supplies training sounder clicker sound guide durable training clicker for dog,pet training supplies click,4.9,56,87 sold,46,87.0,Outros,Cachorro
pet treat balls with rope interactive dog rubber leaking balls toy for small large dogs chewing bite resistant toys pet supplies,pet treat balls with rope interactive dog rubber leaking balls toy for small large dogs chewing bite resistant toys pet supplies,pet treat balls with,4.8,193,600+ sold,330,600.0,Brinquedos,Cachorro
pet two-ended traction rope one drag two traction rope dog chain dog rope anti-winding night reflective dog walking pet supplies,pet two-ended traction rope one drag two traction rope dog chain dog rope anti-winding night reflective dog walking pet supplies,pet two-ended traction rope,4.6,42,241 sold,131,241.0,Outros,Cachorro
pet waste bag dispenser for dog waste bag holder plastic garbage bag dispenser carrier case dog pet 1 roll waste poop bags,pet waste bag dispenser for dog waste bag holder plastic garbage bag dispenser carrier case dog pet 1 roll waste poop bags,pet waste bag dispenser,4.5,136,81 sold,34,81.0,Outros,Cachorro
pet waste picker travel outdoor poop spoon cleaning pickup removal jig cleaning tools pet cleaning supplies,pet waste picker travel outdoor poop spoon cleaning pickup removal jig cleaning tools pet cleaning supplies,pet waste picker travel,5.0,28,23 sold,81,23.0,Higiene,Pássaro
pet wrap tape anti-dirty paw bandage adhesive elastic bandages self adhesive protective foot breathable tape classic dog supply,pet wrap tape anti-dirty paw bandage adhesive elastic bandages self adhesive protective foot breathable tape classic dog supply,pet wrap tape anti-dirty,5.0,33,37 sold,26,37.0,Outros,Cachorro
petkit pet automatic feeder filter cat water fountain 5pcs filter 3.0 cat health water fountain replacement filters pet supplies,petkit pet automatic feeder filter cat water fountain 5pcs filter 3.0 cat health water fountain replacement filters pet supplies,petkit pet automatic feeder,4.4,59,373 sold,199,373.0,Alimentação,Gato
petkit portable pet dog waste poop bags dispenser leash clip&biodegradable waste bags for outdoor walking handle dog accessories,petkit portable pet dog waste poop bags dispenser leash clip&biodegradable waste bags for outdoor walking handle dog accessories,petkit portable pet dog,4.9,5,43 sold,69,43.0,Acessórios,Cachorro
petkit smart feeder desiccant for cat dog pets smart automatic feeder cat bowl dog automatic feeder desiccant pet supplies,petkit smart feeder desiccant for cat dog pets smart automatic feeder cat bowl dog automatic feeder desiccant pet supplies,petkit smart feeder desiccant,5.0,964,45 sold,15,45.0,Alimentação,Cachorro
pets dog chew stuffed funny dinosaur shape cats corn wool vocal toy apply to training exercise simulation animal chihuahua toys,pets dog chew stuffed funny dinosaur shape cats corn wool vocal toy apply to training exercise simulation animal chihuahua toys,pets dog chew stuffed,4.8,109,700+ sold,455,700.0,Brinquedos,Cachorro
pets dog toys screaming chicken sound toy puppy bite resistant chew toy interactive squeaky dog toy puppy dog accessories,pets dog toys screaming chicken sound toy puppy bite resistant chew toy interactive squeaky dog toy puppy dog accessories,pets dog toys screaming,4.699999999999999,78,327 sold441 sold,432,768.0,Brinquedos,Cachorro
pets dog wart remover natural painless animal warts eliminate warts skin liquid pet care moles cleaning supplies treatment e8p5,pets dog wart remover natural painless animal warts eliminate warts skin liquid pet care moles cleaning supplies treatment e8p5,pets dog wart remover,0.0,73,5 sold,1,5.0,Alimentação,Cachorro
pets stainless steel grooming brush two-sided shedding and dematting undercoat rake comb for dog cat remove knots tangles easily,pets stainless steel grooming brush two-sided shedding and dematting undercoat rake comb for dog cat remove knots tangles easily,pets stainless steel grooming,4.8,449,"1,000+ sold",2464,1000.0,Conforto,Cachorro
pets supplies canvas garbage bags poop bag dispenser portable dog poop waste bag holder outdoor puppy cat pick up organizer,pets supplies canvas garbage bags poop bag dispenser portable dog poop waste bag holder outdoor puppy cat pick up organizer,pets supplies canvas garbage,4.8,328,220 sold,156,220.0,Outros,Cachorro
pets tartar control kit for dogs contains toothpaste toothbrush and fingerbrush 4-piece dental care kit for pet teeth cleaning,pets tartar control kit for dogs contains toothpaste toothbrush and fingerbrush 4-piece dental care kit for pet teeth cleaning,pets tartar control kit,5.0,40,294 sold,144,294.0,Higiene,Cachorro
"petsafe 2 gallon automatic water fountain for cats, dogs - with pump, filter, dishwasher safe","petsafe 2 gallon automatic water fountain for cats, dogs - with pump, filter, dishwasher safe",petsafe 2 gallon automatic,0.0,300,0 sold,0,0.0,Conforto,Cachorro
pink purple corduroy dog collar and leash set for dogs custom engraved nameplate pet supplies dog leash corduroy10,pink purple corduroy dog collar and leash set for dogs custom engraved nameplate pet supplies dog leash corduroy10,pink purple corduroy dog,5.0,27440,53 sold,444,53.0,Acessórios,Cachorro
plastic cat litter scoop pet care sand waste scooper shovel hollow cleaning tool hollow style lightweight durable easy to clean,plastic cat litter scoop pet care sand waste scooper shovel hollow cleaning tool hollow style lightweight durable easy to clean,plastic cat litter scoop,4.7,61,135 sold,47,135.0,Higiene,Gato
plastic catnip ball natural safe catnip balls toy with transparent cover cats catnip balls toy rotatable for pet treats supplies,plastic catnip ball natural safe catnip balls toy with transparent cover cats catnip balls toy rotatable for pet treats supplies,plastic catnip ball natural,4.7,105,81 sold,74,81.0,Brinquedos,Gato
plush ball cat dog toy rainbow bell ball pet supplies mute ball christmas catnip ball interactive cat toy cat plush cat stuff,plush ball cat dog toy rainbow bell ball pet supplies mute ball christmas catnip ball interactive cat toy cat plush cat stuff,plush ball cat dog,5.0,7,60 sold,81,60.0,Brinquedos,Cachorro
plush cartoon puppy dog toy pet dog chew squeak toys for small dogs teeth grinding pet products dog accessories,plush cartoon puppy dog toy pet dog chew squeak toys for small dogs teeth grinding pet products dog accessories,plush cartoon puppy dog,4.6,437,"2,000+ sold",1333,2000.0,Brinquedos,Cachorro
plush dog bed mat cat beds with zipper remolvable pet mattress for dog sleeping mat washable warmth preservation pet bed sofa,plush dog bed mat cat beds with zipper remolvable pet mattress for dog sleeping mat washable warmth preservation pet bed sofa,plush dog bed mat,4.7,141,17 sold,43,17.0,Brinquedos,Cachorro
plush dog chew toys funny bone squeaky interactive dogs toy for pets teeth cleaning supplies,plush dog chew toys funny bone squeaky interactive dogs toy for pets teeth cleaning supplies,plush dog chew toys,4.7,12,22 sold,10,22.0,Brinquedos,Cachorro
plush dog toy animals shape bite resistant squeaky toys corduroy dog toys for small large dogs puppy pets training accessories,plush dog toy animals shape bite resistant squeaky toys corduroy dog toys for small large dogs puppy pets training accessories,plush dog toy animals,4.8,11547,"2,000+ sold",5836,2000.0,Brinquedos,Cachorro
plush dog toy dinosaur shaped interactive squeaky toys for small large pets tooth cleaning chew toy  accessories,plush dog toy dinosaur shaped interactive squeaky toys for small large pets tooth cleaning chew toy  accessories,plush dog toy dinosaur,4.6,44,263 sold,95,263.0,Brinquedos,Cachorro
plush dog toy tropical sea series squid/seahorse/shark/ crab soft squeaky toys small large dogs puppy pets training accessories,plush dog toy tropical sea series squid/seahorse/shark/ crab soft squeaky toys small large dogs puppy pets training accessories,plush dog toy tropical,4.9,142,94 sold,296,94.0,Brinquedos,Cachorro
plush dog toys carrot pulling interactive training toys for small medium dogs cats bite resistant puppy chew toy pet supplies,plush dog toys carrot pulling interactive training toys for small medium dogs cats bite resistant puppy chew toy pet supplies,plush dog toys carrot,4.2,229,"1,000+ sold",1304,1000.0,Brinquedos,Cachorro
plush dog toys for small large pets donkey shaped squeaky  bite resistant chew toy dog ropes molar teeth cleaning supplies,plush dog toys for small large pets donkey shaped squeaky  bite resistant chew toy dog ropes molar teeth cleaning supplies,plush dog toys for,4.9,37,140 sold,48,140.0,Brinquedos,Cachorro
plush dog toys interactive squeaky durable stuffed cotton rope pet puppy toys teeth cleaning embroidery parrot pet supplies,plush dog toys interactive squeaky durable stuffed cotton rope pet puppy toys teeth cleaning embroidery parrot pet supplies,plush dog toys interactive,5.0,27,88 sold,47,88.0,Brinquedos,Cachorro
plush dog vocal toy ball funny interactive pet toys with bells cleaning tooth chew toy for small large dogs cats puppy plaything,plush dog vocal toy ball funny interactive pet toys with bells cleaning tooth chew toy for small large dogs cats puppy plaything,plush dog vocal toy,4.85,9,283 sold322 sold,218,605.0,Brinquedos,Cachorro
plush mouse cat toy soft long-haired tail mice mouse for cats funny kitten toy pet cats training game cat supplies,plush mouse cat toy soft long-haired tail mice mouse for cats funny kitten toy pet cats training game cat supplies,plush mouse cat toy,4.7,148,174 sold,79,174.0,Brinquedos,Gato
plush pet dog toys interactive pet ball toys with bells dog chewing ball cleaning tooth dog chew toy for dogs pet supplies,plush pet dog toys interactive pet ball toys with bells dog chewing ball cleaning tooth dog chew toy for dogs pet supplies,plush pet dog toys,4.8,115,348 sold,228,348.0,Brinquedos,Cachorro
"plush round dog bed for winter, soft and comfortable pet supplies dog accessories","plush round dog bed for winter, soft and comfortable pet supplies dog accessories",plush round dog bed,4.6,5808,700+ sold,448,700.0,Brinquedos,Cachorro
poop bag dispenser for dogs cartoon avocado fruit dog toilet garbage bag dispenser walking their dogs outdoors pet supplies,poop bag dispenser for dogs cartoon avocado fruit dog toilet garbage bag dispenser walking their dogs outdoors pet supplies,poop bag dispenser for,0.0,15,0 sold,1,0.0,Outros,Cachorro
popcorn shape cat tunnel tube play tent cat toy indoor puppy for exercising hiding training pet interactive reliever supplies,popcorn shape cat tunnel tube play tent cat toy indoor puppy for exercising hiding training pet interactive reliever supplies,popcorn shape cat tunnel,5.0,946,37 sold,79,37.0,Brinquedos,Cachorro
portable 2 in 1 pet dog water bottle dispenser for small dogs cats walking leakproof feeder containers bowl chihuahua supplies,portable 2 in 1 pet dog water bottle dispenser for small dogs cats walking leakproof feeder containers bowl chihuahua supplies,portable 2 in 1,5.0,105,22 sold,25,22.0,Alimentação,Cachorro
portable 450ml dog pet bowl outdoor travel dog accessories dog water bottle bowls pet supplies for dogs,portable 450ml dog pet bowl outdoor travel dog accessories dog water bottle bowls pet supplies for dogs,portable 450ml dog pet,0.0,44,15 sold,19,15.0,Alimentação,Cachorro
portable backpack for dogs and cats traveling out shoulder breathable cat backpack travel out and four legs small dog backpacks,portable backpack for dogs and cats traveling out shoulder breathable cat backpack travel out and four legs small dog backpacks,portable backpack for dogs,0.0,11988,0 sold,1,0.0,Outros,Cachorro
portable car pet fence dog safety isolation net children travel rail barrier mesh puppy stockade anti-collision net pet supplies,portable car pet fence dog safety isolation net children travel rail barrier mesh puppy stockade anti-collision net pet supplies,portable car pet fence,4.8,70,70 sold,64,70.0,Outros,Cachorro
portable dog cat water bottle with storage food and water container for puppy pets feeder bowl outdoor travel pet drinking bowls,portable dog cat water bottle with storage food and water container for puppy pets feeder bowl outdoor travel pet drinking bowls,portable dog cat water,4.0,14102,41 sold,26,41.0,Alimentação,Cachorro
"portable dog crate, soft puppy travel crate 32""x 23""x 23""foldable pet kennel","portable dog crate, soft puppy travel crate 32""x 23""x 23""foldable pet kennel","portable dog crate, soft",0.0,20,0 sold,9,0.0,Outros,Cachorro
portable dog poop bags dispenser trash sack case carrier outdoor garbage storag box for cat puppy pet waste bag holder supplies,portable dog poop bags dispenser trash sack case carrier outdoor garbage storag box for cat puppy pet waste bag holder supplies,portable dog poop bags,4.9,1928,90 sold,44,90.0,Outros,Cachorro
portable dog poop bags pet dog poop bags dispenser puppy pick up poop bag holder pet dog accessories dog bags,portable dog poop bags pet dog poop bags dispenser puppy pick up poop bag holder pet dog accessories dog bags,portable dog poop bags,4.8,23,52 sold,649,52.0,Outros,Cachorro
portable dog poop biodegradable bag dispenser pouch pet puppy cat pick up poop bag holder pets supplies garbage bags,portable dog poop biodegradable bag dispenser pouch pet puppy cat pick up poop bag holder pets supplies garbage bags,portable dog poop biodegradable,4.8,18,97 sold,4386,97.0,Outros,Cachorro
portable dog poop biodegradable bag dispenser pouch pets cats pick up poop bags holder pets supplies garbage bags cleaning tools,portable dog poop biodegradable bag dispenser pouch pets cats pick up poop bags holder pets supplies garbage bags cleaning tools,portable dog poop biodegradable,5.0,22,82 sold,24,82.0,Higiene,Cachorro
portable dog training treat bag reflective puppy snack reward waist bag pet feed pocket walking snack pouch detachable supplies,portable dog training treat bag reflective puppy snack reward waist bag pet feed pocket walking snack pouch detachable supplies,portable dog training treat,4.8,59,479 sold,292,479.0,Alimentação,Cachorro
portable dog treat bag tactical durable lightweight food pet pouch with rotatable carabiner for puppy pet supplies,portable dog treat bag tactical durable lightweight food pet pouch with rotatable carabiner for puppy pet supplies,portable dog treat bag,5.0,323,56 sold182 sold,397,238.0,Alimentação,Cachorro
portable dog water bottle foldable pet feeder bowl water bottle pets outdoor travel drinking dog bowls drink bowl dogs bpa free,portable dog water bottle foldable pet feeder bowl water bottle pets outdoor travel drinking dog bowls drink bowl dogs bpa free,portable dog water bottle,4.6,21,249 sold,324,249.0,Alimentação,Cachorro
portable dog water bottle food and water container for dog pets feeder bowl outdoor travel drinking bowls water dispenser,portable dog water bottle food and water container for dog pets feeder bowl outdoor travel drinking bowls water dispenser,portable dog water bottle,4.8,5686,"1,000+ sold",5186,1000.0,Alimentação,Cachorro
portable dog water bottle for small large dogs bowl outdoor walking puppy pet travel water bottle cat drinking bowl dog supplies,portable dog water bottle for small large dogs bowl outdoor walking puppy pet travel water bottle cat drinking bowl dog supplies,portable dog water bottle,4.8,6681,244 sold324 sold78 sold,510,646.0,Alimentação,Cachorro
portable dog&cat water bottle dispenser for small large dogs foldable outdoor hiking drinking bowl french bulldog pet supplies,portable dog&cat water bottle dispenser for small large dogs foldable outdoor hiking drinking bowl french bulldog pet supplies,portable dog&cat water bottle,3.3000000000000003,3684,3 sold66 sold8 sold,42,77.0,Alimentação,Cachorro
portable double cat bowls pet water food feeder food container drink bowls for small animals indoor cats puppy kitten supplies,portable double cat bowls pet water food feeder food container drink bowls for small animals indoor cats puppy kitten supplies,portable double cat bowls,4.7,40,53 sold,24,53.0,Alimentação,Cachorro
portable folding pet bowl silicone feeders with hanging hook pet supplies dog cat food bowl,"cuenco plegable portátil para mascotas, alimentadores de silicona con gancho colgante, artículos para mascotas, comida para perros y gatos",portable folding pet bowl,4.7,1018,418 Vendidos,141,418.0,Alimentação,Cachorro
portable folding pet tent cat house cage for cats pet dog tent playpen puppy kennel fence outdoor small dogs house pet supplies,portable folding pet tent cat house cage for cats pet dog tent playpen puppy kennel fence outdoor small dogs house pet supplies,portable folding pet tent,5.0,2186,36 sold,10445,36.0,Outros,Cachorro
portable indoor sand shovels durable plastic practical cleaning cat pet litter scoop shovel pets supplies large scooper,portable indoor sand shovels durable plastic practical cleaning cat pet litter scoop shovel pets supplies large scooper,portable indoor sand shovels,4.3,37,33 sold,21,33.0,Higiene,Gato
"portable outdoor pet litter pocket, pet waste bag dispenser, hanging clip, dung bags, storage box, pet cleaning products",المحمولة الحيوانات الأليفة في الهواء الطلق جيب القمامة ، الحيوانات الأليفة كيس النفايات موزع ، مشبك معلق ، أكياس الروث ، صندوق تخزين ، منتجات تنظيف الحيوانات الأليفة,portable outdoor pet litter,4.8,418,900+ تم البيع,384,900.0,Higiene,Outros
portable pet deodorizer home air purifier negative ion generator for toilet cat litter box cleaning pet odor cleaning supplies,portable pet deodorizer home air purifier negative ion generator for toilet cat litter box cleaning pet odor cleaning supplies,portable pet deodorizer home,4.3,11,296 sold,701,296.0,Higiene,Gato
portable pet dog car seat central control nonslip dog carriers safe car armrest box booster kennel bed for small dog cat travel,portable pet dog car seat central control nonslip dog carriers safe car armrest box booster kennel bed for small dog cat travel,portable pet dog car,4.9,19128,49 sold,9187,49.0,Conforto,Cachorro
portable pet dog poop bag dispenser pick-up bags holder with rope cleaning waste garbage box,portable pet dog poop bag dispenser pick-up bags holder with rope cleaning waste garbage box,portable pet dog poop,5.0,141,22 sold,30,22.0,Higiene,Cachorro
portable pet dog water bottle travel cup outdoor feeder dispenser drinking bowl pet supply for small large dog puppy cat,portable pet dog water bottle travel cup outdoor feeder dispenser drinking bowl pet supply for small large dog puppy cat,portable pet dog water,5.0,8,8 sold,4,8.0,Alimentação,Cachorro
"portable pet garbage bag dispenser, creative silicone dog toilet pick up bag carrier for outdoor cleaning supplies","portable pet garbage bag dispenser, creative silicone dog toilet pick up bag carrier for outdoor cleaning supplies",portable pet garbage bag,5.0,83,16 sold,9,16.0,Higiene,Cachorro
"portable pet playpen door, cage diy metal wire supplies, expandable, wire fence for puppy turtle","portable pet playpen door, cage diy metal wire supplies, expandable, wire fence for puppy turtle","portable pet playpen door,",5.0,22,32 sold,102,32.0,Outros,Cachorro
portable pet puppy cat pick up poop bag dispenser dog poop waste holder outdoor garbage organizer pets supplies garbage bags,portable pet puppy cat pick up poop bag dispenser dog poop waste holder outdoor garbage organizer pets supplies garbage bags,portable pet puppy cat,4.7,2424,200 sold,44,200.0,Outros,Cachorro
portable pet traction belt adjustable dog d-rings bathing band dog harness grooming belly strap pet grooming set pet supplies,portable pet traction belt adjustable dog d-rings bathing band dog harness grooming belly strap pet grooming set pet supplies,portable pet traction belt,4.7,327,362 sold,460,362.0,Acessórios,Cachorro
portable pet water food feeder bowl convenient collapsible feeding water for dog puppy cat outdoor folding bowl pet supplies,portable pet water food feeder bowl convenient collapsible feeding water for dog puppy cat outdoor folding bowl pet supplies,portable pet water food,5.0,9,27 sold,16,27.0,Alimentação,Cachorro
portable poop scooper with build in bag dispenser light weight claw waste picker for dogs pet cleaner tool,portable poop scooper with build in bag dispenser light weight claw waste picker for dogs pet cleaner tool,portable poop scooper with,4.6,7,131 sold,829,131.0,Higiene,Cachorro
portable three sided pet toothbrush multi-angle dog brush addition bad breath teeth care dog cat cleaning mouth toothbrush,portable three sided pet toothbrush multi-angle dog brush addition bad breath teeth care dog cat cleaning mouth toothbrush,portable three sided pet,4.8,135,245 sold,94,245.0,Higiene,Cachorro
portable training bag dog pet snack bag strong wear resistance large capacity puppy snack reward waist bag for dog cat,portable training bag dog pet snack bag strong wear resistance large capacity puppy snack reward waist bag for dog cat,portable training bag dog,4.8,90,75 sold,47,75.0,Alimentação,Cachorro
practical pet dog poop bag dispenser waste garbage holder dispensers poop bags set dogs trash pets clean accessories,practical pet dog poop bag dispenser waste garbage holder dispensers poop bags set dogs trash pets clean accessories,practical pet dog poop,0.0,10549,6 sold,23,6.0,Higiene,Cachorro
premium felt cat bed cave - handmade 100% merino wool bed for cats and kittens,premium felt cat bed cave - handmade 100% merino wool bed for cats and kittens,premium felt cat bed,0.0,480,0 sold0 sold,1,0.0,Conforto,Gato
press type silicone dog brush control flow rate shampoo puppycat washing dispenser pet grooming brush massage shower bath brush,press type silicone dog brush control flow rate shampoo puppycat washing dispenser pet grooming brush massage shower bath brush,press type silicone dog,4.8,70,150 sold,109,150.0,Higiene,Cachorro
printed pet waste bag 15pcs/roll dog cleaning convenient pooper scooper pick up bag small rolls outdoor clean pets supplies,printed pet waste bag 15pcs/roll dog cleaning convenient pooper scooper pick up bag small rolls outdoor clean pets supplies,printed pet waste bag,4.5,18,222 sold,56,222.0,Higiene,Cachorro
professional pet deshedding brush 2 sided dematting dog comb cat brush rake puppy grooming tools undercoat shedding flying hair,professional pet deshedding brush 2 sided dematting dog comb cat brush rake puppy grooming tools undercoat shedding flying hair,professional pet deshedding brush,4.8,1403,"1,000+ sold",5585,1000.0,Conforto,Cachorro
professional pet deshedding brush dog hair remover pet fur knot cutter puppy cat comb brushes dogs grooming shedding supplies,professional pet deshedding brush dog hair remover pet fur knot cutter puppy cat comb brushes dogs grooming shedding supplies,professional pet deshedding brush,4.933333333333334,4557,"4,000+ sold125 sold144 sold",6647,4269.0,Higiene,Cachorro
puppies dog harness leash pet adjustable vest leash collar for puppy best selling dog harness and leash set dog accessories,puppies dog harness leash pet adjustable vest leash collar for puppy best selling dog harness and leash set dog accessories,puppies dog harness leash,4.6,364,142 sold,218,142.0,Acessórios,Cachorro
puppy accessories pet supplies wool puppy scarves pet cat scarves keep warm in autumn winter pet supplies pet scarves product,puppy accessories pet supplies wool puppy scarves pet cat scarves keep warm in autumn winter pet supplies pet scarves product,puppy accessories pet supplies,5.0,62,25 sold,58,25.0,Outros,Cachorro
puppy big pet dog cat for bath brush massage with soap soft safety silicone shampoo for dogs cats clean bath tools,puppy big pet dog cat for bath brush massage with soap soft safety silicone shampoo for dogs cats clean bath tools,puppy big pet dog,4.7,1101,131 sold,358,131.0,Higiene,Cachorro
puppy dog cat squeaker toys soft plush pet stuffed little toy for small dogs chihuahua pomeranian gift happy time pet supplies,puppy dog cat squeaker toys soft plush pet stuffed little toy for small dogs chihuahua pomeranian gift happy time pet supplies,puppy dog cat squeaker,4.8,11823,56 sold,40,56.0,Brinquedos,Cachorro
puppy dog plush squeaky toys for small medium dogs bone aggressive chewers for pet cat products puppy accessories,puppy dog plush squeaky toys for small medium dogs bone aggressive chewers for pet cat products puppy accessories,puppy dog plush squeaky,5.0,161,46 sold,18,46.0,Brinquedos,Cachorro
puppy harness leash set for small medium dog cat vest breathable pet chest strap french bulldog chihuahua poodle pet supplies,puppy harness leash set for small medium dog cat vest breathable pet chest strap french bulldog chihuahua poodle pet supplies,puppy harness leash set,4.5,158,32 sold,21,32.0,Acessórios,Cachorro
puppy pacifier toys dog toys for small dogs indestructible dog toy teeth cleaning chew training toys pet supplies,puppy pacifier toys dog toys for small dogs indestructible dog toy teeth cleaning chew training toys pet supplies,puppy pacifier toys dog,0.0,21,2 sold,0,2.0,Brinquedos,Cachorro
puppy pet supplies dogs accessories dogs hair care grooming dog paws cleaner dog brush washer automatic paw plunger for dogs,puppy pet supplies dogs accessories dogs hair care grooming dog paws cleaner dog brush washer automatic paw plunger for dogs,puppy pet supplies dogs,4.7,1999,123 sold,945,123.0,Conforto,Cachorro
puppy water bottle dog portable cup for small medium big dogs cats outdoor travel leak proof water cup chihuahua pet supplies,puppy water bottle dog portable cup for small medium big dogs cats outdoor travel leak proof water cup chihuahua pet supplies,puppy water bottle dog,0.0,2340,4 sold,1,4.0,Outros,Cachorro
puppytoothbrush cats toothbrush- pet toothbrush- dogs toothbrush- dogs  hygienes dogs teeth cleaning dogs  care,puppytoothbrush cats toothbrush- pet toothbrush- dogs toothbrush- dogs  hygienes dogs teeth cleaning dogs  care,puppytoothbrush cats toothbrush- pet,5.0,10,24 sold,14,24.0,Higiene,Cachorro
quality paw stainless steel pet dog bowl feeder skidproof anti-ant shape cat dog bowls food accessories pet supplies,quality paw stainless steel pet dog bowl feeder skidproof anti-ant shape cat dog bowls food accessories pet supplies,quality paw stainless steel,4.5,10279,415 sold,401,415.0,Alimentação,Cachorro
quality stainless steel pet flea remover tool scratching hook tweezers clips set cat dog tick removal tool pet grooming supplies,quality stainless steel pet flea remover tool scratching hook tweezers clips set cat dog tick removal tool pet grooming supplies,quality stainless steel pet,5.0,71,38 sold,47,38.0,Higiene,Cachorro
quick folding cat and dog tent pet supplies cat nest dog nest cage warm tent wandering cat nest outdoor sun protection zp0001,quick folding cat and dog tent pet supplies cat nest dog nest cage warm tent wandering cat nest outdoor sun protection zp0001,quick folding cat and,4.7,10,21 sold,69,21.0,Outros,Cachorro
rainbow eva cat toys ball interactive cat dog play chewing rattle scratch eva ball training balls pet toy supplies colorful ball,rainbow eva cat toys ball interactive cat dog play chewing rattle scratch eva ball training balls pet toy supplies colorful ball,rainbow eva cat toys,4.7,6253,22 sold,18,22.0,Brinquedos,Cachorro
rake comb pet rotating knot comb dog hair removal comb large dog needle comb dog beauty,rake comb pet rotating knot comb dog hair removal comb large dog needle comb dog beauty,rake comb pet rotating,5.0,98,2 sold,37,2.0,Outros,Cachorro
random color pet dog toy bite rope double knot cotton rope funny cat toy bite resistant and sharp teeth pet supplies puppy toys,random color pet dog toy bite rope double knot cotton rope funny cat toy bite resistant and sharp teeth pet supplies puppy toys,random color pet dog,4.4,178,361 sold,41,361.0,Brinquedos,Cachorro
random color tease cat stick faux rabbit fur pompom plush pet interactive stick cat playing training toys pet supplies,random color tease cat stick faux rabbit fur pompom plush pet interactive stick cat playing training toys pet supplies,random color tease cat,4.8,24,203 sold,186,203.0,Brinquedos,Gato
real wooden deer antlers dog chew toys for aggressive chewers large dog chewing stick indestructible tough durable pet toys gift,real wooden deer antlers dog chew toys for aggressive chewers large dog chewing stick indestructible tough durable pet toys gift,real wooden deer antlers,4.8,94,"2,000+ sold",1440,2000.0,Brinquedos,Cachorro
rechargeable mini pet communication small recording button cats dogs eating speaking voice speaker buttons talk training ringing,rechargeable mini pet communication small recording button cats dogs eating speaking voice speaker buttons talk training ringing,rechargeable mini pet communication,5.0,1986,28 sold,64,28.0,Outros,Cachorro
reflective dog harness for small medium dogs cats no pull puppy breathable mesh adjustable harnesses chihuahua pug pet supplies,reflective dog harness for small medium dogs cats no pull puppy breathable mesh adjustable harnesses chihuahua pug pet supplies,reflective dog harness for,0.0,341,10 sold,3,10.0,Acessórios,Cachorro
reflective dog harness no pull adjustable dog harness vest breathable pet ​harness for small medium large dog pet supplies,reflective dog harness no pull adjustable dog harness vest breathable pet ​harness for small medium large dog pet supplies,reflective dog harness no,5.0,2983,17 sold,9,17.0,Acessórios,Cachorro
reflective dog harness no pull adjustable pet harness dog outdoor walking dog supplies,reflective dog harness no pull adjustable pet harness dog outdoor walking dog supplies,reflective dog harness no,0.0,1555,35 sold,4,35.0,Acessórios,Cachorro
reflective dog harness nylon pitbull pug small medium dogs harnesses vest bling rhinestone bowknot dog accessories pet supplies,reflective dog harness nylon pitbull pug small medium dogs harnesses vest bling rhinestone bowknot dog accessories pet supplies,reflective dog harness nylon,5.0,1501,424 sold,1041,424.0,Acessórios,Cachorro
reflective dog seat belt-adjustable and durable nylon seat belt and car travel supplies elastic pet for comfortable easy buckle,reflective dog seat belt-adjustable and durable nylon seat belt and car travel supplies elastic pet for comfortable easy buckle,reflective dog seat belt-adjustable,4.8,108,63 sold,26,63.0,Outros,Cachorro
reflective pet dog car seat belt puppy dog walking travel car accessories dog leash harness for small dogs pet car supplies,reflective pet dog car seat belt puppy dog walking travel car accessories dog leash harness for small dogs pet car supplies,reflective pet dog car,5.0,44,120 sold,135,120.0,Acessórios,Cachorro
reflective safety quick release buckle cat pet kitten collar adjustable bell pet supplies accessories collar small dog necklace,reflective safety quick release buckle cat pet kitten collar adjustable bell pet supplies accessories collar small dog necklace,reflective safety quick release,3.6,9,31 sold,9,31.0,Acessórios,Cachorro
reflective summer dog harness and leash set for small dogs anti-escape puppy cat harness vest chihuahua pug walking pet supplies,reflective summer dog harness and leash set for small dogs anti-escape puppy cat harness vest chihuahua pug walking pet supplies,reflective summer dog harness,4.5,84,46 sold,35,46.0,Acessórios,Cachorro
relieve stress puppy chewing toys carefully crafted dog supplies soft dog donuts plush pet dog toys and relieve boredom dog toys,relieve stress puppy chewing toys carefully crafted dog supplies soft dog donuts plush pet dog toys and relieve boredom dog toys,relieve stress puppy chewing,5.0,207,22 sold,10,22.0,Brinquedos,Cachorro
remote control cat toy smart car interactive cat toy self play automatic moving cat toy for cats boredom busters fun cat toy,remote control cat toy smart car interactive cat toy self play automatic moving cat toy for cats boredom busters fun cat toy,remote control cat toy,0.0,7970,9 sold,16,9.0,Brinquedos,Gato
remote control toy car indoor accessories pet kitten supplies smart cat toy car interactive toy ball automatic rolling,remote control toy car indoor accessories pet kitten supplies smart cat toy car interactive toy ball automatic rolling,remote control toy car,5.0,2382,31 sold,14,31.0,Brinquedos,Gato
remote controlled smart cat toy 2 modes automatic moving toy car for cats dogs interactive playing kitten training pet supplies,remote controlled smart cat toy 2 modes automatic moving toy car for cats dogs interactive playing kitten training pet supplies,remote controlled smart cat,4.9,6864,"26 sold1,000+ sold",1447,1026.0,Brinquedos,Cachorro
"remote smart cat toy,active rolling car with replaceable car,rechargeable wicked car for indoor cats/kitten small dogs","remote smart cat toy,active rolling car with replaceable car,rechargeable wicked car for indoor cats/kitten small dogs","remote smart cat toy,active",0.0,17,3 sold,11,3.0,Brinquedos,Cachorro
replace plush cat toy accessories worms replacement head funny cat stick pet toys 5/10/6/11 pcs,replace plush cat toy accessories worms replacement head funny cat stick pet toys 5/10/6/11 pcs,replace plush cat toy,4.9,102222,"1,000+ sold",418,1000.0,Brinquedos,Gato
replacement head for funny cat stick toy insect ocean plush series bell various kinds cats rod feather teaser toy pet supplies,replacement head for funny cat stick toy insect ocean plush series bell various kinds cats rod feather teaser toy pet supplies,replacement head for funny,4.6,7774,88 sold,45,88.0,Brinquedos,Gato
retractable new pet anti-flea tick dog repellent collar up to 8 months protection collar repellent accessories pet supplies,retractable new pet anti-flea tick dog repellent collar up to 8 months protection collar repellent accessories pet supplies,retractable new pet anti-flea,4.8,241,61 sold,27,61.0,Acessórios,Cachorro
reusable 3 in 1 pet food can silicone cover dogs cats storage tin cap lid seal cover pet supplies for 8.5cm/7.5cm/6.5cm,reusable 3 in 1 pet food can silicone cover dogs cats storage tin cap lid seal cover pet supplies for 8.5cm/7.5cm/6.5cm,reusable 3 in 1,4.9,911,201 sold,218,201.0,Alimentação,Cachorro
reusable 3 in 1 pet food can silicone cover dogs cats storage tin cap lid seal cover pet supplies suitable for 8.9cm/7.3cm/6.5cm,reusable 3 in 1 pet food can silicone cover dogs cats storage tin cap lid seal cover pet supplies suitable for 8.9cm/7.3cm/6.5cm,reusable 3 in 1,5.0,105,379 sold,228,379.0,Alimentação,Cachorro
reusable dog pee pad blanket absorbent diaper washable puppy training pad pet bed urine mat for pet car seat cover pet supplies,reusable dog pee pad blanket absorbent diaper washable puppy training pad pet bed urine mat for pet car seat cover pet supplies,reusable dog pee pad,4.7,3415,"1,000+ sold",2350,1000.0,Conforto,Cachorro
reusable dog urine mat absorbent super washable pet pee mat cat puppy training diaper mat pet supplies for car seat floor sofa,reusable dog urine mat absorbent super washable pet pee mat cat puppy training diaper mat pet supplies for car seat floor sofa,reusable dog urine mat,4.8,44,330 sold,479,330.0,Conforto,Cachorro
rhinestone gold dog chain collar strong metal dog choke collars bling pet slip choke for small medium large dogs pitbull bulldog,rhinestone gold dog chain collar strong metal dog choke collars bling pet slip choke for small medium large dogs pitbull bulldog,rhinestone gold dog chain,4.7,164626,261 sold,266,261.0,Acessórios,Cachorro
rhinestone lovely dog cat hair clips metal bone shape hairpins puppy bows pet hair barrette pet supplies grooming accessories,rhinestone lovely dog cat hair clips metal bone shape hairpins puppy bows pet hair barrette pet supplies grooming accessories,rhinestone lovely dog cat,0.0,1,2 sold,1,2.0,Higiene,Cachorro
rojeco 5m automatic retractable dog leash led luminous leading fashion light straps for dog puppy pet flexi walking running lead,rojeco 5m automatic retractable dog leash led luminous leading fashion light straps for dog puppy pet flexi walking running lead,rojeco 5m automatic retractable,4.7,284,"2,000+ sold",5479,2000.0,Acessórios,Cachorro
rojeco smart pet toys cat bouncing ball automatic rolling ball interactive training self-moving electric toys pet accessories,rojeco smart pet toys cat bouncing ball automatic rolling ball interactive training self-moving electric toys pet accessories,rojeco smart pet toys,4.6,152,"1,000+ sold",532,1000.0,Brinquedos,Gato
rooster hen helmet adjustable cap duck helmets hat bird headgear toy protective gear costumes accessories farm pet supplies,rooster hen helmet adjustable cap duck helmets hat bird headgear toy protective gear costumes accessories farm pet supplies,rooster hen helmet adjustable,5.0,11740,45 sold,64,45.0,Brinquedos,Pássaro
rope pet toys for dog chew toys bite resistant pet toy outdoor training pet supplies dogs clean teeth toy jouet chien peluche,rope pet toys for dog chew toys bite resistant pet toy outdoor training pet supplies dogs clean teeth toy jouet chien peluche,rope pet toys for,4.8,2987,126 sold,1687,126.0,Brinquedos,Cachorro
rotatable catnip molar stick natural safe catnip edible lick balls catnip wall balls for cats teeth cleaning pet health supplies,rotatable catnip molar stick natural safe catnip edible lick balls catnip wall balls for cats teeth cleaning pet health supplies,rotatable catnip molar stick,5.0,253,117 sold,42,117.0,Brinquedos,Gato
round animal bed pet bed soft fleece thicken nest dog kennel cat semi-enclosed sleeping bag puppy cozy dog bed sofa pet supply,round animal bed pet bed soft fleece thicken nest dog kennel cat semi-enclosed sleeping bag puppy cozy dog bed sofa pet supply,round animal bed pet,4.4,7789,52 sold,770,52.0,Conforto,Cachorro
round bone metal dog fag pet anti-lost identity plate color lettering metal pendant tag pet collar accessories pet supplies,round bone metal dog fag pet anti-lost identity plate color lettering metal pendant tag pet collar accessories pet supplies,round bone metal dog,5.0,1053,88 sold,142,88.0,Acessórios,Cachorro
round head pet toothbrush remove bad breath tartar teeth care soft brush dog cat oral cleaning tool small pets cleaning supplies,round head pet toothbrush remove bad breath tartar teeth care soft brush dog cat oral cleaning tool small pets cleaning supplies,round head pet toothbrush,4.866666666666666,183,19 sold34 sold22 sold,44,75.0,Higiene,Cachorro
round pet beds for dogs cats universal for all seasons soft cloth pet mat with pillow pet sleeping cushions sofa dog accessoires,round pet beds for dogs cats universal for all seasons soft cloth pet mat with pillow pet sleeping cushions sofa dog accessoires,round pet beds for,4.3,35,66 sold,111,66.0,Conforto,Cachorro
round pet dog bed mat long plush soft fluffy pet cushion cats bed blanket pad for small medium large dogs cats sleeping supplies,round pet dog bed mat long plush soft fluffy pet cushion cats bed blanket pad for small medium large dogs cats sleeping supplies,round pet dog bed,5.0,41306,21 sold,598,21.0,Brinquedos,Cachorro
rubber dog molar toothbrush toys chew cleaning teeth safe puppy dental care soft pet cleaning toy supplies pet accessories,rubber dog molar toothbrush toys chew cleaning teeth safe puppy dental care soft pet cleaning toy supplies pet accessories,rubber dog molar toothbrush,4.6,558,36 sold,14,36.0,Brinquedos,Cachorro
rubber dog puppy pet play squeaky ball chewing toys with face fetch bright balls pet dog supplies puppy popular toys,rubber dog puppy pet play squeaky ball chewing toys with face fetch bright balls pet dog supplies puppy popular toys,rubber dog puppy pet,4.9,11,87 sold,40,87.0,Brinquedos,Cachorro
rubber puppy toys 8 pcs dog ball squeak sound  for small large dogs interactive pet supplies pet puppy toys accessories,rubber puppy toys 8 pcs dog ball squeak sound  for small large dogs interactive pet supplies pet puppy toys accessories,rubber puppy toys 8,4.6,175,118 sold,42,118.0,Brinquedos,Cachorro
rustle sound catnip toy cats product for pets cute cat toys for kitten teeth grinding cat plush toy thumb pillow pet accessories,rustle sound catnip toy cats product for pets cute cat toys for kitten teeth grinding cat plush toy thumb pillow pet accessories,rustle sound catnip toy,4.7,1713,"3,000+ sold",1366,3000.0,Brinquedos,Gato
rustle sound catnip toy cats products for pets cat toys for kitten teeth cleaning cat mint plush thumb pillow pet accessories,rustle sound catnip toy cats products for pets cat toys for kitten teeth cleaning cat mint plush thumb pillow pet accessories,rustle sound catnip toy,4.9,1101,448 sold,1170,448.0,Brinquedos,Gato
scgk bouncy egg dog toys funny ball squeaky latex bouncy egg with squeaker for puppy small pet dogs soft rubber sound,scgk bouncy egg dog toys funny ball squeaky latex bouncy egg with squeaker for puppy small pet dogs soft rubber sound,scgk bouncy egg dog,4.9,44,248 sold,241,248.0,Brinquedos,Cachorro
scooper dog poop pooper dogs pet large scoop can trash yard pickup stool supplies service pick tool up,scooper dog poop pooper dogs pet large scoop can trash yard pickup stool supplies service pick tool up,scooper dog poop pooper,4.7,25,16 sold,13,16.0,Outros,Cachorro
set  cute colorful lightweight pet cat toys mice cat catcher pet supplies pet toys mouse toys,set  cute colorful lightweight pet cat toys mice cat catcher pet supplies pet toys mouse toys,set cute colorful lightweight,2.0,970,16 sold,4,16.0,Brinquedos,Gato
shock-absorption dog harness vest adjustable reflective harness for medium dogs french bulldog walking chest strap pet supplies,shock-absorption dog harness vest adjustable reflective harness for medium dogs french bulldog walking chest strap pet supplies,shock-absorption dog harness vest,4.6,587,52 sold,91,52.0,Acessórios,Cachorro
silicone bath brush irrigation liquid bath rubbing back pet multi function massage bath shampoo shampoo brush,silicone bath brush irrigation liquid bath rubbing back pet multi function massage bath shampoo shampoo brush,silicone bath brush irrigation,0.0,13,3 sold,3,3.0,Higiene,Outros
silicone bowl dog lick mat slow feeding food bowl for small medium dogs anti-slip puppy cat treat feeder dispenser pet supplies,silicone bowl dog lick mat slow feeding food bowl for small medium dogs anti-slip puppy cat treat feeder dispenser pet supplies,silicone bowl dog lick,4.5,5,28 sold,34,28.0,Alimentação,Cachorro
silicone canned lid sealed feeders food can lid for puppy dog cat storage top cap reusable cover lid health pet daily supplies,silicone canned lid sealed feeders food can lid for puppy dog cat storage top cap reusable cover lid health pet daily supplies,silicone canned lid sealed,4.766666666666667,534,19 sold26 sold107 sold,364,152.0,Alimentação,Cachorro
silicone dog cat shower brush pet shampoo dispenser massager bath brush bathroom puppy washing grooming brush dog accessories,silicone dog cat shower brush pet shampoo dispenser massager bath brush bathroom puppy washing grooming brush dog accessories,silicone dog cat shower,4.6,203,291 sold,163,291.0,Higiene,Cachorro
silicone dog treat bag pet portable dog training waist bag outdoor feeder puppy snack pouch food reward storage bag pet supplies,silicone dog treat bag pet portable dog training waist bag outdoor feeder puppy snack pouch food reward storage bag pet supplies,silicone dog treat bag,3.84,1231,280 sold7 sold498 sold500+ sold28 sold,942,1313.0,Alimentação,Cachorro
silicone flying saucer funny dog cat toy dog game flying discs resistant chew puppy training interactive pet supplies,silicone flying saucer funny dog cat toy dog game flying discs resistant chew puppy training interactive pet supplies,silicone flying saucer funny,4.7,1480,119 sold,38,119.0,Brinquedos,Cachorro
"silicone folding pet bowl with backpack buckle, outdoor feeder, cat food bowl, retractable, dog","silicone folding pet bowl with backpack buckle, outdoor feeder, cat food bowl, retractable, dog",silicone folding pet bowl,4.9,107,102 sold,38,102.0,Alimentação,Cachorro
silicone hollow rubber dog hair brush remover cars furniture carpet clothes cleaner brush for dogs pet supplies dog hair remover,silicone hollow rubber dog hair brush remover cars furniture carpet clothes cleaner brush for dogs pet supplies dog hair remover,silicone hollow rubber dog,4.8,270,800+ sold,398,800.0,Acessórios,Cachorro
silicone pet bath brush dog spa massage comb dogs cats shower hair grooming comb dog cleaning brush pet supplies,silicone pet bath brush dog spa massage comb dogs cats shower hair grooming comb dog cleaning brush pet supplies,silicone pet bath brush,4.5,95,352 sold,654,352.0,Higiene,Cachorro
silicone pet dog training waist bag portable food reward storage bag puppy treat pouch with magnetic clip pet outing supplies,silicone pet dog training waist bag portable food reward storage bag puppy treat pouch with magnetic clip pet outing supplies,silicone pet dog training,0.0,39,1 sold,0,1.0,Alimentação,Cachorro
silicone pet feeding dog cat bowl food mat non-stick waterproof pet food feeding pad puppy feeder tray water cushion placemat,silicone pet feeding dog cat bowl food mat non-stick waterproof pet food feeding pad puppy feeder tray water cushion placemat,silicone pet feeding dog,4.7,148,"1,000+ sold",1542,1000.0,Alimentação,Cachorro
silicone pet feeding lickmat dog cat lick pad sucker slow food pad shower distraction mats lick pad slow food tray pet supplies,silicone pet feeding lickmat dog cat lick pad sucker slow food pad shower distraction mats lick pad slow food tray pet supplies,silicone pet feeding lickmat,4.8,79,75 sold,130,75.0,Alimentação,Cachorro
silicone waterproof pet mat for dog cat pet food pad pet bowl drinking mat dog feeding placemat portable outdoor feeding,silicone waterproof pet mat for dog cat pet food pad pet bowl drinking mat dog feeding placemat portable outdoor feeding,silicone waterproof pet mat,4.6,276,484 sold,444,484.0,Alimentação,Cachorro
simulated mouse tail cat toy cat teaser funny stick silicone long tail pet interactive toys for cats kitten hunting pet products,simulated mouse tail cat toy cat teaser funny stick silicone long tail pet interactive toys for cats kitten hunting pet products,simulated mouse tail cat,4.8,189,"1,000+ sold",518,1000.0,Brinquedos,Gato
"simulating cigarette shape sound plush toy, for pets grinding teeth cleaning interactive play pet supplies teeth cleaning dog ch","simulating cigarette shape sound plush toy, for pets grinding teeth cleaning interactive play pet supplies teeth cleaning dog ch",simulating cigarette shape sound,4.0,63,28 sold,15,28.0,Brinquedos,Cachorro
simulation bird interactive cat toy sucker feather bird with bell cat stick toy for kitten playing teaser wand toy cat supplies,simulation bird interactive cat toy sucker feather bird with bell cat stick toy for kitten playing teaser wand toy cat supplies,simulation bird interactive cat,4.7,1705,"5,000+ sold",2906,5000.0,Brinquedos,Gato
simulation bird interactive cat toys electric hanging eagle flying bird cat teasering play cat stick scratch rope pet toys,simulation bird interactive cat toys electric hanging eagle flying bird cat teasering play cat stick scratch rope pet toys,simulation bird interactive cat,4.3,74,"2,000+ sold",2681,2000.0,Brinquedos,Gato
simulation bird interactive funny cat stick toy furry feather bird with bell sucker cat stick toy kitten playing pet accessories,simulation bird interactive funny cat stick toy furry feather bird with bell sucker cat stick toy kitten playing pet accessories,simulation bird interactive funny,4.7,5586,"1,000+ sold",2505,1000.0,Brinquedos,Gato
simulation cat toy cat scratching rope feather funny kitten playing game interactive toy retractable hanging door pet supplies,simulation cat toy cat scratching rope feather funny kitten playing game interactive toy retractable hanging door pet supplies,simulation cat toy cat,5.0,39,69 sold,21,69.0,Brinquedos,Gato
simulation caterpillar cat toy cat scratch rope mouse funny self-hey interactive toy retractable hanging door type pet supplies,simulation caterpillar cat toy cat scratch rope mouse funny self-hey interactive toy retractable hanging door type pet supplies,simulation caterpillar cat toy,4.6,250,82 sold,3594,82.0,Brinquedos,Gato
simulation money dog toys for small large dogs interactive squeaky paper sounding chew toy funny clean teeth pet supplies,simulation money dog toys for small large dogs interactive squeaky paper sounding chew toy funny clean teeth pet supplies,simulation money dog toys,3.8,12,25 sold,22,25.0,Brinquedos,Cachorro
simulation pet pig plush toy cute pig design pet grinding teeth squeaky plush toy durable chew toy for dog interactive supply,simulation pet pig plush toy cute pig design pet grinding teeth squeaky plush toy durable chew toy for dog interactive supply,simulation pet pig plush,0.0,1179,0 sold,0,0.0,Brinquedos,Cachorro
single layer polyester printed dog collar small and medium dog comfortable pet collar adjustable size,single layer polyester printed dog collar small and medium dog comfortable pet collar adjustable size,single layer polyester printed,4.8,2801,187 sold,112,187.0,Acessórios,Cachorro
slippers toys pets biting cats dogs protruding points grinding cleaning teeth tpr material food clip cute interesting desig,slippers toys pets biting cats dogs protruding points grinding cleaning teeth tpr material food clip cute interesting desig,slippers toys pets biting,4.5,49,327 sold,406,327.0,Brinquedos,Cachorro
slow down eating portable dog feeder utensils puppy feeder dish food feeder bowl pet supplies pet licking pad pet bowl,slow down eating portable dog feeder utensils puppy feeder dish food feeder bowl pet supplies pet licking pad pet bowl,slow down eating portable,4.5,2,39 sold,59,39.0,Alimentação,Cachorro
small and large lamb plush dog nest taidi bears pet nest mat supplies,small and large lamb plush dog nest taidi bears pet nest mat supplies,small and large lamb,5.0,2768,47 sold,24,47.0,Brinquedos,Cachorro
small and large size pet shop tudo para caes lambswool kennel bichon pet bed mat supplies,small and large size pet shop tudo para caes lambswool kennel bichon pet bed mat supplies,small and large size,4.1,3525,108 sold,121,108.0,Conforto,Outros
small bee plush toy for dogs and cats to interact and play  teeth cleaning pet supplies,small bee plush toy for dogs and cats to interact and play  teeth cleaning pet supplies,small bee plush toy,4.95,88,271 sold2 sold,172,273.0,Brinquedos,Cachorro
"small dog bed - round cat beds for indoor cats calming pet beds, cute modern beds with jacquard shaggy plush & anti slip bottom","small dog bed - round cat beds for indoor cats calming pet beds, cute modern beds with jacquard shaggy plush & anti slip bottom",small dog bed -,0.0,89,1 sold,7,1.0,Brinquedos,Cachorro
small dog drool towel collar cute fruit pattern triangle cat puppy scarf pet adjustable collar triangular bandage,small dog drool towel collar cute fruit pattern triangle cat puppy scarf pet adjustable collar triangular bandage,small dog drool towel,4.2,161,137 sold,95,137.0,Acessórios,Cachorro
small dog harness leash material quick release nylon straps anti pulls dogs pet items cat leash supplies lanyard accessories,small dog harness leash material quick release nylon straps anti pulls dogs pet items cat leash supplies lanyard accessories,small dog harness leash,4.7,56,387 sold,520,387.0,Acessórios,Cachorro
small pet playpen diy freely combined pet yard fence puppy crate kennel for dog cat kitten rabbit guinea pig bunny hedgehogs,small pet playpen diy freely combined pet yard fence puppy crate kennel for dog cat kitten rabbit guinea pig bunny hedgehogs,small pet playpen diy,4.8,72,66 sold,732,66.0,Outros,Cachorro
"small pet toilet cat litter box, toilet, trainer corner, bathroom, puppy diaper pad, cleaning, indoor dog potty, rabbit supplies","small pet toilet cat litter box, toilet, trainer corner, bathroom, puppy diaper pad, cleaning, indoor dog potty, rabbit supplies",small pet toilet cat,5.0,1374,20 sold,63,20.0,Higiene,Cachorro
small yellow duck style pet dog toy plush toy dog supplies suitable for all small dog pets fun durable chewing teeth,small yellow duck style pet dog toy plush toy dog supplies suitable for all small dog pets fun durable chewing teeth,small yellow duck style,4.5,85,50 sold,31,50.0,Brinquedos,Cachorro
smart cat ball toys plush electric catnip training toy kitten touch sounding squeaky supplies pet products toy for cats,smart cat ball toys plush electric catnip training toy kitten touch sounding squeaky supplies pet products toy for cats,smart cat ball toys,4.8,8895,89 sold,48,89.0,Brinquedos,Gato
smart cat catnip ball with sound cat training toy cat mint toys pet playing catswort ball pet squeaky toy for cats kitten kitty,smart cat catnip ball with sound cat training toy cat mint toys pet playing catswort ball pet squeaky toy for cats kitten kitty,smart cat catnip ball,5.0,54,49 sold,85,49.0,Brinquedos,Gato
smart cat toy car interactive cat toy ball automatic rolling remote control toy car indoor cat accessories pet kitten supplies,smart cat toy car interactive cat toy ball automatic rolling remote control toy car indoor cat accessories pet kitten supplies,smart cat toy car,4.9,228576,"43 sold1,000+ sold",1556,1043.0,Brinquedos,Gato
smart cat toys interactive ball catnip cat training toy pet playing ball pet squeaky supplies products toy for cats kitten kitty,smart cat toys interactive ball catnip cat training toy pet playing ball pet squeaky supplies products toy for cats kitten kitty,smart cat toys interactive,4.5,1215,"5,000+ sold",3659,5000.0,Brinquedos,Gato
smart cat toys interactive ball plush electric catnip training toy kitten touch sounding pet product squeak toy ball cat supplie,smart cat toys interactive ball plush electric catnip training toy kitten touch sounding pet product squeak toy ball cat supplie,smart cat toys interactive,4.8,483,"2,000+ sold",17264,2000.0,Brinquedos,Gato
smart cat water fountain automatic drinker for cats water feeder pet water dispenser drinking fountain for cats dogs,smart cat water fountain automatic drinker for cats water feeder pet water dispenser drinking fountain for cats dogs,smart cat water fountain,5.0,2954,66 sold,203,66.0,Alimentação,Cachorro
smart dog toy ball electronic interactive pet toy moving ball usb automatic moving bouncing for puppy birthday gift cat product,smart dog toy ball electronic interactive pet toy moving ball usb automatic moving bouncing for puppy birthday gift cat product,smart dog toy ball,4.3,1696,"10,000+ sold",8412,10000.0,Brinquedos,Cachorro
smart interactive dog cat toys ball usb rechargeable pet supply funny rolling ball electric automatic rotating jumping playing,smart interactive dog cat toys ball usb rechargeable pet supply funny rolling ball electric automatic rotating jumping playing,smart interactive dog cat,4.0,21,51 sold,54,51.0,Brinquedos,Cachorro
smart pet door 4 way locking security lock abs plastic dog cat flap door controllable switch direction doors small pet supplies,smart pet door 4 way locking security lock abs plastic dog cat flap door controllable switch direction doors small pet supplies,smart pet door 4,4.800000000000001,4830,18 sold224 sold,3730,242.0,Outros,Cachorro
snack training obedience bag for dog outdoor training pet feed pocket waist pouch pet food treat bag pet supplies,snack training obedience bag for dog outdoor training pet feed pocket waist pouch pet food treat bag pet supplies,snack training obedience bag,4.7,52,144 sold,85,144.0,Alimentação,Cachorro
snails bubble cat water fountain automatic pet water dispenser for cats dogs large capacity cat drinking bowls pet supplies,snails bubble cat water fountain automatic pet water dispenser for cats dogs large capacity cat drinking bowls pet supplies,snails bubble cat water,4.9,28,46 sold,60,46.0,Alimentação,Cachorro
snake p chain dog collar small large dog collar puppy collar necklace 4.5mm copper golden/silver french bulldog pet dog collars,snake p chain dog collar small large dog collar puppy collar necklace 4.5mm copper golden/silver french bulldog pet dog collars,snake p chain dog,0.0,4270,1 sold,59,1.0,Acessórios,Cachorro
soft and fluffy coral fleece pet blanket stars bones pattern pet mat warm and comfortable blanket for cat and dogs pet supplies,soft and fluffy coral fleece pet blanket stars bones pattern pet mat warm and comfortable blanket for cat and dogs pet supplies,soft and fluffy coral,4.3,29913,26 sold,147,26.0,Conforto,Cachorro
soft cat bed mats short plush pet sleeping bed mats for cats small dogs cute pet pad blanket warm kitten cushion cat accessories,soft cat bed mats short plush pet sleeping bed mats for cats small dogs cute pet pad blanket warm kitten cushion cat accessories,soft cat bed mats,4.8,573,"2,000+ sold",5223,2000.0,Brinquedos,Cachorro
soft cat puppy dogs sofa bed sleeping bag kennel for larger dogs bed small house cushion cat beds cushion pet product,soft cat puppy dogs sofa bed sleeping bag kennel for larger dogs bed small house cushion cat beds cushion pet product,soft cat puppy dogs,4.4,15855,135 sold,1615,135.0,Conforto,Cachorro
soft coral fleece pet clothes warm dog vest coat cute puppy sweater cat apparel for chihuahua yorkie terrier shih tzu pet outfit,soft coral fleece pet clothes warm dog vest coat cute puppy sweater cat apparel for chihuahua yorkie terrier shih tzu pet outfit,soft coral fleece pet,4.7,11368,500+ sold,2578,500.0,Acessórios,Cachorro
soft dog donuts plush pet dog toys for dogs chew toy cute puppy squeaker sound toys funny puppy small medium dog interactive toy,soft dog donuts plush pet dog toys for dogs chew toy cute puppy squeaker sound toys funny puppy small medium dog interactive toy,soft dog donuts plush,4.9,2916,237 sold,3367,237.0,Brinquedos,Cachorro
soft fluffy pet blanket cute dot pattern cozy warm blanket for cat dogs bed small large dogs mat cover pet supplies,soft fluffy pet blanket cute dot pattern cozy warm blanket for cat dogs bed small large dogs mat cover pet supplies,soft fluffy pet blanket,4.4,25,321 sold,250,321.0,Conforto,Cachorro
soft fluffy pet dog blanket cute star printing pet mat warm breathable skin friendly cats and dogs bed blanket pet supplies,soft fluffy pet dog blanket cute star printing pet mat warm breathable skin friendly cats and dogs bed blanket pet supplies,soft fluffy pet dog,5.0,121,68 sold,45,68.0,Conforto,Cachorro
soft fluffy quality pet blanket cute cartoon pet mat warm and comfortable blanket for cats and dogs,soft fluffy quality pet blanket cute cartoon pet mat warm and comfortable blanket for cats and dogs,soft fluffy quality pet,4.7,1203,600+ sold,254,600.0,Conforto,Cachorro
"soft padded dog cage furniture, xl wooden door dog cage, indoor dog house, end table, oversized, 43.3 ""l, dark gray","soft padded dog cage furniture, xl wooden door dog cage, indoor dog house, end table, oversized, 43.3 ""l, dark gray",soft padded dog cage,0.0,4000,0 sold,0,0.0,Sanitário,Cachorro
soft plush pet bed with cover round cat bed pet mattress warm cat dog 2 in 1 sleeping nest cave for small dogs,soft plush pet bed with cover round cat bed pet mattress warm cat dog 2 in 1 sleeping nest cave for small dogs,soft plush pet bed,4.8,8677,"10,000+ sold",32805,10000.0,Brinquedos,Cachorro
soft plush pet dog squeaky chew toys stuffed crocodile for small large dogs cat cute interactive squeak toy durable,soft plush pet dog squeaky chew toys stuffed crocodile for small large dogs cat cute interactive squeak toy durable,soft plush pet dog,4.8,6,800+ sold,855,800.0,Brinquedos,Cachorro
soft plush square dog bed mat beds for dogs cat small medium large pet sleep calming pad cat dog bed cushion pet supplies,soft plush square dog bed mat beds for dogs cat small medium large pet sleep calming pad cat dog bed cushion pet supplies,soft plush square dog,4.4,1905,94 sold,1491,94.0,Brinquedos,Cachorro
soft pp cotton nest dog basket mat universal waterproof cat bed large pet cat and dog bed warm comfortable dog house,soft pp cotton nest dog basket mat universal waterproof cat bed large pet cat and dog bed warm comfortable dog house,soft pp cotton nest,4.0,796,4 sold,2,4.0,Conforto,Cachorro
soft rubber dog brush comb cat bath brush rubber glove hair fur grooming massage brush for dog cats pet bath supplies,soft rubber dog brush comb cat bath brush rubber glove hair fur grooming massage brush for dog cats pet bath supplies,soft rubber dog brush,4.8,254,800+ sold,263,800.0,Higiene,Cachorro
soft rubber dog cat brush pet bath silicone comb massage comb hair remover pet supplies dog grooming wash cleaning equipment,soft rubber dog cat brush pet bath silicone comb massage comb hair remover pet supplies dog grooming wash cleaning equipment,soft rubber dog cat,4.7,199,700+ sold,408,700.0,Higiene,Cachorro
soft silicone dog brush pet shampoo massager bath brush bathroom puppycat washing massage dispenser grooming shower brush,soft silicone dog brush pet shampoo massager bath brush bathroom puppycat washing massage dispenser grooming shower brush,soft silicone dog brush,4.6,5706,320 sold,138,320.0,Higiene,Cachorro
soft silicone dog brush pet shampoo safety massager bath brush bathroom puppycat washing massage dispenser grooming shower brush,soft silicone dog brush pet shampoo safety massager bath brush bathroom puppycat washing massage dispenser grooming shower brush,soft silicone dog brush,4.7,32,62 sold,132,62.0,Higiene,Cachorro
soft strawberry leopard dog cat house tent kennel doggy winter warm cushion basket animal bed cave pet supplies,soft strawberry leopard dog cat house tent kennel doggy winter warm cushion basket animal bed cave pet supplies,soft strawberry leopard dog,0.0,62,10 sold,13,10.0,Conforto,Cachorro
solid color pet bowl plastic dog bowl cat round single bowl thickened eco-friendly dog 사발 pet supplies dog accessories,solid color pet bowl plastic dog bowl cat round single bowl thickened eco-friendly dog 사발 pet supplies dog accessories,solid color pet bowl,4.9,352,24 sold,15,24.0,Alimentação,Cachorro
solid color simple style automatic feeder drinker dog bowl pet double bowl cat bowl pet bowl pet supplies pet accessories,solid color simple style automatic feeder drinker dog bowl pet double bowl cat bowl pet bowl pet supplies pet accessories,solid color simple style,4.6,10064,150 sold,128,150.0,Alimentação,Cachorro
solid color two-in-one pet car seat belt nylon lead leash backseat safety belt adjustable dogs harness collar pet accessories,solid color two-in-one pet car seat belt nylon lead leash backseat safety belt adjustable dogs harness collar pet accessories,solid color two-in-one pet,4.8,5380,"2,000+ sold2,000+ sold",42820,4000.0,Acessórios,Cachorro
solid wood pet basket double-layer cat hammock detachable and washable cat bed wooden cat swing household pet toys,solid wood pet basket double-layer cat hammock detachable and washable cat bed wooden cat swing household pet toys,solid wood pet basket,0.0,88317,13 sold,508,13.0,Brinquedos,Gato
south korea style lace dog bandana adjustable dog collar pet supplies printed cat scarf dog accessories small medium pet,south korea style lace dog bandana adjustable dog collar pet supplies printed cat scarf dog accessories small medium pet,south korea style lace,5.0,43,31 sold,167,31.0,Acessórios,Cachorro
spiral slow feeder prevent obesity pet slow food feeder dog cat with suction cup pet feeder anti-choke insert pet supplies,spiral slow feeder prevent obesity pet slow food feeder dog cat with suction cup pet feeder anti-choke insert pet supplies,spiral slow feeder prevent,4.7,10003,193 sold,165,193.0,Alimentação,Cachorro
splicing cat toy felt pom nest deformable kitten tunnel collapsible tube house tunnel interactive pet pusscat security sense,splicing cat toy felt pom nest deformable kitten tunnel collapsible tube house tunnel interactive pet pusscat security sense,splicing cat toy felt,4.5,196431,500+ sold,8096,500.0,Brinquedos,Gato
sport ball launcher dog toy highly flexible pet interactive training supplies suit balls combination,sport ball launcher dog toy highly flexible pet interactive training supplies suit balls combination,sport ball launcher dog,5.0,5427,21 sold,368,21.0,Brinquedos,Cachorro
squeaky dog toys oxford cloth chew cleaning teeth toy puppy training interactive supplies pet snake shape bite resistant toys,squeaky dog toys oxford cloth chew cleaning teeth toy puppy training interactive supplies pet snake shape bite resistant toys,squeaky dog toys oxford,4.7,129,266 sold,45,266.0,Brinquedos,Cachorro
squeaky pet dog interactive chew toy puppy bite resistant thorn barbed tooth cleaning toy tpr molar chew toys for dogs,squeaky pet dog interactive chew toy puppy bite resistant thorn barbed tooth cleaning toy tpr molar chew toys for dogs,squeaky pet dog interactive,4.7,105,"2,000+ sold",1121,2000.0,Brinquedos,Cachorro
stainless steel cat litter scoop with  long handle kitten sifter sifter litter scooper  for rabbits pets supplies bunny,stainless steel cat litter scoop with  long handle kitten sifter sifter litter scooper  for rabbits pets supplies bunny,stainless steel cat litter,4.6,56,100 sold,39,100.0,Sanitário,Gato
stainless steel cat litter shovel durable litter scooper pets supplies for lizards kitten kitty dogs waste instant cleaning tool,stainless steel cat litter shovel durable litter scooper pets supplies for lizards kitten kitty dogs waste instant cleaning tool,stainless steel cat litter,1.5666666666666667,321,12 sold6 sold800+ sold,629,818.0,Higiene,Cachorro
stainless steel dog bowls feeder cage hanging pet cat bowl water dispenser dog food container cat bowls for puppy dog supplies,stainless steel dog bowls feeder cage hanging pet cat bowl water dispenser dog food container cat bowls for puppy dog supplies,stainless steel dog bowls,4.8,15,36 sold,50,36.0,Alimentação,Cachorro
"stainless steel hair remover brush for dogs and cats, non-slip beauty brush, dog grooming equipment, pet hair removal comb","stainless steel hair remover brush for dogs and cats, non-slip beauty brush, dog grooming equipment, pet hair removal comb",stainless steel hair remover,4.8,66,800+ sold,320,800.0,Higiene,Cachorro
stainless steel pet feeding girls cat puppy supplies two bowls dog food water pet drinking dish small dog accessories,"filles d'alimentation en acier inoxydable pour animaux de compagnie, fournitures pour chat et chiot, deux bols, nourriture et eau pour chien, plat à boire pour animaux de compagnie, accessoires pour petits chiens",stainless steel pet feeding,4.3,10026,83 Vendus,122,83.0,Alimentação,Cachorro
stainless steel water bowl feeder solution dog and cat supplies double bowl pet dog and cat feeding table,stainless steel water bowl feeder solution dog and cat supplies double bowl pet dog and cat feeding table,stainless steel water bowl,5.0,37,45 sold,896,45.0,Alimentação,Cachorro
steamy brush cat electric dog steamer brush grooming for massage pet remove tangles and loose hair supplies products home garden,steamy brush cat electric dog steamer brush grooming for massage pet remove tangles and loose hair supplies products home garden,steamy brush cat electric,4.4,610,161 sold,47,161.0,Higiene,Cachorro
steamy dog brush electric spray cat hair brush 3 in1 dog steamer brush for massage pet grooming removing tangled and loose hair,steamy dog brush electric spray cat hair brush 3 in1 dog steamer brush for massage pet grooming removing tangled and loose hair,steamy dog brush electric,4.6000000000000005,23990,"3,000+ sold7 sold322 sold",2505,3329.0,Higiene,Cachorro
steamy dog brush electric spray cat hair brush magic massage comb 3 in 1 hair removal grooming supplies pet grooming tools,steamy dog brush electric spray cat hair brush magic massage comb 3 in 1 hair removal grooming supplies pet grooming tools,steamy dog brush electric,0.0,1375,28 sold,16,28.0,Higiene,Cachorro
steel needle beauty supplies comb cat hair cat comb dog comb pet dog hair pet brush pet groomer pet hair pet race,steel needle beauty supplies comb cat hair cat comb dog comb pet dog hair pet brush pet groomer pet hair pet race,steel needle beauty supplies,5.0,377,16 sold,89,16.0,Higiene,Cachorro
straw woven cat bed bird nest cat scratching board bowl-shaped pet nest cat toy supplies hand-woven puppy kennel cat straw bed,straw woven cat bed bird nest cat scratching board bowl-shaped pet nest cat toy supplies hand-woven puppy kennel cat straw bed,straw woven cat bed,4.7,39882,64 sold,231,64.0,Brinquedos,Cachorro
sturdy big dog chew rope toy bite resistant pet toys for medium large dogs golden retriever pitbull labrador mascotas supplies,sturdy big dog chew rope toy bite resistant pet toys for medium large dogs golden retriever pitbull labrador mascotas supplies,sturdy big dog chew,4.7,1955,144 sold,623,144.0,Brinquedos,Cachorro
stylish color three head pet toothbrush teddy dog hair brush add bad breath tartar tooth care dog cat cleaning supplies,stylish color three head pet toothbrush teddy dog hair brush add bad breath tartar tooth care dog cat cleaning supplies,stylish color three head,5.0,162,23 sold,5,23.0,Higiene,Cachorro
sucado bow tie dog collar tuxedo bandana adjustable formal puppy triangle neck wear for wedding birthday dress-up cosplay party,sucado bow tie dog collar tuxedo bandana adjustable formal puppy triangle neck wear for wedding birthday dress-up cosplay party,sucado bow tie dog,0.0,2380,20 sold,92,20.0,Acessórios,Cachorro
"suction cup hanging glass cat nest, universal window sill, pet supplies, suction wall, space capsule, four seasons","suction cup hanging glass cat nest, universal window sill, pet supplies, suction wall, space capsule, four seasons",suction cup hanging glass,1.0,3581,1 sold,139,1.0,Outros,Gato
suitable for all seasons summer dog bed closed mattress pet bed dog bed dog mat pet mat removable and washable cat bed,suitable for all seasons summer dog bed closed mattress pet bed dog bed dog mat pet mat removable and washable cat bed,suitable for all seasons,0.0,3000,0 sold,0,0.0,Conforto,Cachorro
summer breathable machine washable pet ice pad dog cat cooling pad pet supplies large small 55x70cm,"coussin de glace respirant lavable en machine pour animaux de compagnie, coussin de refroidissement pour chien et chat, fournitures pour animaux de compagnie, grand et petit, 55x70cm, été",summer breathable machine washable,4.4,23935,56 Vendus,55,56.0,Sanitário,Cachorro
summer pet cooling ice scarf cool ice towel heatstroke dogs cats ice scarf collar adjustable cooling cat collar bib dog supplies,summer pet cooling ice scarf cool ice towel heatstroke dogs cats ice scarf collar adjustable cooling cat collar bib dog supplies,summer pet cooling ice,5.0,105,65 sold,173,65.0,Acessórios,Cachorro
summer pet outdoor walking supplies reflective breathable puppy dog harness and leash set for small dogs  pomeranian schnauzer,summer pet outdoor walking supplies reflective breathable puppy dog harness and leash set for small dogs  pomeranian schnauzer,summer pet outdoor walking,5.0,31995,11 sold,32,11.0,Acessórios,Cachorro
super absorbent pet diaper dog thick pee pads quickdry disposable urine nappy mat for cats dog diapers deodorant pet supplies,super absorbent pet diaper dog thick pee pads quickdry disposable urine nappy mat for cats dog diapers deodorant pet supplies,super absorbent pet diaper,3.5,91,24 sold,9,24.0,Conforto,Cachorro
super absorbent pet diaper dog training pee pads disposable healthy nappy mat for cats dog diapers cage mat pet supplies,super absorbent pet diaper dog training pee pads disposable healthy nappy mat for cats dog diapers cage mat pet supplies,super absorbent pet diaper,2.6,2362,41 sold,498,41.0,Conforto,Cachorro
super cat bed warm pet house kitten cave cushion cat house warm sleeping dog basket tent small dog mat supplies bed for cats,super cat bed warm pet house kitten cave cushion cat house warm sleeping dog basket tent small dog mat supplies bed for cats,super cat bed warm,4.9,31362,700+ sold,3788,700.0,Conforto,Cachorro
super soft dog bed warm thicken pet sofa for small medium dogs cats non-slip cozy cat sleeping mat puppy kennel pet supplies,super soft dog bed warm thicken pet sofa for small medium dogs cats non-slip cozy cat sleeping mat puppy kennel pet supplies,super soft dog bed,5.0,6,30 sold,157,30.0,Conforto,Cachorro
"super soft dog finger toothbrush, teeth cleaning, bad breath care, nontoxic silicone tooth brush, pet supplies, cat cleaning","super soft dog finger toothbrush, teeth cleaning, bad breath care, nontoxic silicone tooth brush, pet supplies, cat cleaning",super soft dog finger,4.9,120,67 sold,116,67.0,Higiene,Cachorro
super soft pet cat bed plush full size washable calm bed donut bed comfortable sleeping artifact suitable for all kinds of cats,super soft pet cat bed plush full size washable calm bed donut bed comfortable sleeping artifact suitable for all kinds of cats,super soft pet cat,4.6,3004,"1,000+ sold",2540,1000.0,Brinquedos,Gato
super soft pet finger toothbrush dog brush bad breath tartar teeth care tool dog pet supplies cepillo para perro,super soft pet finger toothbrush dog brush bad breath tartar teeth care tool dog pet supplies cepillo para perro,super soft pet finger,4.7,2156,"1,000+ sold",835,1000.0,Higiene,Cachorro
super soft pet finger toothbrush dog brush bad breath tartar teeth tool cat toothbrush dog supplies pet accessories,super soft pet finger toothbrush dog brush bad breath tartar teeth tool cat toothbrush dog supplies pet accessories,super soft pet finger,4.7,1113,142 sold,242,142.0,Higiene,Cachorro
super soft pet finger toothbrush teddy dog brush bad breath tartar teeth care tool dog cat cleaning silicagel pet supplies,super soft pet finger toothbrush teddy dog brush bad breath tartar teeth care tool dog cat cleaning silicagel pet supplies,super soft pet finger,4.9,13337,"10,000+ sold2 sold",6480,10002.0,Higiene,Cachorro
super soft pet finger toothbrush teddy dog brush bad breath tartar teeth tool dog cat cleaning pet supplies,super soft pet finger toothbrush teddy dog brush bad breath tartar teeth tool dog cat cleaning pet supplies,super soft pet finger,3.1,9979,2 sold265 sold75 sold,31198,342.0,Higiene,Cachorro
super soft pet toothbrush double head dog brush bad breath tartar teeth tool dog cat cleaning supplies,super soft pet toothbrush double head dog brush bad breath tartar teeth tool dog cat cleaning supplies,super soft pet toothbrush,4.0,10992,20 sold,3,20.0,Higiene,Cachorro
supet interactive training pet toy ring spiked ring dog teeth cleaning pet supplies,supet interactive training pet toy ring spiked ring dog teeth cleaning pet supplies,supet interactive training pet,4.75,871,"283 sold1,000+ sold",635,1283.0,Brinquedos,Cachorro
supet pet chessboard owl cute fun plush toy for indoor and outdoor use,supet pet chessboard owl cute fun plush toy for indoor and outdoor use,supet pet chessboard owl,5.0,21,33 sold,32,33.0,Brinquedos,Outros
support doberman ear erector pet ear correction correct dog ear erector dog supplies dog ear stand up stickers ear care tools,support doberman ear erector pet ear correction correct dog ear erector dog supplies dog ear stand up stickers ear care tools,support doberman ear erector,0.0,4,1 sold,1,1.0,Outros,Cachorro
tease pet hollow sniffing ball dog toys slow food ball small and medium-sized dogs relieve boredom pet supplies,tease pet hollow sniffing ball dog toys slow food ball small and medium-sized dogs relieve boredom pet supplies,tease pet hollow sniffing,4.7,3,107 sold,61,107.0,Brinquedos,Cachorro
teasing cat plastic finger gloves human fake hand cat interactive toys caress cat dog toys little hand pet cat supplies,teasing cat plastic finger gloves human fake hand cat interactive toys caress cat dog toys little hand pet cat supplies,teasing cat plastic finger,0.0,550,2 sold,3,2.0,Brinquedos,Cachorro
teeth whitening dog cat silicone soft toothbrush oral care puppy toothbrush toothpaste pet kit teeth cleaning pet supplies,teeth whitening dog cat silicone soft toothbrush oral care puppy toothbrush toothpaste pet kit teeth cleaning pet supplies,teeth whitening dog cat,4.9,52,297 sold,224,297.0,Higiene,Cachorro
the lizard stuffed cat toy includes blaring paper teeth and bite resistant pet supplies,the lizard stuffed cat toy includes blaring paper teeth and bite resistant pet supplies,the lizard stuffed cat,4.8,17,31 sold,25,31.0,Brinquedos,Gato
the new rainbow rabbit plush mouse toy includes rattonite bite resistant interactive play pet supplies,the new rainbow rabbit plush mouse toy includes rattonite bite resistant interactive play pet supplies,the new rainbow rabbit,4.8,320,700+ sold,195,700.0,Brinquedos,Outros
thick pet car seat travel carrier handbag detachable and washable ultra soft portable cat dog car travel bed safety pet supplies,thick pet car seat travel carrier handbag detachable and washable ultra soft portable cat dog car travel bed safety pet supplies,thick pet car seat,4.8,374,22 sold,49,22.0,Conforto,Cachorro
thicken reusable 3 layers pet diaper pad quickdry urine nappy waterproof pee mat for cats dog diaper deodorant pet supplies,thicken reusable 3 layers pet diaper pad quickdry urine nappy waterproof pee mat for cats dog diaper deodorant pet supplies,thicken reusable 3 layers,4.6,36,136 sold,168,136.0,Conforto,Cachorro
thickened folding pet bowls outdoor pet double bowls tableware travel dog feeder bowls pet supplies portable dog bowls,thickened folding pet bowls outdoor pet double bowls tableware travel dog feeder bowls pet supplies portable dog bowls,thickened folding pet bowls,5.0,1987,76 sold,215,76.0,Alimentação,Cachorro
thickened folding silicone pet bowls outdoor pet double bowls tableware wholesale pet supplies portable dog bowls,thickened folding silicone pet bowls outdoor pet double bowls tableware wholesale pet supplies portable dog bowls,thickened folding silicone pet,4.5,80,67 sold,116,67.0,Alimentação,Cachorro
"thickened pet spray mat, non slip mat for pets, outdoor dog and child spray mat, folding pet dog swimming pool, folding cleaning","thickened pet spray mat, non slip mat for pets, outdoor dog and child spray mat, folding pet dog swimming pool, folding cleaning","thickened pet spray mat,",5.0,28,24 sold,37,24.0,Conforto,Cachorro
thickened tpe folding silicone pet bowls outdoor pet double bowls pet supplies portable cat dog bowls travel and indoor use,thickened tpe folding silicone pet bowls outdoor pet double bowls pet supplies portable cat dog bowls travel and indoor use,thickened tpe folding silicone,4.7,68,30 sold,22,30.0,Alimentação,Cachorro
three-piece pet toy dog toy bone thorn rod thunder ball interactive sound grinding teeth bite resistant boring toy,three-piece pet toy dog toy bone thorn rod thunder ball interactive sound grinding teeth bite resistant boring toy,three-piece pet toy dog,0.0,200,0 sold,0,0.0,Brinquedos,Cachorro
tick remover tool professional tick removal tweezers for humans & pets pets flea and tick removal tick remover tools,tick remover tool professional tick removal tweezers for humans & pets pets flea and tick removal tick remover tools,tick remover tool professional,5.0,291,95 sold,14,95.0,Outros,Outros
toilet bed mat cover outdoor travel absorbency pets mats washable pee pad training pads dog pet supplies,toilet bed mat cover outdoor travel absorbency pets mats washable pee pad training pads dog pet supplies,toilet bed mat cover,4.8,111,45 sold,72,45.0,Conforto,Cachorro
total petwound healing protection cone dog smart collar dog accessories  pet supplies petaccessories,total petwound healing protection cone dog smart collar dog accessories  pet supplies petaccessories,total petwound healing protection,4.8,38,29 sold,2,29.0,Acessórios,Cachorro
toua choice double layer eva cat litter pad bed cats large 75cm waterproof sand basin filter kitten dog pet products accessories,toua choice double layer eva cat litter pad bed cats large 75cm waterproof sand basin filter kitten dog pet products accessories,toua choice double layer,4.7,251,"2,000+ sold",3980,2000.0,Conforto,Cachorro
toua choice interactive pet toy cat tunnel cat nest wear-resistant polyester material with funny cat ball funny cat supply,toua choice interactive pet toy cat tunnel cat nest wear-resistant polyester material with funny cat ball funny cat supply,toua choice interactive pet,5.0,23,21 sold,23,21.0,Brinquedos,Gato
toua choice xs/m dog collar usb rechargeable light up led collar lights adjustable soft safety night light flashing pet supplies,toua choice xs/m dog collar usb rechargeable light up led collar lights adjustable soft safety night light flashing pet supplies,toua choice xs/m dog,4.7,1282,"3,000+ sold",1394,3000.0,Acessórios,Cachorro
"tower dog house furniture with mats, double door, wooden kennel table, end table dog house furniture, indoor dog cage","tower dog house furniture with mats, double door, wooden kennel table, end table dog house furniture, indoor dog cage",tower dog house furniture,0.0,198,1 sold,6,1.0,Conforto,Cachorro
tracheal intubation stent for pet animals tracheal intubation fixed stent thickened 304 stainless steel,tracheal intubation stent for pet animals tracheal intubation fixed stent thickened 304 stainless steel,tracheal intubation stent for,5.0,931,56 sold,67,56.0,Outros,Outros
training collar dog 800m anti bark dog collar waterproof with pet rechargeable pet remote control electric collar for dogs,training collar dog 800m anti bark dog collar waterproof with pet rechargeable pet remote control electric collar for dogs,training collar dog 800m,4.5,1018,263 sold,2523,263.0,Acessórios,Cachorro
translucent pocket dog leash pet accessories 2.5m automatic extending nylon mini walking leash pet supplies for cats puppy,translucent pocket dog leash pet accessories 2.5m automatic extending nylon mini walking leash pet supplies for cats puppy,translucent pocket dog leash,4.9,74,66 sold,157,66.0,Acessórios,Cachorro
transparent cat bowl for cats dogs feeders non-slip with stand base pet food and water bowls pet supplies,transparent cat bowl for cats dogs feeders non-slip with stand base pet food and water bowls pet supplies,transparent cat bowl for,4.8,1,229 sold,250,229.0,Alimentação,Cachorro
triangle electrostatic dog hair cleaner carpet scraper pet hair cleaner animal hair brush pet remover brush pet supplies,triangle electrostatic dog hair cleaner carpet scraper pet hair cleaner animal hair brush pet remover brush pet supplies,triangle electrostatic dog hair,5.0,300,23 sold,3,23.0,Higiene,Cachorro
triangular clip hanging door mouse funny cat toy swing mouse funny cat stick hanging elastic toys for cats pet products,triangular clip hanging door mouse funny cat toy swing mouse funny cat stick hanging elastic toys for cats pet products,triangular clip hanging door,0.0,17471,0 sold,0,0.0,Brinquedos,Gato
"triple cat bowls pet feeder, 2-in-1 double bowls with automatic drinking bottle, tilted and rotatable design for cats and dogs","triple cat bowls pet feeder, 2-in-1 double bowls with automatic drinking bottle, tilted and rotatable design for cats and dogs",triple cat bowls pet,4.6,38,320 sold,444,320.0,Alimentação,Cachorro
tunnel cat nest winter warm removable washable bed cat shelter closed house autumn and winter mat pet supplies accessories,tunnel cat nest winter warm removable washable bed cat shelter closed house autumn and winter mat pet supplies accessories,tunnel cat nest winter,4.4,212,138 sold,1468,138.0,Conforto,Gato
two-in-one nylon adjustable dogs harness collar pet dog accessories pet car seat belt lead leash backseat safety belt,two-in-one nylon adjustable dogs harness collar pet dog accessories pet car seat belt lead leash backseat safety belt,two-in-one nylon adjustable dogs,4.8,2056,500+ sold,3783,500.0,Acessórios,Cachorro
two-sided dog comb hair removal brush flea comb cats pet supplies grooming fine-toothed pet comb cleaning tool dogs lice brush,two-sided dog comb hair removal brush flea comb cats pet supplies grooming fine-toothed pet comb cleaning tool dogs lice brush,two-sided dog comb hair,5.0,966,40 sold,106,40.0,Higiene,Cachorro
type-c charge 3hours endurance bouncy ball insteresting play with dog's ownself electronic ball launcher dog's happy toy,type-c charge 3hours endurance bouncy ball insteresting play with dog's ownself electronic ball launcher dog's happy toy,type-c charge 3hours endurance,0.0,11,13 sold,35,13.0,Brinquedos,Cachorro
ufbemo pet cat bowl cute drinking water feeding bowl ceramics cat food dog food utensils cat dog pet supplies accessories,ufbemo pet cat bowl cute drinking water feeding bowl ceramics cat food dog food utensils cat dog pet supplies accessories,ufbemo pet cat bowl,4.3,8,41 sold,76,41.0,Alimentação,Cachorro
ulmpp cat double bowl with stand and mat pet kitten puppy ceramic food feeding dish metal elevated water feeder dog supplies,ulmpp cat double bowl with stand and mat pet kitten puppy ceramic food feeding dish metal elevated water feeder dog supplies,ulmpp cat double bowl,5.0,108,35 sold,59,35.0,Alimentação,Cachorro
"ultra-fine microfiber pet towel - perfect for bathing and cleaning, ideal for cats and dogs","ultra-fine microfiber pet towel - perfect for bathing and cleaning, ideal for cats and dogs",ultra-fine microfiber pet towel,0.0,1493,3 sold,31,3.0,Higiene,Cachorro
ultra-quiet cat water fountain filter smart automatic pet dog water dispenser&burnout prevention pump1.5l recirculate filtrin,ultra-quiet cat water fountain filter smart automatic pet dog water dispenser&burnout prevention pump1.5l recirculate filtrin,ultra-quiet cat water fountain,4.6,2572,"10,000+ sold",31902,10000.0,Conforto,Cachorro
ultrasonic bark arrester lightweight with led flashlight dog repeller portable dog bark control device for pet training supplies,ultrasonic bark arrester lightweight with led flashlight dog repeller portable dog bark control device for pet training supplies,ultrasonic bark arrester lightweight,3.7,161,27 sold,11,27.0,Outros,Cachorro
ultrasonic dog repeller led flashlight pet chaser training equipment double head anti barking device dog supplies german shepher,ultrasonic dog repeller led flashlight pet chaser training equipment double head anti barking device dog supplies german shepher,ultrasonic dog repeller led,4.5,6,19 sold,5,19.0,Outros,Cachorro
usb charging led dog collar anti-lost safety night light luminous dogs necklace adjustable nylon pet glowing collars supplies,usb charging led dog collar anti-lost safety night light luminous dogs necklace adjustable nylon pet glowing collars supplies,usb charging led dog,4.7,15000,103 sold,33,103.0,Acessórios,Cachorro
usb charging led dog collar dog safety night light flashing necklace fluorescent collars pet supplies,usb charging led dog collar dog safety night light flashing necklace fluorescent collars pet supplies,usb charging led dog,4.6,241798,"2,000+ sold",3420,2000.0,Acessórios,Cachorro
usb rechargeable electronic interactive pet toy pet toy interactive pet ball toy self moving motion activated ball pet supplies,usb rechargeable electronic interactive pet toy pet toy interactive pet ball toy self moving motion activated ball pet supplies,usb rechargeable electronic interactive,4.8,196,219 sold,195,219.0,Brinquedos,Outros
usb rechargeable gravitational rolling ball for pet automatic moving bouncing toy ball for dog cat,usb rechargeable gravitational rolling ball for pet automatic moving bouncing toy ball for dog cat,usb rechargeable gravitational rolling,0.0,198,0 sold,0,0.0,Brinquedos,Cachorro
very soft cat bed pet basket cat house sofa small dog lounger cushion kittens cave puppy mat house tent bed supplies for cats,very soft cat bed pet basket cat house sofa small dog lounger cushion kittens cave puppy mat house tent bed supplies for cats,very soft cat bed,4.8,29311,500+ sold,845,500.0,Conforto,Cachorro
vevor dog ramp folding ladder anti-slip high adjustable wooden pet ramp removable for small old dog climbing stairs sofa car bed,vevor dog ramp folding ladder anti-slip high adjustable wooden pet ramp removable for small old dog climbing stairs sofa car bed,vevor dog ramp folding,5.0,1782,10 sold,104,10.0,Conforto,Cachorro
vevor pet cat carrier breathable outgoing dog carry backpack with telescopic handle wheels and shoulder strap for travel trip,vevor pet cat carrier breathable outgoing dog carry backpack with telescopic handle wheels and shoulder strap for travel trip,vevor pet cat carrier,5.0,12776,30 sold,281,30.0,Outros,Cachorro
vevor portable foldable pet playpen tent crate kennel waterproof puppy shelter for dog cat cages indoor outdoor travel camping,vevor portable foldable pet playpen tent crate kennel waterproof puppy shelter for dog cat cages indoor outdoor travel camping,vevor portable foldable pet,5.0,7140,6 sold,56,6.0,Outros,Cachorro
vip dog collar puppy 68cm 37cm for small dogs cats collar  pet accessories supplies suppliers,vip dog collar puppy 68cm 37cm for small dogs cats collar  pet accessories supplies suppliers,vip dog collar puppy,4.5,951,304 sold,35,304.0,Acessórios,Cachorro
"vip pet cat dog flea and tick remover collar,necklace adjustable  repellent mosquitoes dog collar for puppy cat big dog products","vip pet cat dog flea and tick remover collar,necklace adjustable  repellent mosquitoes dog collar for puppy cat big dog products",vip pet cat dog,4.7,567,80 sold,189,80.0,Acessórios,Cachorro
"walk thru pet gate, extendable wide, includes extension kit, pack pressure mount kit,","walk thru pet gate, extendable wide, includes extension kit, pack pressure mount kit,","walk thru pet gate,",0.0,150,0 sold,1,0.0,Outros,Outros
warm banana shaped dog cat bed cozy basket puppy kittens cushion kennel portable pet sleeping mat bed cats supplies,warm banana shaped dog cat bed cozy basket puppy kittens cushion kennel portable pet sleeping mat bed cats supplies,warm banana shaped dog,5.0,1056,28 sold,49,28.0,Conforto,Cachorro
warm dog harness vest winter dog harnesses soft padded pet training harnesses vests adjustable for small large dogs bulldog pug,warm dog harness vest winter dog harnesses soft padded pet training harnesses vests adjustable for small large dogs bulldog pug,warm dog harness vest,4.7,3688,600+ sold,1653,600.0,Acessórios,Cachorro
warm long plush pet bed enclosed round cat cushion comfortable sleep bag cat nest kennel for small pet,warm long plush pet bed enclosed round cat cushion comfortable sleep bag cat nest kennel for small pet,warm long plush pet,4.3,1370,"4,000+ sold",5708,4000.0,Brinquedos,Gato
warm soft pet dog blanket mat plush thin pet sleeping blanket for dogs cats warm breathable cat cover blanket pet dog supplies,warm soft pet dog blanket mat plush thin pet sleeping blanket for dogs cats warm breathable cat cover blanket pet dog supplies,warm soft pet dog,4.7,204,600+ sold,587,600.0,Brinquedos,Cachorro
warm thickened cat bed multifunctional foldable pet mat for cats small dogs indoor kitten bed cat sleeping mat pet supplies,warm thickened cat bed multifunctional foldable pet mat for cats small dogs indoor kitten bed cat sleeping mat pet supplies,warm thickened cat bed,4.8,18,62 sold,174,62.0,Conforto,Cachorro
washable dog bed thickened dog mat pet cat soft fleece pad blanket mat cushion home bed rug keep warm pet supplies cama perro,washable dog bed thickened dog mat pet cat soft fleece pad blanket mat cushion home bed rug keep warm pet supplies cama perro,washable dog bed thickened,4.9,256,207 sold,888,207.0,Conforto,Cachorro
waste bags dispenser flashlight poop break holder supplies shape garbage carrier pick-up leash outdoor for dog,waste bags dispenser flashlight poop break holder supplies shape garbage carrier pick-up leash outdoor for dog,waste bags dispenser flashlight,0.0,16,2 sold,5,2.0,Acessórios,Cachorro
waste bags dispenser flashlight poop connection holder pet litter box with light pet leash pendant outdoor equipment dog,waste bags dispenser flashlight poop connection holder pet litter box with light pet leash pendant outdoor equipment dog,waste bags dispenser flashlight,4.5,11,14 sold,6,14.0,Acessórios,Cachorro
water dispenser pet fountain dog waterer supplies for dogs fountains cats drinking,water dispenser pet fountain dog waterer supplies for dogs fountains cats drinking,water dispenser pet fountain,5.0,44,27 sold,18,27.0,Outros,Cachorro
waterproof dog car seat cover pad double-sided fabric kennel pet supplies travel car seat protector anti-scratch mat,waterproof dog car seat cover pad double-sided fabric kennel pet supplies travel car seat protector anti-scratch mat,waterproof dog car seat,4.3,155,96 sold,1271,96.0,Conforto,Cachorro
waterproof pet mat for dog cat silicone pet food pad pet bowl drinking mat dog feeding placemat easy washing,waterproof pet mat for dog cat silicone pet food pad pet bowl drinking mat dog feeding placemat easy washing,waterproof pet mat for,4.8,59970,18 sold,9,18.0,Alimentação,Cachorro
waterproof pet mat for dog cat solid color silicone pet food feeding pad pet bowl drinking mat portable dog feeding mat placemat,waterproof pet mat for dog cat solid color silicone pet food feeding pad pet bowl drinking mat portable dog feeding mat placemat,waterproof pet mat for,4.8,139,200 sold,174,200.0,Alimentação,Cachorro
"welded rectangular outdoor wire crate kennel for cat,  black,  102 x 48 x 72 inches, dog large","welded rectangular outdoor wire crate kennel for cat,  black,  102 x 48 x 72 inches, dog large",welded rectangular outdoor wire,0.0,10,0 sold,0,0.0,Outros,Cachorro
white rake comb for dogs brush short long hair fur shedding remove cat dog brush grooming tools pet dog supplies,white rake comb for dogs brush short long hair fur shedding remove cat dog brush grooming tools pet dog supplies,white rake comb for,5.0,14,22 sold,4,22.0,Higiene,Cachorro
wholesale 100/50/20 cute adjustable dog cat bow tie neck ties dogs puppy bowties pets grooming accessories pet dog supplies,wholesale 100/50/20 cute adjustable dog cat bow tie neck ties dogs puppy bowties pets grooming accessories pet dog supplies,wholesale 100/50/20 cute adjustable,4.9,62370,209 sold,132,209.0,Higiene,Cachorro
wholesale 100pcs bone pet id tag blank engraved stainless steel  pet supplies puppy cat collar accessory pet name pendant custom,wholesale 100pcs bone pet id tag blank engraved stainless steel  pet supplies puppy cat collar accessory pet name pendant custom,wholesale 100pcs bone pet,5.0,23357,65 sold,411,65.0,Acessórios,Cachorro
wholesale 100pcs dog id tags laser engraving bone tags name plate personalized customized name id tags dogs pendant pet tag,wholesale 100pcs dog id tags laser engraving bone tags name plate personalized customized name id tags dogs pendant pet tag,wholesale 100pcs dog id,4.9,683149,471 sold,1255,471.0,Outros,Cachorro
wholesale 20pcs dog cat tag pet dog collar accessories personalized paw shape id tags name no. telephone tags for dog supplies,wholesale 20pcs dog cat tag pet dog collar accessories personalized paw shape id tags name no. telephone tags for dog supplies,wholesale 20pcs dog cat,4.8,26760,65 sold,127,65.0,Acessórios,Cachorro
wholesale 20pcs round shape charm pet tags diy tags pet shop tags pet dog cat tag id aluminum phone telephone supplies alloy,wholesale 20pcs round shape charm pet tags diy tags pet shop tags pet dog cat tag id aluminum phone telephone supplies alloy,wholesale 20pcs round shape,5.0,19597,36 sold,17,36.0,Outros,Cachorro
wholesale 96pcs pet dog cat puppy accessories remove pet flower collar charms pet dog bow tie collar pet decoration supplies,wholesale 96pcs pet dog cat puppy accessories remove pet flower collar charms pet dog bow tie collar pet decoration supplies,wholesale 96pcs pet dog,5.0,599774,31 sold,154,31.0,Acessórios,Cachorro
windmill cat toy interactive pet toys for cats puzzle cat game toy with whirligig turntable for kitten brush teeth pet supplies,windmill cat toy interactive pet toys for cats puzzle cat game toy with whirligig turntable for kitten brush teeth pet supplies,windmill cat toy interactive,4.633333333333334,3913,280 sold128 sold37 sold,7175,445.0,Brinquedos,Gato
winter jumpsuit for dogs four legs warm pet dog clothes for small dogs down overalls for chihuahua pug flannel soft dog costume,winter jumpsuit for dogs four legs warm pet dog clothes for small dogs down overalls for chihuahua pug flannel soft dog costume,winter jumpsuit for dogs,4.9,14989,369 sold,2274,369.0,Acessórios,Cachorro
winter pet cat bed foldable dog house dog villa sleep kennel removable nest warm enclosed cave sofa big dog kennel pet supplies,winter pet cat bed foldable dog house dog villa sleep kennel removable nest warm enclosed cave sofa big dog kennel pet supplies,winter pet cat bed,4.7,1238,167 sold,377,167.0,Conforto,Cachorro
winter plush insulation circular pet litter mat dog bed soft comfortable thickened pp cotton breathable cat bed dog accessories,winter plush insulation circular pet litter mat dog bed soft comfortable thickened pp cotton breathable cat bed dog accessories,winter plush insulation circular,5.0,17981,15 sold,34,15.0,Brinquedos,Cachorro
winter rectangular large dog beds washable plush fluffy dog cat bed mat pet cushion big medium kennel house camas para perro,winter rectangular large dog beds washable plush fluffy dog cat bed mat pet cushion big medium kennel house camas para perro,winter rectangular large dog,4.7,7967,500+ sold,1656,500.0,Brinquedos,Cachorro
winter warm cat house super soft cozy cat sleeping cave thicken cute kitten puppy tents windproof cat bed nest pet supplies,winter warm cat house super soft cozy cat sleeping cave thicken cute kitten puppy tents windproof cat bed nest pet supplies,winter warm cat house,4.5,3,21 sold,88,21.0,Conforto,Cachorro
winter warm pet clothes for small dogs pet dog knitted sweater puppy cat sweater schnauzer chihuahua tdeey yorkie pets costume,winter warm pet clothes for small dogs pet dog knitted sweater puppy cat sweater schnauzer chihuahua tdeey yorkie pets costume,winter warm pet clothes,5.0,682,30 sold,28,30.0,Acessórios,Cachorro
winter warm plush pet round polymers dog kennel cat bed pet supplies,"polymères ronds chauds en peluche pour animaux de compagnie, chenil pour chien, lit pour chat, fournitures pour animaux de compagnie, hiver",winter warm plush pet,5.0,2025,3 Vendus,2,3.0,Brinquedos,Cachorro
with 4 way lock security flap door dog cat flap door for dog cat kitten cat puppy safety gate small pet supplies abs plastic,with 4 way lock security flap door dog cat flap door for dog cat kitten cat puppy safety gate small pet supplies abs plastic,with 4 way lock,3.675,1796,"1 sold19 sold1,000+ sold26 sold",1601,1046.0,Outros,Cachorro
with 4 way lock security flap door for dog cat kitten cat puppy safety gate dog cat flap door small pet supplies abs plastic,with 4 way lock security flap door for dog cat kitten cat puppy safety gate dog cat flap door small pet supplies abs plastic,with 4 way lock,5.0,85,16 sold,10,16.0,Outros,Cachorro
wooden space clear capsule holder diy modern cat shelves hammock pets bed,wooden space clear capsule holder diy modern cat shelves hammock pets bed,wooden space clear capsule,0.0,2,1 sold,3,1.0,Conforto,Gato
xs-3xl warm soft pet bed mats plush pet sleeping mat for dog bed for small large dogs blanket cat bed  warm cat mat cushion,xs-3xl warm soft pet bed mats plush pet sleeping mat for dog bed for small large dogs blanket cat bed  warm cat mat cushion,xs-3xl warm soft pet,4.5,167,"1,000+ sold",782,1000.0,Brinquedos,Cachorro
"yegbong pet wet wipe multipurpose pet cleaning wet wipe deodorizing, ear mite, ear smear, and eye smear","yegbong pet wet wipe multipurpose pet cleaning wet wipe deodorizing, ear mite, ear smear, and eye smear",yegbong pet wet wipe,0.0,10,0 sold,2,0.0,Higiene,Outros
"yellow duck bubble pet cleaning machine, usb charging, automatic soap dispenser cat machine, electric bubble cleaning, pet accessories","yellow duck bubble pet cleaning machine, usb charging, automatic soap dispenser cat machine, electric bubble cleaning, pet accessories",yellow duck bubble pet,5.0,70,52 sold,41,52.0,Conforto,Gato
zjsf house independent folding  ultra wide wooden white indoor dog staircase  pet door dog 3 fences,zjsf house independent folding  ultra wide wooden white indoor dog staircase  pet door dog 3 fences,zjsf house independent folding,0.0,300,0 sold,0,0.0,Outros,Cachorro
